Name,Url,Authority,Started On,Finished On,License Number
CSS certification ,,HackerRank,Aug 2024,,
Certificate of Participation in TATA Crucible Campus Quiz 2024,https://unstop.com/certificate-preview/d708a94d-e909-4826-b78f-9c15fd246690,Unstop ,Sep 2024,,d708a94d-e909-4826-b78f-9c15fd246690
Post man API certification,,Postman,Oct 2024,,srivaishnavi0602
Contributor @GSSoC,,GirlScript Summer of Code,Nov 2024,,
Prompt Engineering ,,Great Learning,Nov 2024,,
Responsive Web Design,https://freecodecamp.org/certification/fcc52b2bb24-e79c-42be-9bbb-e01f23dd7471/responsive-web-design,freeCodeCamp,Dec 2024,,fcc52b2bb24-e79c-42be-9bbb-e01f23dd7471-rwd
Certificate of Participation in Tata Imagination Challenge 2024: Student Track of Tata Imagination Challenge 2024,https://unstop.com/certificate-preview/9d22ecda-c920-47b5-aab4-4dcf356f0aba?utm_campaign,Unstop ,Dec 2024,,9d22ecda-c920-47b5-aab4-4dcf356f0aba
"HTML, CSS bootcamp",,LetsUpgrade,Jan 2025,,
CSS3 certification ,,Infosys,Jan 2025,,
Introduction to Programming Using JavaScript,,Infosys,Jan 2025,,
Certificate of Participation in Weekly Coding Challenge 8 of Weekly Coding Challenge,https://unstop.com/certificate-preview/9df77e17-0242-4b2f-bf51-4df3558032da?utm_campaign,Unstop ,Jan 2025,,9df77e17-0242-4b2f-bf51-4df3558032da
Contributor @ACWOC,,Android Club - VIT Bhopal,Feb 2025,,
Nptel dsa python certificate,,NPTEL,Apr 2025,,
GFG 160 DAYS,,GeeksforGeeks,May 2025,,
