Date,Link,Message
2025-06-11 12:57:10,https://www.linkedin.com/feed/update/urn%3Ali%3AugcPost%3A7338379436930551808,"Congratulations brother 🎉👏🏻 
Keep going, I am sure your subscribers will increase given your consistency and knowledge 👍🏻"
2025-06-10 16:52:46,https://www.linkedin.com/feed/update/urn%3Ali%3Aactivity%3A7338126825723748353,Eswar Prasad Thank you 😊
2025-06-10 16:52:39,https://www.linkedin.com/feed/update/urn%3Ali%3Aactivity%3A7338126825723748353,Lakshmi Srinidhi You are welcome 😊
2025-06-10 16:52:23,https://www.linkedin.com/feed/update/urn%3Ali%3Aactivity%3A7338126825723748353,DhivyaSaravanan S My pleasure 😊
2025-06-05 07:29:18,https://www.linkedin.com/feed/update/urn%3Ali%3AugcPost%3A7335672027741122560,The website is clean and amazing 👏🏻
2025-06-03 08:34:03,https://www.linkedin.com/feed/update/urn%3Ali%3AugcPost%3A7335564170257444864,Manoj Kumar Perisetla Thank you 😊
2025-06-02 15:58:32,https://www.linkedin.com/feed/update/urn%3Ali%3AugcPost%3A7335307878242611200,Vaishali Kadam yeah 😅 2 others too 😂
2025-06-02 15:22:34,https://www.linkedin.com/feed/update/urn%3Ali%3AugcPost%3A7335307878242611200,SHAIK SOHIN ❤️
2025-06-02 15:22:16,https://www.linkedin.com/feed/update/urn%3Ali%3AugcPost%3A7335307878242611200,SHAIK SOHIN Thank you 😊
2025-06-02 15:22:04,https://www.linkedin.com/feed/update/urn%3Ali%3AugcPost%3A7335307878242611200,Akash Umrao True 💯
2025-06-02 15:21:49,https://www.linkedin.com/feed/update/urn%3Ali%3AugcPost%3A7335307878242611200,"Barkilign Mulatu My pleasure, we need to continue inspiring others 😊"
2025-06-02 11:35:27,https://www.linkedin.com/feed/update/urn%3Ali%3AugcPost%3A7332467352250245120,DhivyaSaravanan S Grateful to hear that 😊
2025-06-02 11:34:32,https://www.linkedin.com/feed/update/urn%3Ali%3AugcPost%3A7326228608857849857,Nitin Kumar Happy to hear that! 😊
2025-05-30 05:43:49,https://www.linkedin.com/feed/update/urn%3Ali%3AugcPost%3A7332467352250245120,Manoj Kumar Perisetla Thank you 😊
2025-05-30 03:37:23,https://www.linkedin.com/feed/update/urn%3Ali%3Aactivity%3A7333519120992260098,IN
2025-05-28 11:52:33,https://www.linkedin.com/feed/update/urn%3Ali%3AugcPost%3A7332467352250245120,"Thanks a lot Zoya Fathima , your words meant a lot, Glad to hear that you learnt something 😊"
2025-05-24 13:33:35,https://www.linkedin.com/feed/update/urn%3Ali%3AugcPost%3A7331920634316230657,Manasa Darni Thank you 😊
2025-05-24 11:11:41,https://www.linkedin.com/feed/update/urn%3Ali%3AugcPost%3A7331920634316230657,Lavanya Anna Thank you 😊
2025-05-24 07:08:39,https://www.linkedin.com/feed/update/urn%3Ali%3AugcPost%3A7331920634316230657,Harshit Maurya You're welcome 😊
2025-05-24 07:08:22,https://www.linkedin.com/feed/update/urn%3Ali%3AugcPost%3A7331920634316230657,Tracy Machaya Thank you 😊
2025-05-23 09:48:40,https://www.linkedin.com/feed/update/urn%3Ali%3Aactivity%3A7331548269795270656,Placement
2025-05-22 08:39:13,https://www.linkedin.com/feed/update/urn%3Ali%3AugcPost%3A7327696830060736512,Manoj Kumar Perisetla Thank you 😊
2025-05-22 07:30:36,https://www.linkedin.com/feed/update/urn%3Ali%3AugcPost%3A7328314327814369280,"Sai Siddhu Ragipani Yeah, the question was indeed great, 
Welcome 
Glad that the explanation was understandable 😊"
2025-05-21 14:48:02,https://www.linkedin.com/feed/update/urn%3Ali%3AugcPost%3A7327696830060736512,Ruchika Kengal Thank you 😊
2025-05-20 05:58:08,https://www.linkedin.com/feed/update/urn%3Ali%3AugcPost%3A7330461542758481920,Akshay Kumar You're welcome 😄
2025-05-20 05:08:44,https://www.linkedin.com/feed/update/urn%3Ali%3Aactivity%3A7330288649940418560,Sneha Verma You're welcome 🤗
2025-05-20 04:04:47,https://www.linkedin.com/feed/update/urn%3Ali%3AugcPost%3A7329908501701353472,Sai Siddhu Ragipani Thank you 😊
2025-05-20 03:11:37,https://www.linkedin.com/feed/update/urn%3Ali%3Aactivity%3A7330288649940418560,Vaishali Kadam Thank you 😊
2025-05-20 03:11:31,https://www.linkedin.com/feed/update/urn%3Ali%3Aactivity%3A7330288649940418560,Harish Krishnan C Thank you 😊
2025-05-19 14:39:37,https://www.linkedin.com/feed/update/urn%3Ali%3AugcPost%3A7329908501701353472,Akshay Kumar Thank you 😊
2025-05-19 14:39:15,https://www.linkedin.com/feed/update/urn%3Ali%3Aactivity%3A7329356232773783552,Akshay Kumar Thank you 😊
2025-05-19 03:57:33,https://www.linkedin.com/feed/update/urn%3Ali%3AugcPost%3A7329908501701353472,Vinith Gunturu Thank you 😊
2025-05-19 03:03:19,https://www.linkedin.com/feed/update/urn%3Ali%3AugcPost%3A7329908501701353472,AMAN SINGH Thank you 😊
2025-05-18 17:33:33,https://www.linkedin.com/feed/update/urn%3Ali%3AugcPost%3A7329908501701353472,Hemalatha Venkatesan Thank you 😊
2025-05-18 14:09:32,https://www.linkedin.com/feed/update/urn%3Ali%3AugcPost%3A7329865455483965441,Congrats GEETIKAA! 🎉
2025-05-18 08:22:25,https://www.linkedin.com/feed/update/urn%3Ali%3AugcPost%3A7329696137165131776,Congrats Zoya! 🎉
2025-05-18 03:45:00,https://www.linkedin.com/feed/update/urn%3Ali%3Aactivity%3A7329356232773783552,Subhodeep Ghosh Thank you 😊
2025-05-17 18:27:33,https://www.linkedin.com/feed/update/urn%3Ali%3Aactivity%3A7329356232773783552,Vaishnavi Pasupureddi Thank you 😊
2025-05-17 18:27:27,https://www.linkedin.com/feed/update/urn%3Ali%3Aactivity%3A7329356232773783552,Shahid Khan Thank you 😊
2025-05-17 18:27:19,https://www.linkedin.com/feed/update/urn%3Ali%3Aactivity%3A7329356232773783552,Renu Kumari Prajapati Thank you 😊
2025-05-17 18:27:09,https://www.linkedin.com/feed/update/urn%3Ali%3Aactivity%3A7329356232773783552,Tracy Machaya Thank you 😊
2025-05-17 11:56:53,https://www.linkedin.com/feed/update/urn%3Ali%3Aactivity%3A7329356232773783552,DhivyaSaravanan S Thank you 😊
2025-05-17 11:56:47,https://www.linkedin.com/feed/update/urn%3Ali%3Aactivity%3A7329356232773783552,Harish Krishnan C Thank you 😊
2025-05-17 11:56:38,https://www.linkedin.com/feed/update/urn%3Ali%3Aactivity%3A7329356232773783552,Shiv Mehrotra Thank you 😊
2025-05-17 07:10:18,https://www.linkedin.com/feed/update/urn%3Ali%3Aactivity%3A7329356232773783552,Mehul Sukhadia Thank you 😊
2025-05-17 07:10:12,https://www.linkedin.com/feed/update/urn%3Ali%3Aactivity%3A7329356232773783552,Nitin Kumar Thank you 😊
2025-05-17 07:10:06,https://www.linkedin.com/feed/update/urn%3Ali%3Aactivity%3A7329356232773783552,Md Zishan Azam Thank you 😊
2025-05-17 07:09:55,https://www.linkedin.com/feed/update/urn%3Ali%3Aactivity%3A7329356232773783552,Pavani Bandarupally Thank you 😊
2025-05-17 07:09:48,https://www.linkedin.com/feed/update/urn%3Ali%3Aactivity%3A7329356232773783552,Aditi Sahu Thank you 😊
2025-05-15 16:31:08,https://www.linkedin.com/feed/update/urn%3Ali%3AugcPost%3A7328744700998311936,Well done 👍🏻 congratulations 🎉
2025-05-13 17:30:45,https://www.linkedin.com/feed/update/urn%3Ali%3AugcPost%3A7327696830060736512,Sony(Soni) Gudise Thank you 🤗
2025-05-13 16:34:41,https://www.linkedin.com/feed/update/urn%3Ali%3AugcPost%3A7327696830060736512,Harish Krishnan C Thank you 😊
2025-05-13 15:15:07,https://www.linkedin.com/feed/update/urn%3Ali%3AugcPost%3A7327696830060736512,Anshu Dhattarwal Thank you 😊
2025-05-13 15:14:52,https://www.linkedin.com/feed/update/urn%3Ali%3AugcPost%3A7327696830060736512,Gihan Madhusankha Thank you 😊
2025-05-13 11:51:11,https://www.linkedin.com/feed/update/urn%3Ali%3AugcPost%3A7327696830060736512,"Thank you Zoya, these words meant a lot! 😊"
2025-05-13 06:35:46,https://www.linkedin.com/feed/update/urn%3Ali%3AugcPost%3A7327696830060736512,Shiv Mehrotra Thank you 😊
2025-05-13 04:37:33,https://www.linkedin.com/feed/update/urn%3Ali%3AugcPost%3A7327696830060736512,Tracy Machaya Thank you 😊
2025-05-13 02:01:18,https://www.linkedin.com/feed/update/urn%3Ali%3AugcPost%3A7321033095359410177,"Anuraj Maddheshiya Oh, thank you for the valuable information 😊 I will try to use api and modify my project"
2025-05-13 02:00:22,https://www.linkedin.com/feed/update/urn%3Ali%3AugcPost%3A7321033095359410177,Nitin Kumar Thank you 😊
2025-05-13 02:00:17,https://www.linkedin.com/feed/update/urn%3Ali%3AugcPost%3A7321033095359410177,Biswajit Sarkar Thank you 😊
2025-05-12 15:56:10,https://www.linkedin.com/feed/update/urn%3Ali%3AugcPost%3A7327696830060736512,❤️
2025-05-12 15:17:15,https://www.linkedin.com/feed/update/urn%3Ali%3AugcPost%3A7327696830060736512,Piyush Pawar Thanks a lot brother 😊
2025-05-12 15:04:53,https://www.linkedin.com/feed/update/urn%3Ali%3AugcPost%3A7327696830060736512,Thanks a lot for your encouragement akka 😊❤️
2025-05-11 07:56:24,https://www.linkedin.com/feed/update/urn%3Ali%3Aactivity%3A7326982974921498624,Congratulations! 🎉
2025-05-10 13:44:23,https://www.linkedin.com/feed/update/urn%3Ali%3AugcPost%3A7326228608857849857,Piyush Pawar welcome 🤗
2025-05-10 13:43:58,https://www.linkedin.com/feed/update/urn%3Ali%3Aactivity%3A7326933355877257218,Congratulations akka
2025-05-09 04:04:20,https://www.linkedin.com/feed/update/urn%3Ali%3AugcPost%3A7326228608857849857,M.A.Affan ‎ Glad to know that you learnt something new 😊
2025-05-08 18:19:58,https://www.linkedin.com/feed/update/urn%3Ali%3AugcPost%3A7326228608857849857,Akshay Kumar Yeah 👍🏻 welcome
2025-05-08 15:17:15,https://www.linkedin.com/feed/update/urn%3Ali%3AugcPost%3A7326228608857849857,DhivyaSaravanan S Welcome 🤗
2025-05-08 12:57:57,https://www.linkedin.com/feed/update/urn%3Ali%3Aactivity%3A7326223328862482434,Congrats Kondepu!
2025-05-08 12:57:43,https://www.linkedin.com/feed/update/urn%3Ali%3Aactivity%3A7326222245045944321,Congrats Shrowmika!
2025-05-08 04:18:53,https://www.linkedin.com/feed/update/urn%3Ali%3Aactivity%3A7326084995402407936,Congratulations Pavithra 👏🏻
2025-05-08 01:10:47,https://www.linkedin.com/feed/update/urn%3Ali%3Aactivity%3A7326044785276805120,Congrats Vaishali!
2025-05-06 13:53:09,https://www.linkedin.com/feed/update/urn%3Ali%3AugcPost%3A7324836758557196289,kamali sridhar Thank you 😊
2025-05-05 17:21:56,https://www.linkedin.com/feed/update/urn%3Ali%3AugcPost%3A7324836758557196289,Harish Krishnan C Thank you 😊
2025-05-05 17:21:41,https://www.linkedin.com/feed/update/urn%3Ali%3AugcPost%3A7324836758557196289,Raj Kumar Thank you 😊
2025-05-05 06:16:19,https://www.linkedin.com/feed/update/urn%3Ali%3AugcPost%3A7324836758557196289,Veer Raj Singh Bhullar Thank you 😊
2025-05-05 06:16:08,https://www.linkedin.com/feed/update/urn%3Ali%3AugcPost%3A7324836758557196289,Tracy Machaya Thank you 😊
2025-05-05 04:22:41,https://www.linkedin.com/feed/update/urn%3Ali%3AugcPost%3A7324836758557196289,Bhavesh Gadling Thank you 😊
2025-05-05 04:22:35,https://www.linkedin.com/feed/update/urn%3Ali%3AugcPost%3A7324836758557196289,Sai Siddhu Ragipani Thank you 😊
2025-05-05 04:22:28,https://www.linkedin.com/feed/update/urn%3Ali%3AugcPost%3A7324836758557196289,srija morthala Thank you 😊
2025-05-05 04:22:22,https://www.linkedin.com/feed/update/urn%3Ali%3AugcPost%3A7324836758557196289,Shiv Mehrotra Thank you 😊
2025-05-05 04:22:16,https://www.linkedin.com/feed/update/urn%3Ali%3AugcPost%3A7324836758557196289,DhivyaSaravanan S Thank you 😊
2025-05-05 04:22:12,https://www.linkedin.com/feed/update/urn%3Ali%3AugcPost%3A7324836758557196289,Piyush Pawar Thank you 😊
2025-05-04 07:35:43,https://www.linkedin.com/feed/update/urn%3Ali%3Aactivity%3A7324666617907298305,Akash Umrao Thank you 😊
2025-05-03 16:23:13,https://www.linkedin.com/feed/update/urn%3Ali%3Aactivity%3A7323741301756051456,Tracy Machaya Thank you 😊
2025-05-03 12:23:24,https://www.linkedin.com/feed/update/urn%3Ali%3AugcPost%3A7323695448345444352,Raj Kumar Thank you 😊
2025-05-03 12:23:18,https://www.linkedin.com/feed/update/urn%3Ali%3AugcPost%3A7323695448345444352,Zoya Fathima Thank you 😊
2025-05-02 13:48:31,https://www.linkedin.com/feed/update/urn%3Ali%3AugcPost%3A7323695448345444352,Tracy Machaya Thank you 😊
2025-05-02 08:35:40,https://www.linkedin.com/feed/update/urn%3Ali%3AugcPost%3A7323695448345444352,Thank you akka 😊
2025-05-01 16:58:16,https://www.linkedin.com/feed/update/urn%3Ali%3AugcPost%3A7323695448345444352,Veer Raj Singh Bhullar Thank you 😊
2025-05-01 16:58:09,https://www.linkedin.com/feed/update/urn%3Ali%3AugcPost%3A7323695448345444352,Shiv Mehrotra Thank you 😊
2025-05-01 16:57:59,https://www.linkedin.com/feed/update/urn%3Ali%3AugcPost%3A7323695448345444352,Sai Siddhu Ragipani Thank you 😊
2025-05-01 16:09:57,https://www.linkedin.com/feed/update/urn%3Ali%3AugcPost%3A7323695448345444352,Thank you very much 😊
2025-05-01 15:52:56,https://www.linkedin.com/feed/update/urn%3Ali%3AugcPost%3A7323695448345444352,Harish Krishnan C Thank you 😊
2025-05-01 15:52:48,https://www.linkedin.com/feed/update/urn%3Ali%3AugcPost%3A7323695448345444352,Nikhil Katiyar Thank you 😊
2025-05-01 15:52:41,https://www.linkedin.com/feed/update/urn%3Ali%3AugcPost%3A7323695448345444352,Bhavesh Gadling Thank you 😊
2025-05-01 15:52:34,https://www.linkedin.com/feed/update/urn%3Ali%3AugcPost%3A7323695448345444352,Rutika Kengal Thank you 😊
2025-05-01 15:52:26,https://www.linkedin.com/feed/update/urn%3Ali%3AugcPost%3A7323695448345444352,srija morthala Thank you 😊
2025-05-01 15:52:21,https://www.linkedin.com/feed/update/urn%3Ali%3AugcPost%3A7323695448345444352,Ruchika Kengal Thank you 😊
2025-05-01 15:52:08,https://www.linkedin.com/feed/update/urn%3Ali%3AugcPost%3A7323695448345444352,Mehul Sukhadia Thank you 😊
2025-05-01 13:54:31,https://www.linkedin.com/feed/update/urn%3Ali%3AugcPost%3A7323695448345444352,Akash Umrao Thank you 😊
2025-05-01 13:54:25,https://www.linkedin.com/feed/update/urn%3Ali%3AugcPost%3A7323695448345444352,Deep Ghinaiya Thank you 😊
2025-05-01 13:54:19,https://www.linkedin.com/feed/update/urn%3Ali%3AugcPost%3A7323695448345444352,Vinod krishna Banda Thank you 😊
2025-05-01 13:54:13,https://www.linkedin.com/feed/update/urn%3Ali%3AugcPost%3A7323695448345444352,Thank you Nishant Rana brother
2025-04-27 02:42:20,https://www.linkedin.com/feed/update/urn%3Ali%3AugcPost%3A7321905226779648001,DhivyaSaravanan S Thank you 😊
2025-04-26 17:27:32,https://www.linkedin.com/feed/update/urn%3Ali%3AugcPost%3A7321905226779648001,"Anuraj Maddheshiya Yeah, student struggles 🥲"
2025-04-26 16:53:10,https://www.linkedin.com/feed/update/urn%3Ali%3AugcPost%3A7321905226779648001,Anuraj Maddheshiya All the best 👍🏻
2025-04-26 16:52:54,https://www.linkedin.com/feed/update/urn%3Ali%3AugcPost%3A7321905226779648001,Raj Kumar Thank you 😊
2025-04-26 16:52:47,https://www.linkedin.com/feed/update/urn%3Ali%3AugcPost%3A7321905226779648001,Harish Krishnan C Thank you 😊
2025-04-25 07:03:16,https://www.linkedin.com/feed/update/urn%3Ali%3AugcPost%3A7321033095359410177,Raj Kumar Thank you 😊
2025-04-24 18:25:16,https://www.linkedin.com/feed/update/urn%3Ali%3AugcPost%3A7321225786420523010,Amazing 🤩👏🏻
2025-04-24 16:57:57,https://www.linkedin.com/feed/update/urn%3Ali%3AugcPost%3A7321033095359410177,Anshu Dhattarwal Thank you 😊
2025-04-24 12:04:18,https://www.linkedin.com/feed/update/urn%3Ali%3Aactivity%3A7320847447226744832,Congratulations on your achievement👏🏻
2025-04-24 11:57:07,https://www.linkedin.com/feed/update/urn%3Ali%3AugcPost%3A7321033095359410177,Piyush Pawar Thank you 😊
2025-04-24 11:56:58,https://www.linkedin.com/feed/update/urn%3Ali%3AugcPost%3A7321033095359410177,Ruchika Kengal Thank you 😊
2025-04-24 10:27:28,https://www.linkedin.com/feed/update/urn%3Ali%3AugcPost%3A7321033095359410177,Harish Krishnan C Thank you 😊
2025-04-24 10:27:20,https://www.linkedin.com/feed/update/urn%3Ali%3AugcPost%3A7321033095359410177,Rutika Kengal Thank you 😊
2025-04-14 07:22:09,https://www.linkedin.com/feed/update/urn%3Ali%3AugcPost%3A7317441762287902724,Amazing project 👏🏻 you can add hamburger menu when screen size is decreased
2025-04-14 07:19:39,https://www.linkedin.com/feed/update/urn%3Ali%3Aactivity%3A7317434000355016704,Congrats srija! 🎉
2025-04-13 05:50:28,https://www.linkedin.com/feed/update/urn%3Ali%3AugcPost%3A7314539466994417669,Tracy Machaya Thank you 😊
2025-04-12 01:48:38,https://www.linkedin.com/feed/update/urn%3Ali%3AugcPost%3A7316133543510728704,Piyush Pawar Thank you 😊
2025-04-11 17:55:01,https://www.linkedin.com/feed/update/urn%3Ali%3AugcPost%3A7316471372367503360,Raj Kumar Thank you 😊
2025-04-11 03:31:35,https://www.linkedin.com/feed/update/urn%3Ali%3AugcPost%3A7316133543510728704,True 💯 Thanks a lot for your encouragement 😊
2025-04-10 17:54:14,https://www.linkedin.com/feed/update/urn%3Ali%3AugcPost%3A7316133543510728704,"Yeah sis, but let it be then next time I won't do that again 🥲"
2025-04-10 17:52:35,https://www.linkedin.com/feed/update/urn%3Ali%3AugcPost%3A7316133543510728704,Sivasubramanian P Thank you 😊
2025-04-10 16:47:06,https://www.linkedin.com/feed/update/urn%3Ali%3AugcPost%3A7316133543510728704,"Nishant Rana Yeah, thank you 😊"
2025-04-10 16:37:21,https://www.linkedin.com/feed/update/urn%3Ali%3AugcPost%3A7316133543510728704,Sai Siddhu Ragipani Thank you 😊
2025-04-10 15:13:55,https://www.linkedin.com/feed/update/urn%3Ali%3AugcPost%3A7316043639422365696,Keep going dhivya
2025-04-09 14:36:32,https://www.linkedin.com/feed/update/urn%3Ali%3AugcPost%3A7314539466994417669,Epafra Yeddula Thank you 😊
2025-04-09 14:36:23,https://www.linkedin.com/feed/update/urn%3Ali%3AugcPost%3A7314539466994417669,Raj Kumar Thank you 😊
2025-04-06 14:48:00,https://www.linkedin.com/feed/update/urn%3Ali%3AugcPost%3A7311684079530213376,Sai Siddhu Ragipani Thank you 😊
2025-04-06 14:30:13,https://www.linkedin.com/feed/update/urn%3Ali%3AugcPost%3A7314539466994417669,Mehul Sukhadia Thank you 😊
2025-04-06 10:30:06,https://www.linkedin.com/feed/update/urn%3Ali%3AugcPost%3A7314539466994417669,Shiv Mehrotra Thank you 😊
2025-04-06 07:14:45,https://www.linkedin.com/feed/update/urn%3Ali%3AugcPost%3A7314539466994417669,Thank you very much dhivya ☺️
2025-04-06 06:55:04,https://www.linkedin.com/feed/update/urn%3Ali%3AugcPost%3A7314539466994417669,Thank you 😊
2025-04-04 09:26:58,https://www.linkedin.com/feed/update/urn%3Ali%3AugcPost%3A7311684079530213376,Sivasubramanian P Thank you 😊
2025-04-03 08:07:30,https://www.linkedin.com/feed/update/urn%3Ali%3AugcPost%3A7313443760686678017,DhivyaSaravanan S Thank you ra 😊
2025-04-02 09:39:52,https://www.linkedin.com/feed/update/urn%3Ali%3Aactivity%3A7313129865854038016,Thank you! Glad to share something relatable.
2025-03-31 15:21:26,https://www.linkedin.com/feed/update/urn%3Ali%3AugcPost%3A7311684079530213376,thank u pooj 😊
2025-03-29 16:50:58,https://www.linkedin.com/feed/update/urn%3Ali%3AugcPost%3A7311390333173456896,"Anuraj Maddheshiya But dsa is not only important for job interviews, it is useful for problem solving, Initially no one will like dsa, but soon as we solve, we will definitely love to do more problems."
2025-03-29 16:26:36,https://www.linkedin.com/feed/update/urn%3Ali%3AugcPost%3A7311684079530213376,Anuraj Maddheshiya Thank you 😊
2025-03-29 12:46:51,https://www.linkedin.com/feed/update/urn%3Ali%3AugcPost%3A7311684079530213376,Bhavesh Gadling Thank you 😊
2025-03-29 12:46:25,https://www.linkedin.com/feed/update/urn%3Ali%3AugcPost%3A7311684079530213376,Piyush Pawar Thank you 😊
2025-03-29 12:46:17,https://www.linkedin.com/feed/update/urn%3Ali%3AugcPost%3A7311684079530213376,Vaishali Kadam Thank you 😊
2025-03-29 12:46:01,https://www.linkedin.com/feed/update/urn%3Ali%3AugcPost%3A7311684079530213376,Zoya Fathima Thank you 😊
2025-03-29 12:45:49,https://www.linkedin.com/feed/update/urn%3Ali%3AugcPost%3A7311684079530213376,Arisha Firoz Thank you 😊
2025-03-29 11:33:14,https://www.linkedin.com/feed/update/urn%3Ali%3AugcPost%3A7311684079530213376,Harish Krishnan C Thank you 😊
2025-03-29 11:32:57,https://www.linkedin.com/feed/update/urn%3Ali%3AugcPost%3A7311684079530213376,Rucha Ambaliya Thank you 😊
2025-03-29 10:44:41,https://www.linkedin.com/feed/update/urn%3Ali%3AugcPost%3A7311684079530213376,Sadhasivam S Thank you 😊
2025-03-28 13:07:58,https://www.linkedin.com/feed/update/urn%3Ali%3Aactivity%3A7311365886467022848,"Congratulations Dhivya, keep going 👏🏻"
2025-03-27 10:01:07,https://www.linkedin.com/feed/update/urn%3Ali%3AugcPost%3A7310339809057644544,DhivyaSaravanan S Thank you dhivya
2025-03-26 13:54:01,https://www.linkedin.com/feed/update/urn%3Ali%3Aactivity%3A7310657520182685696,Congratulations 🥳
2025-03-26 13:52:59,https://www.linkedin.com/feed/update/urn%3Ali%3AugcPost%3A7304471952168042497,Zoya Fathima Thank you 😊
2025-03-26 13:50:11,https://www.linkedin.com/feed/update/urn%3Ali%3AugcPost%3A7310339809057644544,Harish Krishnan C Thank you
2025-03-25 16:41:20,https://www.linkedin.com/feed/update/urn%3Ali%3AugcPost%3A7310334491942658049,Congrats Rucha!
2025-03-24 02:10:04,https://www.linkedin.com/feed/update/urn%3Ali%3AugcPost%3A7309627364911566848,Well done Nisha
2025-03-20 14:27:28,https://www.linkedin.com/feed/update/urn%3Ali%3AugcPost%3A7304471952168042497,SAI KULKARNI Thank you 😊
2025-03-20 14:27:20,https://www.linkedin.com/feed/update/urn%3Ali%3AugcPost%3A7304471952168042497,Dev Ashish Thank you 😊
2025-03-20 14:27:12,https://www.linkedin.com/feed/update/urn%3Ali%3AugcPost%3A7304471952168042497,Shiv Mehrotra Thank you 😊
2025-03-18 09:58:02,https://www.linkedin.com/feed/update/urn%3Ali%3AugcPost%3A7307670118430388224,Congratulations 🎉
2025-03-15 17:17:11,https://www.linkedin.com/feed/update/urn%3Ali%3AugcPost%3A7306532576989442048,A fantastic achievement 🎉
2025-03-15 16:24:08,https://www.linkedin.com/feed/update/urn%3Ali%3Aactivity%3A7306631712233385985,Congratulations 👏🏻
2025-03-14 06:51:01,https://www.linkedin.com/feed/update/urn%3Ali%3Aactivity%3A7306169608519000066,"Congratulations 🎉 hard work pays off , keep going 💪🏻 🙌🏻"
2025-03-11 15:34:16,https://www.linkedin.com/feed/update/urn%3Ali%3AugcPost%3A7305220540137402369,"Zoya Fathima I use code with Harry for Development, And for dsa i learnt about data structures theory part from code with Harry itself and as for problems i use different platforms like neetcode, striver.."
2025-03-11 09:00:48,https://www.linkedin.com/feed/update/urn%3Ali%3AugcPost%3A7304918582277160963,"Zoya Fathima Thank you 😊, I use code with Harry for Development, And for dsa i learnt about data structures theory part from code with Harry itself and as for problems i use different platforms like neetcode, striver.."
2025-03-11 08:58:47,https://www.linkedin.com/feed/update/urn%3Ali%3AugcPost%3A7304918582277160963,Harish Krishnan C Thanks 😊
2025-03-10 19:06:17,https://www.linkedin.com/feed/update/urn%3Ali%3AugcPost%3A7304471952168042497,Lakshmi Saran Polisetti yeah 🙌🏻
2025-03-10 18:34:38,https://www.linkedin.com/feed/update/urn%3Ali%3AugcPost%3A7304918582277160963,kamali sridhar Thank you 😊
2025-03-10 05:18:50,https://www.linkedin.com/feed/update/urn%3Ali%3AugcPost%3A7304580316323618816,Ojas Arora Thank you 😊 it was an amazing opportunity to contribute to an amazing project SCD-profile score 🚀
2025-03-10 02:27:43,https://www.linkedin.com/feed/update/urn%3Ali%3AugcPost%3A7304471952168042497,Piyush Pawar Thank you 😊
2025-03-09 14:11:13,https://www.linkedin.com/feed/update/urn%3Ali%3AugcPost%3A7304471952168042497,Ojas Arora Thank you 😊
2025-03-09 14:09:03,https://www.linkedin.com/feed/update/urn%3Ali%3AugcPost%3A7304497582326583296,Congratulations 🎉 Your project tiffin fusion is great indeed 👏🏻👏🏻
2025-03-09 13:59:46,https://www.linkedin.com/feed/update/urn%3Ali%3AugcPost%3A7304499872378798080,Congratulations Ruchika 👏🏻🎉
2025-03-09 13:57:39,https://www.linkedin.com/feed/update/urn%3Ali%3AugcPost%3A7304471952168042497,Sukhamay Singha Roy Thank you 😊
2025-03-09 13:29:11,https://www.linkedin.com/feed/update/urn%3Ali%3AugcPost%3A7304482408911757312,"Congratulations, Rutika 🎉"
2025-03-09 13:27:30,https://www.linkedin.com/feed/update/urn%3Ali%3AugcPost%3A7304471952168042497,Yash Pandav Thank you 😊
2025-03-09 13:26:47,https://www.linkedin.com/feed/update/urn%3Ali%3AugcPost%3A7304480256915079169,"Congratulations vaishali, keep going 👏🏻"
2025-03-09 12:59:59,https://www.linkedin.com/feed/update/urn%3Ali%3AugcPost%3A7304471952168042497,Rutika Kengal Thank you 😊
2025-03-09 12:59:49,https://www.linkedin.com/feed/update/urn%3Ali%3AugcPost%3A7304471952168042497,Ruchika Kengal Thank you 😊
2025-03-09 12:59:42,https://www.linkedin.com/feed/update/urn%3Ali%3AugcPost%3A7304471952168042497,Vaishali Kadam 🤗
2025-03-09 12:59:33,https://www.linkedin.com/feed/update/urn%3Ali%3AugcPost%3A7304471952168042497,Dinesh Bhardwaj Thank you 😊
2025-03-09 12:59:24,https://www.linkedin.com/feed/update/urn%3Ali%3AugcPost%3A7304471952168042497,Sai Smruti Ranjan Das Thank you 😊
2025-03-09 12:30:12,https://www.linkedin.com/feed/update/urn%3Ali%3AugcPost%3A7304471952168042497,Abhay Kumar Thank you 😊
2025-03-09 12:30:03,https://www.linkedin.com/feed/update/urn%3Ali%3AugcPost%3A7304471952168042497,Harish Krishnan C Thank you 😊
2025-03-06 17:37:12,https://www.linkedin.com/feed/update/urn%3Ali%3AugcPost%3A7303456114526826497,Md Aryan Thank you 🙂
2025-03-05 14:31:47,https://www.linkedin.com/feed/update/urn%3Ali%3AugcPost%3A7301974326403096576,DhivyaSaravanan S Thank you ra 🤗
2025-03-05 13:43:27,https://www.linkedin.com/feed/update/urn%3Ali%3AugcPost%3A7302721590356549633,Thank you dhivya 🤗
2025-03-04 02:14:18,https://www.linkedin.com/feed/update/urn%3Ali%3AugcPost%3A7302015746396549120,Piyush Pawar Thank you 😊
2025-03-03 10:38:16,https://www.linkedin.com/feed/update/urn%3Ali%3AugcPost%3A7302015746396549120,Thank you Ruchika 😊
2025-03-03 01:42:09,https://www.linkedin.com/feed/update/urn%3Ali%3AugcPost%3A7302015746396549120,Pratik Mane Thank you 😊
2025-03-02 18:24:23,https://www.linkedin.com/feed/update/urn%3Ali%3AugcPost%3A7302015746396549120,Lakshmi Saran Polisetti Thank you 😊
2025-03-02 18:24:14,https://www.linkedin.com/feed/update/urn%3Ali%3AugcPost%3A7302015746396549120,Epafra Yeddula Thank you 😊
2025-03-02 17:50:42,https://www.linkedin.com/feed/update/urn%3Ali%3AugcPost%3A7301974326403096576,Sukhamay Singha Roy thank you
2025-03-02 17:36:50,https://www.linkedin.com/feed/update/urn%3Ali%3AugcPost%3A7302015746396549120,Sukhamay Singha Roy Thank you 😊
2025-02-27 15:51:03,https://www.linkedin.com/feed/update/urn%3Ali%3AugcPost%3A7300888274745659393,Sai Siddhu Ragipani Thank you ☺️
2025-02-27 08:26:03,https://www.linkedin.com/feed/update/urn%3Ali%3AugcPost%3A7298984379064762368,Om Bharadwaj Thank you 😊
2025-02-23 13:53:51,https://www.linkedin.com/feed/update/urn%3Ali%3AugcPost%3A7299422874824589312,Thank you dhivya
2025-02-22 15:43:36,https://www.linkedin.com/feed/update/urn%3Ali%3AugcPost%3A7298984379064762368,Sivasubramanian P Thank you 😊
2025-02-22 14:09:07,https://www.linkedin.com/feed/update/urn%3Ali%3AugcPost%3A7298984379064762368,Sai Siddhu Ragipani Thank you ☺️
2025-02-22 12:46:15,https://www.linkedin.com/feed/update/urn%3Ali%3AugcPost%3A7298984379064762368,DhivyaSaravanan S Thank you ra ❤️
2025-02-22 11:17:52,https://www.linkedin.com/feed/update/urn%3Ali%3AugcPost%3A7298984379064762368,Thank you very much for your support 😊 Pranit Dethe
2025-02-22 09:59:01,https://www.linkedin.com/feed/update/urn%3Ali%3AugcPost%3A7298984379064762368,Madhu Perivi thanks
2025-02-22 09:58:49,https://www.linkedin.com/feed/update/urn%3Ali%3AugcPost%3A7298984379064762368,Vaishali Kadam 😄
2025-02-20 17:16:01,https://www.linkedin.com/feed/update/urn%3Ali%3AugcPost%3A7298389447908192256,All the best vaishali
2025-02-20 03:53:50,https://www.linkedin.com/feed/update/urn%3Ali%3AugcPost%3A7297606321967652865,Tracy Machaya Thank you 😊
2025-02-20 03:18:24,https://www.linkedin.com/feed/update/urn%3Ali%3AugcPost%3A7297584071705006082,Tracy Machaya Thank you 😊
2025-02-20 03:18:03,https://www.linkedin.com/feed/update/urn%3Ali%3AugcPost%3A7297247826542010368,Tracy Machaya Thank you 😊
2025-02-20 03:17:48,https://www.linkedin.com/feed/update/urn%3Ali%3AugcPost%3A7296932087117287424,Madhu Perivi 😊
2025-02-20 03:17:22,https://www.linkedin.com/feed/update/urn%3Ali%3AugcPost%3A7296786500053004288,Tracy Machaya Thank you 😊
2025-02-20 03:17:04,https://www.linkedin.com/feed/update/urn%3Ali%3AugcPost%3A7298020143463346178,Tracy Machaya Thank you 😊
2025-02-19 18:05:52,https://www.linkedin.com/feed/update/urn%3Ali%3Aactivity%3A7298025414461923329,Insightful.
2025-02-19 14:45:39,https://www.linkedin.com/feed/update/urn%3Ali%3AugcPost%3A7297989404898299904,Congrats kamali! 🎉
2025-02-19 03:03:53,https://www.linkedin.com/feed/update/urn%3Ali%3AugcPost%3A7297606321967652865,Raj Kumar Thank you 😊
2025-02-19 03:01:55,https://www.linkedin.com/feed/update/urn%3Ali%3AugcPost%3A7297584071705006082,Raj Kumar Thank you 😊
2025-02-18 18:13:33,https://www.linkedin.com/feed/update/urn%3Ali%3AugcPost%3A7297584071705006082,Sukhamay Singha Roy Thank you 😊
2025-02-18 15:33:55,https://www.linkedin.com/feed/update/urn%3Ali%3AugcPost%3A7297584071705006082,Harish Krishnan C Thank you ☺️
2025-02-18 15:33:42,https://www.linkedin.com/feed/update/urn%3Ali%3AugcPost%3A7297584071705006082,Vishal Solanki Thank you 😊
2025-02-18 15:33:27,https://www.linkedin.com/feed/update/urn%3Ali%3AugcPost%3A7297584071705006082,Ankita Nag Thank you 😊
2025-02-18 13:44:57,https://www.linkedin.com/feed/update/urn%3Ali%3AugcPost%3A7297584071705006082,DhivyaSaravanan S Thank you dear 😊
2025-02-18 13:24:01,https://www.linkedin.com/feed/update/urn%3Ali%3AugcPost%3A7297584071705006082,"Thank you kamali! ☺️ Yeah, it's great experience indeed 🤗"
2025-02-18 12:36:31,https://www.linkedin.com/feed/update/urn%3Ali%3AugcPost%3A7297584071705006082,Harshit Maurya Thank you 😊
2025-02-18 12:36:24,https://www.linkedin.com/feed/update/urn%3Ali%3AugcPost%3A7297584071705006082,Khush Tiwari Thank you 😊
2025-02-18 12:16:39,https://www.linkedin.com/feed/update/urn%3Ali%3AugcPost%3A7297584071705006082,Abhay Kumar Thank you 😊
2025-02-18 12:00:20,https://www.linkedin.com/feed/update/urn%3Ali%3AugcPost%3A7297584071705006082,Tushar Panwar Thank you 😊
2025-02-18 10:34:48,https://www.linkedin.com/feed/update/urn%3Ali%3AugcPost%3A7297535986207469568,Congrats Vishal! 🎉
2025-02-18 06:56:07,https://www.linkedin.com/feed/update/urn%3Ali%3AugcPost%3A7297459076739776512,Congrats Abhay!
2025-02-18 06:24:18,https://www.linkedin.com/feed/update/urn%3Ali%3AugcPost%3A7297499704701923328,Congrats Nishant! Happy for you 😊
2025-02-17 16:13:41,https://www.linkedin.com/feed/update/urn%3Ali%3AugcPost%3A7296932087117287424,Mohammed Abdul Rahman Thank you 😊
2025-02-17 14:05:59,https://www.linkedin.com/feed/update/urn%3Ali%3Aactivity%3A7297246064821051393,Congrats kamali!
2025-02-17 07:28:45,https://www.linkedin.com/feed/update/urn%3Ali%3AugcPost%3A7296932087117287424,kamali sridhar Thank you 😊
2025-02-17 02:01:23,https://www.linkedin.com/feed/update/urn%3Ali%3AugcPost%3A7296932087117287424,Nishant Rana Welcome 🤗
2025-02-17 01:46:24,https://www.linkedin.com/feed/update/urn%3Ali%3AugcPost%3A7296932087117287424,Nishant Rana Thank you 😊 and congratulations for making into top maintainer🎉
2025-02-14 18:09:51,https://www.linkedin.com/feed/update/urn%3Ali%3AugcPost%3A7296218663165042689,Sai Siddhu Ragipani Thank you for your support and help 😊
2025-02-14 15:33:23,https://www.linkedin.com/feed/update/urn%3Ali%3AugcPost%3A7296175557795291136,Congrats Shruti!
2025-02-13 08:03:54,https://www.linkedin.com/feed/update/urn%3Ali%3Aactivity%3A7295469023754903552,Madhu Perivi Thank you 😊
2025-02-12 17:03:26,https://www.linkedin.com/feed/update/urn%3Ali%3Aactivity%3A7295469023754903552,Mehul Sukhadia Thank you 😊
2025-02-12 16:32:47,https://www.linkedin.com/feed/update/urn%3Ali%3Aactivity%3A7295469023754903552,Santosh k. Verma Thank you 😊
2025-02-12 16:32:41,https://www.linkedin.com/feed/update/urn%3Ali%3Aactivity%3A7295469023754903552,Shruti Keshri Thank you 😊
2025-02-12 16:27:37,https://www.linkedin.com/feed/update/urn%3Ali%3Aactivity%3A7295469023754903552,"Nisha Kumari Thank you, yeah we surely learn and grow together 😊 💫"
2025-02-06 11:30:49,https://www.linkedin.com/feed/update/urn%3Ali%3AugcPost%3A7292914381045092352,Satyam Gupta Thank you
2025-01-26 02:12:41,https://www.linkedin.com/feed/update/urn%3Ali%3AugcPost%3A7289013698445168640,Amazing 👏🏻
2025-01-20 08:01:22,https://www.linkedin.com/feed/update/urn%3Ali%3AugcPost%3A7286758064337162240,"Hari Charan Thank you, it means a lot to me 😊"
2025-01-19 14:28:55,https://www.linkedin.com/feed/update/urn%3Ali%3AugcPost%3A7285336149340962816,Ujjwal Sharma Thank you 😊
2025-01-19 14:10:10,https://www.linkedin.com/feed/update/urn%3Ali%3AugcPost%3A7286580915265302528,Mehul Sukhadia Thank you 😊
2025-01-19 08:53:36,https://www.linkedin.com/feed/update/urn%3Ali%3AugcPost%3A7286580915265302528,Tracy Machaya Thank you 😊
2025-01-19 03:16:11,https://www.linkedin.com/feed/update/urn%3Ali%3AugcPost%3A7286580915265302528,Vaishali Kadam Thank you 😊
2025-01-16 03:07:32,https://www.linkedin.com/feed/update/urn%3Ali%3AugcPost%3A7283720480241455105,Tracy Machaya Thank you 😊
2025-01-16 03:06:51,https://www.linkedin.com/feed/update/urn%3Ali%3AugcPost%3A7284106400455151616,Thank you 😊 Tracy Machaya
2025-01-16 03:06:22,https://www.linkedin.com/feed/update/urn%3Ali%3AugcPost%3A7284972275747950594,Tracy Machaya Thank you 😊
2025-01-16 03:06:10,https://www.linkedin.com/feed/update/urn%3Ali%3AugcPost%3A7285336149340962816,Om Bharadwaj Thank you 😊
2025-01-16 03:05:59,https://www.linkedin.com/feed/update/urn%3Ali%3AugcPost%3A7285336149340962816,Tracy Machaya Thank you 😊
2025-01-16 03:05:03,https://www.linkedin.com/feed/update/urn%3Ali%3AugcPost%3A7284512299506110464,Tracy Machaya Thank you 😊
2025-01-13 09:10:59,https://www.linkedin.com/feed/update/urn%3Ali%3AugcPost%3A7283848737376849920,Tracy Machaya Thank you 😊
2025-01-12 08:17:30,https://www.linkedin.com/feed/update/urn%3Ali%3Aactivity%3A7279864109993504768,Rajesham Banoth Thank you 😊
2025-01-12 06:56:54,https://www.linkedin.com/feed/update/urn%3Ali%3Aactivity%3A7282633841364611072,notes
2025-01-12 06:09:48,https://www.linkedin.com/feed/update/urn%3Ali%3AugcPost%3A7283848737376849920,Mehul Sukhadia Thank you 😊
2025-01-12 06:09:27,https://www.linkedin.com/feed/update/urn%3Ali%3AugcPost%3A7283720480241455105,"SANDEEP B R Thank you, it is infosys springboard website"
2025-01-12 06:08:43,https://www.linkedin.com/feed/update/urn%3Ali%3Aactivity%3A7284079149571260416,Interview
2025-01-11 18:11:50,https://www.linkedin.com/feed/update/urn%3Ali%3AugcPost%3A7283848737376849920,Piyush Pawar Thank you 😊
2025-01-11 15:51:53,https://www.linkedin.com/feed/update/urn%3Ali%3AugcPost%3A7283848737376849920,Vaibhav Kulshrestha🖥📝🪙⏳ Thank you
2025-01-11 15:51:45,https://www.linkedin.com/feed/update/urn%3Ali%3AugcPost%3A7283848737376849920,Pranit Dethe Thank you 😊
2025-01-11 08:55:22,https://www.linkedin.com/feed/update/urn%3Ali%3AugcPost%3A7283720480241455105,Mehul Sukhadia Thank you 😊
2025-01-11 07:14:01,https://www.linkedin.com/feed/update/urn%3Ali%3AugcPost%3A7283720480241455105,Pranit Dethe Thank you 😊
2025-01-11 07:13:49,https://www.linkedin.com/feed/update/urn%3Ali%3AugcPost%3A7283720480241455105,Thank you for your support 😊 kamali sridhar
2025-01-11 06:26:03,https://www.linkedin.com/feed/update/urn%3Ali%3AugcPost%3A7283720480241455105,Deep Ghinaiya Thank you 😊
2025-01-10 02:24:47,https://www.linkedin.com/feed/update/urn%3Ali%3AugcPost%3A7281995237500022785,Amazing
2025-01-09 08:50:36,https://www.linkedin.com/feed/update/urn%3Ali%3AugcPost%3A7283004928036397056,Mehul Sukhadia Thank you 😊
2025-01-09 08:13:16,https://www.linkedin.com/feed/update/urn%3Ali%3AugcPost%3A7283004928036397056,Deep Ghinaiya Thank you 😊
2025-01-09 07:31:48,https://www.linkedin.com/feed/update/urn%3Ali%3AugcPost%3A7283004928036397056,Vaishali Kadam Thank you 😊
2025-01-09 06:28:50,https://www.linkedin.com/feed/update/urn%3Ali%3AugcPost%3A7283004928036397056,Thank you
2025-01-09 05:44:30,https://www.linkedin.com/feed/update/urn%3Ali%3AugcPost%3A7282787959009890304,Tracy Machaya Thank you 😊
2025-01-08 15:54:16,https://www.linkedin.com/feed/update/urn%3Ali%3AugcPost%3A7282779702228832256,Congrats Vaishali! 🎉
2025-01-07 13:22:23,https://www.linkedin.com/feed/update/urn%3Ali%3Aactivity%3A7282384113448161280,Congrats Ramyasri!
2025-01-07 11:30:35,https://www.linkedin.com/feed/update/urn%3Ali%3Aactivity%3A7279864109993504768,Tracy Machaya Thank you 😊
2025-01-07 07:31:27,https://www.linkedin.com/feed/update/urn%3Ali%3AugcPost%3A7282082490754682880,Tracy Machaya thank you
2025-01-06 18:03:18,https://www.linkedin.com/feed/update/urn%3Ali%3AugcPost%3A7282082490754682880,Srinivas Bhupati Thank you
2025-01-06 15:32:53,https://www.linkedin.com/feed/update/urn%3Ali%3AugcPost%3A7281991695867486209,Congrats Anshika! 🎉
2025-01-03 14:22:18,https://www.linkedin.com/feed/update/urn%3Ali%3Aactivity%3A7280911941504585728,"Hi! I’m Sri Vaishnavi, a second year AIML student passionate about we development I’m passionate about technology and content creation, and I’ve contributed to open-source projects, improving user interfaces and adding new features. I believe my skills in web development, along with my enthusiasm for learning and creating educational content, would allow me to contribute meaningfully as a Technical Content Creator. 
So, I think technical content creator role fits best for me, 
srivaishnavi0602@gmail.com"
2025-01-02 11:05:10,https://www.linkedin.com/feed/update/urn%3Ali%3Aactivity%3A7279864109993504768,Dheeraj Kushwaha Thank you 😊
2025-01-01 06:42:51,https://www.linkedin.com/feed/update/urn%3Ali%3AugcPost%3A7275625495927345152,Amazing project 👏🏻
2024-12-31 15:52:47,https://www.linkedin.com/feed/update/urn%3Ali%3Aactivity%3A7279864109993504768,kamali sridhar Thank you 😊
2024-12-30 12:34:35,https://www.linkedin.com/feed/update/urn%3Ali%3AugcPost%3A7279455680778915841,That's amazing
2024-12-29 14:07:49,https://www.linkedin.com/feed/update/urn%3Ali%3AugcPost%3A7279129485432545280,Ujjwal Sharma Thank you 😊
2024-12-29 14:07:35,https://www.linkedin.com/feed/update/urn%3Ali%3AugcPost%3A7279001970059730946,Ujjwal Sharma Thank you 😊
2024-12-29 08:24:20,https://www.linkedin.com/feed/update/urn%3Ali%3AugcPost%3A7272899087304187907,This is great
2024-12-29 08:16:19,https://www.linkedin.com/feed/update/urn%3Ali%3AugcPost%3A7279001970059730946,Tracy Machaya Thank you 😊
2024-12-26 08:14:01,https://www.linkedin.com/feed/update/urn%3Ali%3AugcPost%3A7277943044958490624,Pranit Dethe Thank you for your encouragement and yeah it's exciting to learn new data structures and algorithms.
2024-12-25 05:24:15,https://www.linkedin.com/feed/update/urn%3Ali%3AugcPost%3A7276942390039400449,Congrats kamali! 🎉
2024-12-22 15:50:40,https://www.linkedin.com/feed/update/urn%3Ali%3AugcPost%3A7276464048018251778,Mukund Rakholiya Thank you
2024-12-21 13:12:03,https://www.linkedin.com/feed/update/urn%3Ali%3AugcPost%3A7275873938092478464,Tracy Machaya Thank you
2024-12-17 10:44:15,https://www.linkedin.com/feed/update/urn%3Ali%3AugcPost%3A7274432547177025538,Tracy Machaya Thank you 😊
2024-12-17 10:43:46,https://www.linkedin.com/feed/update/urn%3Ali%3AugcPost%3A7274483041593360384,Rajesham Banoth Thank you 😊
2024-12-17 10:43:38,https://www.linkedin.com/feed/update/urn%3Ali%3AugcPost%3A7274483041593360384,Tracy Machaya Thank you 😊
2024-12-16 14:34:02,https://www.linkedin.com/feed/update/urn%3Ali%3AugcPost%3A7274415146469380099,Tracy Machaya Thank you 😊
2024-12-15 13:47:15,https://www.linkedin.com/feed/update/urn%3Ali%3AugcPost%3A7273999401335836673,"Thank you so much for the encouragement, team Unstop! I’ll definitely keep practicing and aim to come back stronger next time 💪😊"
2024-12-15 04:41:07,https://www.linkedin.com/feed/update/urn%3Ali%3AugcPost%3A7273703677058560000,Thank you 😊
2024-12-13 14:26:52,https://www.linkedin.com/feed/update/urn%3Ali%3Aactivity%3A7273214656440131584,"#intrested
Sri vaishnavi"
2024-12-13 12:38:06,https://www.linkedin.com/feed/update/urn%3Ali%3AugcPost%3A7273307946418126848,Ujjwal Sharma Thank you 😊
2024-12-12 05:06:43,https://www.linkedin.com/feed/update/urn%3Ali%3AugcPost%3A7272588206980689922,Ujjwal Sharma Thank you
2024-12-09 12:38:46,https://www.linkedin.com/feed/update/urn%3Ali%3AugcPost%3A7271760754620465152,Tracy Machaya Thank you 😊
2024-12-08 13:24:45,https://www.linkedin.com/feed/update/urn%3Ali%3AugcPost%3A7271175359683850242,Ujjwal Sharma Thank you
2024-12-08 03:13:52,https://www.linkedin.com/feed/update/urn%3Ali%3AugcPost%3A7271175359683850242,"Ancryne . Tq for your support, I hope i will be able to complete the 160 days challenge."
2024-12-08 02:45:05,https://www.linkedin.com/feed/update/urn%3Ali%3AugcPost%3A7271175359683850242,Ancryne . Thank you
2024-12-06 14:34:47,https://www.linkedin.com/feed/update/urn%3Ali%3AugcPost%3A7270807279241756673,Ujjwal Sharma Thank you
2024-12-06 08:29:28,https://www.linkedin.com/feed/update/urn%3Ali%3AugcPost%3A7265356679054053376,Ujjwal Sharma Thank you
2024-12-05 11:57:13,https://www.linkedin.com/feed/update/urn%3Ali%3AugcPost%3A7270361486374412288,Ujjwal Sharma Thank you 😊
2024-12-05 04:19:11,https://www.linkedin.com/feed/update/urn%3Ali%3AugcPost%3A7266835312243331072,Ancryne . Thank you 😊
2024-12-04 15:21:57,https://www.linkedin.com/feed/update/urn%3Ali%3AugcPost%3A7270081869839282177,Tracy Machaya Thank you 😊
2024-12-01 16:03:14,https://www.linkedin.com/feed/update/urn%3Ali%3AugcPost%3A7268871036001996801,Ujjwal Sharma Thank you 😊
2024-12-01 16:03:07,https://www.linkedin.com/feed/update/urn%3Ali%3AugcPost%3A7268871036001996801,Ancryne . Thank you 😊
2024-12-01 06:49:03,https://www.linkedin.com/feed/update/urn%3Ali%3AugcPost%3A7268871036001996801,Tracy Machaya Thank you 😊
2024-12-01 06:00:52,https://www.linkedin.com/feed/update/urn%3Ali%3AugcPost%3A7268254187820359680,Ancryne . Thanks a lot! I'll do that. 😊
2024-11-30 06:00:44,https://www.linkedin.com/feed/update/urn%3Ali%3AugcPost%3A7268494602209280000,Thank you 😊
2024-11-30 05:57:40,https://www.linkedin.com/feed/update/urn%3Ali%3AugcPost%3A7268494602209280000,Tracy Machaya Thank you 😊
2024-11-29 15:58:52,https://www.linkedin.com/feed/update/urn%3Ali%3AugcPost%3A7268254187820359680,Ujjwal Sharma Thank you
2024-11-29 13:24:19,https://www.linkedin.com/feed/update/urn%3Ali%3AugcPost%3A7263864626444967936,"Thank you"
2024-11-28 17:22:06,https://www.linkedin.com/feed/update/urn%3Ali%3AugcPost%3A7265333469893828609,Ujjwal Sharma Thank you
2024-11-27 14:36:09,https://www.linkedin.com/feed/update/urn%3Ali%3AugcPost%3A7267521927173345280,Ujjwal Sharma Thank you 😊
2024-11-24 09:57:29,https://www.linkedin.com/feed/update/urn%3Ali%3Aactivity%3A7266386976440741889,Great perspective
2024-11-23 17:16:45,https://www.linkedin.com/feed/update/urn%3Ali%3Aactivity%3A7266134595350237184,Congrats Nandini!
2024-11-23 15:44:55,https://www.linkedin.com/feed/update/urn%3Ali%3Aactivity%3A7266105554341613568,kamali sridhar Thank you 😊
2024-11-23 03:44:33,https://www.linkedin.com/feed/update/urn%3Ali%3AugcPost%3A7265356679054053376,B Rajesham Thank you
2024-11-22 10:38:30,https://www.linkedin.com/feed/update/urn%3Ali%3AugcPost%3A7265356679054053376,Great Learning Yeah sure Thank you
2024-11-21 14:00:19,https://www.linkedin.com/feed/update/urn%3Ali%3AugcPost%3A7265356679054053376,kamali sridhar Thank you
2024-11-15 14:13:45,https://www.linkedin.com/feed/update/urn%3Ali%3Aactivity%3A7263093059477778432,Yes
2024-11-15 10:34:57,https://www.linkedin.com/feed/update/urn%3Ali%3Aactivity%3A7263133807527002112,Naga Shayani Thodupunuri Thank you
2024-11-03 15:41:37,https://www.linkedin.com/feed/update/urn%3Ali%3Aactivity%3A7258856310186627072,"Thank you Sanjay Viswanathan sir for this amazing session, because of you we learnt a lot about open source contribution and able to contribute to the projects and enhance our GitHub profiles. You are such a great mentor"
2024-11-03 14:02:21,https://www.linkedin.com/feed/update/urn%3Ali%3AugcPost%3A7258722225367756800,"https://github.com/msv6264"
2024-11-03 13:58:23,https://www.linkedin.com/feed/update/urn%3Ali%3AugcPost%3A7258722225367756800,"yes"
2024-11-03 13:58:18,https://www.linkedin.com/feed/update/urn%3Ali%3AugcPost%3A7258722225367756800,"mw"
2024-11-03 13:38:25,https://www.linkedin.com/feed/update/urn%3Ali%3AugcPost%3A7258722225367756800,no
2024-11-03 13:35:57,https://www.linkedin.com/feed/update/urn%3Ali%3AugcPost%3A7258722225367756800,Telangana
2024-10-22 03:31:46,https://www.linkedin.com/feed/update/urn%3Ali%3Aactivity%3A7254066460887572480,I'm interested
2024-10-21 11:35:41,https://www.linkedin.com/feed/update/urn%3Ali%3Aactivity%3A7253812944646328320,Kadam Vaishali Thank you
2024-10-17 11:49:36,https://www.linkedin.com/feed/update/urn%3Ali%3Aactivity%3A7252361056923049984,msv6264@gmail.com
