Organization,Followed On
Jobringer ~ India’s Job Portal,Tue May 27 07:15:52 UTC 2025
Talent500,Tue May 27 07:14:12 UTC 2025
Geek Room,Tue May 20 14:46:31 UTC 2025
Codess.Cafe,Thu Apr 10 04:16:24 UTC 2025
T-Hub,Sat Apr 05 11:47:05 UTC 2025
GO Classes,Mon Mar 24 19:02:38 UTC 2025
Android Club - VIT Bhopal,Mon Feb 03 13:36:20 UTC 2025
Android Club's Winter of Code,Wed Jan 29 05:50:31 UTC 2025
FAR.AI,Sun Jan 26 11:56:05 UTC 2025
The NAMESPACE Community,Sun Jan 19 03:27:39 UTC 2025
Neusort,Sun Jan 05 18:56:20 UTC 2025
LinkedIn Life,Sun Jan 05 15:58:32 UTC 2025
Google Developer Groups on Campus - IIIT Kalyani,Sun Jan 05 01:59:17 UTC 2025
"Generative AI Tutorials, Prompts & Use Cases for Gemini, DeepSeek, Claude, OpenAI | ChatGPT Central",Wed Jan 01 11:33:36 UTC 2025
Robokalam®,Sat Dec 21 08:45:03 UTC 2024
Ant International,Wed Dec 18 16:50:33 UTC 2024
Girls Leading Tech,Tue Dec 17 13:23:32 UTC 2024
Blocktrack Protocol,Wed Nov 20 02:43:35 UTC 2024
Amazon Web Services (AWS),Sat Nov 16 15:26:01 UTC 2024
freeCodeCamp,Fri Nov 15 04:36:23 UTC 2024
Unstop,Tue Nov 12 15:13:07 UTC 2024
Free Online Courses,Thu Nov 07 13:59:20 UTC 2024
HackerRank,Thu Nov 07 13:58:26 UTC 2024
Winter Of Blockchain,Mon Nov 04 14:46:21 UTC 2024
GirlScript Foundation,Mon Nov 04 10:45:53 UTC 2024
Google Developer Groups (GDG),Mon Nov 04 10:45:49 UTC 2024
GeeksforGeeks,Mon Nov 04 10:45:48 UTC 2024
Social Winter of Code (SWOC),Mon Nov 04 10:45:43 UTC 2024
GitHub,Sat Nov 02 10:46:58 UTC 2024
Nazer Apps,Wed Oct 30 13:47:19 UTC 2024
JBG Ventures,Mon Oct 28 13:53:49 UTC 2024
Startup Pedia,Wed Oct 23 10:52:58 UTC 2024
AWS Training & Certification,Sat Oct 19 07:02:19 UTC 2024
Microsoft,Sat Oct 19 07:02:17 UTC 2024
Heart Digital,Fri Oct 18 17:45:00 UTC 2024
Jobs and Internships Updates,Tue Oct 15 08:15:44 UTC 2024
Google,Tue Oct 15 08:15:42 UTC 2024
Google Summer of Code,Tue Oct 15 08:15:35 UTC 2024
GirlScript Summer of Code,Tue Oct 15 08:13:07 UTC 2024
Tata Projects,Tue Oct 15 08:13:03 UTC 2024
Work From Home/ Fresher & Experience Jobs,Tue Oct 15 08:12:58 UTC 2024
Amazon,Tue Oct 15 08:12:56 UTC 2024
Samyak Tech Labs,Mon Oct 14 14:48:57 UTC 2024
YemPover Inc,Sat Oct 12 06:44:39 UTC 2024
Doutya News Platform,Sat Oct 12 03:36:37 UTC 2024
"Premier Federal, Inc.",Tue Oct 08 08:53:24 UTC 2024
Repello AI,Mon Oct 07 16:55:13 UTC 2024
Diversity Global Magazine,Mon Oct 07 16:51:47 UTC 2024
Nucleus Technologies,Wed Oct 02 14:22:30 UTC 2024
Kitt - Business Travel,Tue Oct 01 14:24:53 UTC 2024
Finding Candidate,Tue Oct 01 14:23:12 UTC 2024
WaveHire,Mon Sep 30 18:14:30 UTC 2024
Dodo Payments,Tue Sep 24 17:14:40 UTC 2024
Writing,Tue Sep 24 17:03:57 UTC 2024
Content Management,Tue Sep 24 17:03:27 UTC 2024
The Draft,Mon Sep 23 13:29:54 UTC 2024
Cyborgwave,Mon Sep 23 12:14:05 UTC 2024
Filemakr,Fri Sep 20 11:48:34 UTC 2024
Unified Mentor,Wed Sep 18 16:47:02 UTC 2024
CodeAlpha ,Tue Sep 03 12:16:58 UTC 2024
Problem Solving,Fri Aug 30 18:27:13 UTC 2024
Communication,Fri Aug 30 18:26:50 UTC 2024
Analytical Skills,Fri Aug 30 18:17:31 UTC 2024
HTML,Fri Aug 30 18:10:59 UTC 2024
Main Flow Services and Technologies Pvt. Ltd.,Mon Jun 10 16:29:13 UTC 2024
LinkedIn News India,Thu May 16 11:32:24 UTC 2024