Notes:
"When exporting your connection data, you may notice that some of the email addresses are missing. You will only see email addresses for connections who have allowed their connections to see or download their email address using this setting https://www.linkedin.com/psettings/privacy/email. You can learn more here https://www.linkedin.com/help/linkedin/answer/261"

First Name,Last Name,URL,Email Address,Company,Position,Connected On
Shalini,Thummala,https://www.linkedin.com/in/shalini-t-8500aa19b,Thummalashalini0124@gmail.com,Health Net,Senior Data Engineer,16 Jun 2025
Dhanavath,Bhaskar,https://www.linkedin.com/in/dhanavath-bhaskar-362ba4213,,,,16 Jun 2025
Ratnesh Kumar,Jaiswal,https://www.linkedin.com/in/ratnesh-kumar-jaiswal,,"Centre for Artificial Intelligence and Robotics (CAIR), IIT Mandi",Research Intern,16 Jun 2025
Abhijeet ,Giri,https://www.linkedin.com/in/abhijeet-giri-6999ba36a,,,,14 Jun 2025
Priya,.,https://www.linkedin.com/in/priya-27a522333,,Code; Without Barriers,Mentee,13 Jun 2025
Tejeswari,Palisetti,https://www.linkedin.com/in/tejeswari-palisetti-00b086340,,,,11 Jun 2025
Pooja,Yuvaraj,https://www.linkedin.com/in/pooja-yuva,,NIIT Foundation,Cyber Security with AI Intern,10 Jun 2025
Adithya,Krishnan KS,https://www.linkedin.com/in/adithya-krishnan-ks-7a8bb0329,,MathWorks,Intern,10 Jun 2025
Hari Keerthana,Katakam,https://www.linkedin.com/in/hari-keerthana-katakam-603347337,,,,10 Jun 2025
Swathi Royal,Kotte,https://www.linkedin.com/in/swathi-royal-kotte-1bb09134a,,,,10 Jun 2025
RAMI REDDY,GAYATHRI,https://www.linkedin.com/in/rami-reddy-gayathri-479762251,,Infosys Springboard,Pragati: Path to Future - Cohort 4 ,09 Jun 2025
Roshani,Chaudhari,https://www.linkedin.com/in/roshani-chaudhari-b74a59342,,,,09 Jun 2025
Nikhitha,Kondra,https://www.linkedin.com/in/nikhitha-kondra-9b459032b,,,,09 Jun 2025
Devang,Kali,https://www.linkedin.com/in/devangkali,,,,09 Jun 2025
Tarun Kumar,Kassetti,https://www.linkedin.com/in/tarunkassetti,,CodeIndia Community,Content Manager,09 Jun 2025
BOREDDY VENKATA,SUBBA RAMI REDDY,https://www.linkedin.com/in/boreddy-venkata-subba-rami-reddy-92915a1bb,,,,08 Jun 2025
Nandani,Gupta,https://www.linkedin.com/in/nandaniiguptaa,,,,08 Jun 2025
RAKESH KUMAR,DAS,https://www.linkedin.com/in/rakesh-kumar-das-ba1a1a250,,,,08 Jun 2025
Akash,Umrao,https://www.linkedin.com/in/akash-umrao-b8937b343,,,,07 Jun 2025
Harsh,Panchal,https://www.linkedin.com/in/harsh--panchal,,VITKULT VIT Bhopal,Core Member - Design Team,06 Jun 2025
Shubhanshu,Kumar,https://www.linkedin.com/in/shubhanshu-kumar-6a961525a,,GirlScript Foundation,Web Developer,06 Jun 2025
,,,,,,06 Jun 2025
Akanksha,Kalamadugu,https://www.linkedin.com/in/akanksha-kalamadugu-957059301,,,,06 Jun 2025
Ayotomiwa,Onifara,https://www.linkedin.com/in/ayotomiwa-onifara,,BigFix Integrated Technologies Ltd,Software Engineer,05 Jun 2025
Hemanth,lanka,https://www.linkedin.com/in/lankahemanth,,,,04 Jun 2025
tanusri,karri,https://www.linkedin.com/in/tanusri-karri-455613317,,ECRUSH RGUKTN,Student Volunteer(Content Writer),04 Jun 2025
Barkilign,Mulatu,https://www.linkedin.com/in/restin7bark,,Excelerate,Data Visualization ,04 Jun 2025
bhargavi,boga,https://www.linkedin.com/in/bhargavi-boga-15a06a364,,College,Student,03 Jun 2025
Sowjanya,Koyalapu,https://www.linkedin.com/in/sowjanya-koyalapu-359792291,,,,03 Jun 2025
Sindhu,Dantam,https://www.linkedin.com/in/sindhu-dantam,,VISWAM.AI,Al Developer ,02 Jun 2025
,,,,,,02 Jun 2025
Chandan,K I ,https://www.linkedin.com/in/chandan-k-i-767a852b3,,,,02 Jun 2025
Pravalika,Moraboyina,https://www.linkedin.com/in/pravalika-moraboyina-6b587331a,,,,02 Jun 2025
Anurag,Srivastava,https://www.linkedin.com/in/anuragshrivastava06,,Cognifyz Technologies,Frontend Developer,02 Jun 2025
Likitha,Dadi,https://www.linkedin.com/in/likitha-dadi,,Internshala,Campus Ambassador,02 Jun 2025
Aritra,Das (Skyroid),https://www.linkedin.com/in/aritra-das-skyroid-607997203,,Netflix,Freelance Ideation Expert,01 Jun 2025
Katula,Vaishnavi,https://www.linkedin.com/in/katula-vaishnavi-346a14338,,,,01 Jun 2025
SACHIN,PAL,https://www.linkedin.com/in/sachinpalaws,,,,31 May 2025
Nadav ,Benedek,https://www.linkedin.com/in/nadavbenedekxeinst,,Xeinst,Co-Founder,31 May 2025
Ansh,Kyal,https://www.linkedin.com/in/anshkyal,,"Alumni Cell, IIT Indore",Alumni Cell Head,30 May 2025
Shiva,Banda,https://www.linkedin.com/in/shiva-banda-b75206355,,No,No,30 May 2025
Ishita,Agrawal,https://www.linkedin.com/in/ishita-agrawal-dev,,Techव्योम,Executive,30 May 2025
Tanishka,Talreja,https://www.linkedin.com/in/tanishka-talreja-399978317,,Project Sparsh,Head of Content and Research ,30 May 2025
Mohammad,Danish,https://www.linkedin.com/in/mohammad-danish-535028294,,Algorand Blockchain Club LIET,Lead,30 May 2025
Pranav,Sangoji,https://www.linkedin.com/in/deepuchary03,,Edunet Foundation,Foundations of AI intern,30 May 2025
Shivam,kumar rai,https://www.linkedin.com/in/shivam-kumar-rai-b3b307276,,CEED Chitkara University HP,Event Coordinator,30 May 2025
Priyasha,Sabbavarapu,https://www.linkedin.com/in/priyasha1503,,,,29 May 2025
Rifah,Fathima,https://www.linkedin.com/in/rifah-fathima-280aa1267,,,,28 May 2025
Manoj Kumar,Perisetla,https://www.linkedin.com/in/manojkumarperisetla29,,Achieve Software Training And Skill Development Center,Intern,28 May 2025
Knights,Gaming,https://www.linkedin.com/in/knights-gaming-a489a134a,,,,27 May 2025
Satwik,Somawanshi,https://www.linkedin.com/in/satwik-somawanshi-944a16336,,GDSC,Social Media Team Member,27 May 2025
Sreejita,Dhar,https://www.linkedin.com/in/sreejitadhar,shipradhar1999@gmail.com,Tata Consultancy Servicess,Systems Engineer (Prime Cadre),27 May 2025
Kavish,Garg,https://www.linkedin.com/in/kavish-garg-577926264,,Institution's Innovation Council : NIT-J,Core Member,26 May 2025
Praveen,Maila,https://www.linkedin.com/in/praveen-maila-03a5261b6,,Connecting Dreams Foundation,Blockchain Intern,26 May 2025
ANNAM,RAJESH,https://www.linkedin.com/in/annam-rajesh-74707b263,,,,26 May 2025
Shaurya,Pethe,https://www.linkedin.com/in/shaurya-pethe,,Rupyz,Back End Developer,26 May 2025
Parth,Patel,https://www.linkedin.com/in/parth-patel-developer,,AmaruCity,Software Developer,26 May 2025
Ashwani,Soni,https://www.linkedin.com/in/ashwani-soni-8156172bb,,,,25 May 2025
Tushar,Bhardwaj,https://www.linkedin.com/in/bhardwajtushar2004,,Microsoft,Software Engineer Intern,25 May 2025
Deepak,S,https://www.linkedin.com/in/deepak-s-dr,,,,25 May 2025
Eswar,Prasad,https://www.linkedin.com/in/eswar-prasad-3a490b2bb,,,,24 May 2025
Prasanna,Pratap Singh,https://www.linkedin.com/in/prasanna-pratap-singh-323238318,,IEEE,Student Partner-Design Partner,24 May 2025
Piyush,Kushwaha,https://www.linkedin.com/in/piyush-k-4302ba226,,Class representative,Class representative ,23 May 2025
Pallavi,Myla,https://www.linkedin.com/in/pallavi-m-1a0b9931a,,,,23 May 2025
Sujeet,Dubey,https://www.linkedin.com/in/sujeet-dubey95,,Internpe ,Assistant,23 May 2025
Venkatesh,S,https://www.linkedin.com/in/venkatesh-s-2248252b8,,Accenture,Software Engineering Team Lead,22 May 2025
Vamsi,Koilada,https://www.linkedin.com/in/vamsikoilada,,interviewspace,Founder and CEO,22 May 2025
Reddy Likhitha,Gopuvaram,https://www.linkedin.com/in/reddy-likhitha-gopuvaram-b6b267321,,Google Cloud Skills Boost,Student Trainee,21 May 2025
Ishita,P,https://www.linkedin.com/in/ishita-p-65baa6356,,,,20 May 2025
Rahul,Maurya,https://www.linkedin.com/in/rahulmaurya0863,,Google Cloud Community India,Google Cloud Arcade Program,20 May 2025
SILAKINI,.K,https://www.linkedin.com/in/silakini-k,,Social(Formerly Script Foundation),Contributor,20 May 2025
Jashwanth,Bavandlapalli,https://www.linkedin.com/in/jashwanthnani,,Google Developer Student Clubs,GDSC Member,19 May 2025
Sakshi,Jain,https://www.linkedin.com/in/sakshi-jain-805537249,,PW (PhysicsWallah),Campus Ambassador,19 May 2025
Aditya,Sharma,https://www.linkedin.com/in/adityasharma36,,,,19 May 2025
Kaviya,Kaviarasi,https://www.linkedin.com/in/kaviya-kaviarasi-b44178328,,,,19 May 2025
Akshay,Kumar,https://www.linkedin.com/in/akshaykumar0611,,ShadowFox,ShadowFox Web Development Intern,19 May 2025
Vijay,Shetty,https://www.linkedin.com/in/vijay-shetty-00373517,,Rockwell International school,Teacher of French,19 May 2025
Lakshit,Gupta,https://www.linkedin.com/in/lakshit-gupta-771842322,,,,19 May 2025
Vinith,Gunturu,https://www.linkedin.com/in/vinith-gunturu-2003d,,,,19 May 2025
Subrat,Kumar Singh,https://www.linkedin.com/in/subrat-kumar-singh-597973207,,"Training and Placement Cell, USICT",Placement Coordinator,18 May 2025
Nivetha,D,https://www.linkedin.com/in/nivetha-d-4263b3350,,Kousika Technologies,Jr Python developer,17 May 2025
ASWINI,LEVIDI,https://www.linkedin.com/in/aswini-levidi-108b91343,,,,17 May 2025
Kunal,Thakare,https://www.linkedin.com/in/kunalthakarevit,,,,17 May 2025
Naresh,Patil,https://www.linkedin.com/in/nareshpatil17,,,,16 May 2025
Sai Charan,Sripada,https://www.linkedin.com/in/sripada-sai-charan,,"Indian Institute of Technology, Bhilai",Core Member -DesginX,15 May 2025
Samala,Tatwa,https://www.linkedin.com/in/samala-tatwa-997b42298,,,,14 May 2025
Vamshi Krishna,Boorla,https://www.linkedin.com/in/vamshi-krishna-boorla-a2a6b0296,,Smart Interviews,Student,14 May 2025
SURYA  KALA,GOLLAPALLI,https://www.linkedin.com/in/surya-kala-gollapalli-5b9046322,,,,14 May 2025
Konkumutti,Srihitha,https://www.linkedin.com/in/konkumutti-srihitha-307b14308,,,,14 May 2025
Anushka,Sharma,https://www.linkedin.com/in/anushka-sharma-4b9102331,,,,14 May 2025
Dhyana,Anbalagan,https://www.linkedin.com/in/dhyana-anbalagan,,,,13 May 2025
Shahid,Khan,https://www.linkedin.com/in/shahidx05,,,,13 May 2025
Vishal,Kumar,https://www.linkedin.com/in/vishal-kumar-3835a9330,,,,13 May 2025
Jameela,Banu,https://www.linkedin.com/in/jameela-banu-184a6028b,,,,13 May 2025
Nitin,Kumar,https://www.linkedin.com/in/nitin-kumar-a17992274,,,,12 May 2025
Thanuja,Vavili,https://www.linkedin.com/in/thanujavavili,,IEEE,IEEE Student Member,12 May 2025
PRADNESH,PATIL,https://www.linkedin.com/in/pradnesh-patil-24521a318,,,,11 May 2025
prince kumar ,gupta,https://www.linkedin.com/in/prince-kumar-gupta-770886314,,,,11 May 2025
Sushma,Marka,https://www.linkedin.com/in/sushma-marka-99125034b,,,,11 May 2025
Thallapally,Lakshith,https://www.linkedin.com/in/thallapally-lakshith-3b215a35b,,,,11 May 2025
Spoorthi,Eppanapelly,https://www.linkedin.com/in/spoorthi-eppanapelly,,LetsUpgrade,Student Ambassador,09 May 2025
Dileep Kumar,Grandhi,https://www.linkedin.com/in/dileep-kumar-grandhi-3005a2225,,Sri Vasavi Engineering College,Student,09 May 2025
Deepak,Gupta,https://www.linkedin.com/in/deepakgupta249,divi2749@gmail.com,TechNeeds IGDTUW,Web Development & Resume Building Mentor,09 May 2025
Aayushi,Kumari,https://www.linkedin.com/in/aayushi-kumari-a52465302,,,,08 May 2025
Hemalatha,Venkatesan,https://www.linkedin.com/in/hemalatha-venkatesan-084143328,,,,08 May 2025
Shreyansh,Aryan,https://www.linkedin.com/in/shreyansh-aryan-885323311,,,,08 May 2025
Kartik,Sharma,https://www.linkedin.com/in/sharmaxkartik,,GDSC,Technical Team Member,07 May 2025
Tamkheen,Fazliyat,https://www.linkedin.com/in/tamkheenfazliyat,,,,06 May 2025
Krishnashish,Munshi,https://www.linkedin.com/in/krishnashish-munshi,,Android Club - VIT Bhopal,R&D(Cybersecurity) Team Member,06 May 2025
Shaik,Raafiya,https://www.linkedin.com/in/shaik-raafiya-37b13831b,,,,06 May 2025
Chandan,Kumar,https://www.linkedin.com/in/chandan-kumar-55b778328,,,,05 May 2025
Shashwat,Ranjan,https://www.linkedin.com/in/shashwat-ranjan-6a157728a,,"DRDO, Ministry of Defence, Govt. of India",Project Intern (AI & ML),05 May 2025
Sriya,Bose,https://www.linkedin.com/in/sriya-bose-158449273,,Google Cloud Skills Boost,Contributor,04 May 2025
Harshitha,Katabathina,https://www.linkedin.com/in/harshitha312k,,,,03 May 2025
Tarun,Rathore,https://www.linkedin.com/in/tarun-rathore-906b0426a,,GirlScript Summer of Code,Open Source Contributor,02 May 2025
Yash,Prajapati,https://www.linkedin.com/in/yash-prajapati-261ab7252,,,,02 May 2025
Aarushi,Chottani,https://www.linkedin.com/in/aarushi-chottani-80b861322,,SkillOrbit,Director of Partnerships and Outreach,02 May 2025
Gandla,Anjali,https://www.linkedin.com/in/gandla-anjali-8688602b3,,,,01 May 2025
Manish,Birthal,https://www.linkedin.com/in/manish-birthal,,TH!NKBOTS DCRUST,Member,01 May 2025
Akash,Kumar,https://www.linkedin.com/in/youfoundakash,,Jeevan Jhola,Vision Gardener,01 May 2025
Veer Raj,Singh Bhullar,https://www.linkedin.com/in/veer-raj-singh-bhullar-104515213,,IBM,Data Science Intern,01 May 2025
Praveen,Devireddy,https://www.linkedin.com/in/praveen-devireddy,,bp,UI Designer,30 Apr 2025
Amit,Barman,https://www.linkedin.com/in/amit-barman-a68524290,,,,30 Apr 2025
Dewansh,Kumar,https://www.linkedin.com/in/dewansh-kumar-487bb425b,,Codechef College Chapter - GRASP - IIT Gandhinagar,"Core Member, Problem-Setting",29 Apr 2025
,,,,,,29 Apr 2025
kanakala,Ashish Satya surya ram,https://www.linkedin.com/in/kanakala-ashish-satya-surya-ram-b898aa267,,,,29 Apr 2025
Akula,Vinayakasai,https://www.linkedin.com/in/akula-vinayakasai-65770932a,,,,28 Apr 2025
Bhavishya ,Ambati,https://www.linkedin.com/in/bhavishya-ambati,,Infosys Springboard,Pragati:PathToFuture Cohort-3 Mentee,28 Apr 2025
Vinay,Kumar,https://www.linkedin.com/in/vinay-evolvecode,,,,28 Apr 2025
Prabhas,Kumar,https://www.linkedin.com/in/prabhas-kumar-b164b7323,,GirlScript Summer of Code,Open Source Contributor,27 Apr 2025
Gihan,Madhusankha,https://www.linkedin.com/in/gihan-madhusankha-23113a2a2,,,,27 Apr 2025
Vaishnavi,Pasupureddi,https://www.linkedin.com/in/vaishnavi-pasupureddi-948036358,,,,27 Apr 2025
Aditi,Sahu,https://www.linkedin.com/in/aditi-sahu-138a05312,,,,27 Apr 2025
sachin,mugade,https://www.linkedin.com/in/sachin-mugade-7a3545306,sachinmugade8797@gmail.com,,,27 Apr 2025
Kushagra,Shandilya,https://www.linkedin.com/in/kushagra-shandilya-870a692aa,,,,26 Apr 2025
Lokesh,Yechina,https://www.linkedin.com/in/lokesh-yechina,,SURE TRUST,Intern,26 Apr 2025
Pratul,Makar,https://www.linkedin.com/in/pratul-makar,,TDK Global,Software Engineering Trainee,26 Apr 2025
Mohit,Kumar,https://www.linkedin.com/in/mohitkumar2005,,InternPe,Intern,26 Apr 2025
Sathvika,Jagarlamudi,https://www.linkedin.com/in/satwika555,,The Milestone Club : VIT-AP,Team Lead,26 Apr 2025
BHARATH KUMAR,MURAPAKA,https://www.linkedin.com/in/bharath-kumar-murapaka-264014289,,STUDENTMITRA RGUKTN,Chief Technical officer,26 Apr 2025
Pawan,kumar,https://www.linkedin.com/in/pawan-kumar-1a7725342,,Zomato India,Zomato,26 Apr 2025
Yash,gaware,https://www.linkedin.com/in/yash-gaware-71b28333b,,,,25 Apr 2025
Anshu,Dhattarwal ,https://www.linkedin.com/in/anshu-dhattarwal-9bb99935a,,,,24 Apr 2025
Shivam,Patkar,https://www.linkedin.com/in/shivam-patkar-26s01,,Ouranos Robotics Pvt Ltd (KrishiVerse & BlueWave),Web Development Intern,24 Apr 2025
Lavanya,Anna,https://www.linkedin.com/in/lavanya-anna,,,,24 Apr 2025
Anshika,Pandey,https://www.linkedin.com/in/anshika-pandey-91916831a,,Tech Mahindra,Information Technology Support Specialist,24 Apr 2025
Nayan,Potdukhe,https://www.linkedin.com/in/nayan-potdukhe-5a2a55295,,Lemon Ideas - An ecosystem ! ,Backend and Deployment Intern,23 Apr 2025
Priyanka,Swain,https://www.linkedin.com/in/priyanka-swain-01a133354,,,,23 Apr 2025
Divyansh,Solanki,https://www.linkedin.com/in/divyansh-solanki-295179316,,,,22 Apr 2025
Shriya,Sharma,https://www.linkedin.com/in/shriya-sharma-9122006d,,,,21 Apr 2025
SHASHANK,VENIGALLA,https://www.linkedin.com/in/shashank-venigalla-6531ba240,,Cognizant,Program Analyst Trainee,20 Apr 2025
Keshav Singh,Rajpoot,https://www.linkedin.com/in/keshav-singh-rajpoot-b37277242,,Outlier,AI Math Tutor,20 Apr 2025
Jaideep,Tatikonda,https://www.linkedin.com/in/jaideep-tatikonda,,AWS Cloud Club Mohan Babu University,Student Coordinator,20 Apr 2025
Ishaan,Sharma,https://www.linkedin.com/in/ishaan-sharma-813231324,,"SPARK, E-Cell",Logistics Core Member,19 Apr 2025
Sachin,Saini,https://www.linkedin.com/in/sachin-s-a6236625a,,LinkedIn,LinkedIn management ,19 Apr 2025
Ayush,Kumar,https://www.linkedin.com/in/ayush-kumar-1a7b93288,,Explorin,Coding Club Member ,19 Apr 2025
Ashutosh,Mishra,https://www.linkedin.com/in/ashutosh-mishra1234,,ITJOBXS,SDE Intern ,18 Apr 2025
RAMEESA,.,https://www.linkedin.com/in/amatulsaleha,,Edunet Foundation,Microsoft - AI Azure,18 Apr 2025
Pranav,Bellamkonda,https://www.linkedin.com/in/pranav-bellamkonda-8879682a2,,,,18 Apr 2025
Sindhu,madhavi,https://www.linkedin.com/in/sindhu-madhavi,,Alignity,Talent Acquisition Associate,18 Apr 2025
Mukund,Jagani,https://www.linkedin.com/in/mukund-jagani,,,,17 Apr 2025
Thurubilli,Sai Manoj,https://www.linkedin.com/in/thurubilli-sai-manoj-96012b31a,,,,16 Apr 2025
Bhoomi,Mahajan,https://www.linkedin.com/in/bhoomi-mahajan-33a808277,,Chitkara University,Student,16 Apr 2025
Bhargavi,Kutcharlapati,https://www.linkedin.com/in/bhargavikutcharlapati,,,,15 Apr 2025
Madhu Babu,Gurram,https://www.linkedin.com/in/madhu-gurram,,Numetry Technologies,Software developer intern,13 Apr 2025
Deepthi,Reddy,https://www.linkedin.com/in/deepthi-reddy-40b48432b,,,,13 Apr 2025
Hari Priya,Yathirajula,https://www.linkedin.com/in/hari-priya-yathirajula-67b581332,,,,13 Apr 2025
Aniket,Patil,https://www.linkedin.com/in/aniket-patil-6bb92b289,,,,12 Apr 2025
H Krishna,Choudhary,https://www.linkedin.com/in/choudharykrishna40,,,,12 Apr 2025
SAMATHA,MALREDDY,https://www.linkedin.com/in/samatha-malreddy-430853344,,,,11 Apr 2025
Ayush,Verma,https://www.linkedin.com/in/ayush-verma-5b6153231,,Mood Indigo IIT Bombay,Indigo Squad Member at Mood Indigo IIT Bombay,11 Apr 2025
ABHILASH,JUNGALA,https://www.linkedin.com/in/abhilash-jungala-077691293,,,,11 Apr 2025
Raja,Dhanish,https://www.linkedin.com/in/raja-dhanish-475777293,,,,11 Apr 2025
Mohammed Saqib,Patel,https://www.linkedin.com/in/mohammedsaqibpatel,,ITJOBXS,SDE Intern,10 Apr 2025
Cholaveti,Charan,https://www.linkedin.com/in/cholaveti-charan-96b73b280,,,,10 Apr 2025
,,,,,,09 Apr 2025
GURAJALA ,KRANTHI KUMAR,https://www.linkedin.com/in/gurajala-kranthi-kumar024,,Kaynes Technology India Limited,Quality Control Specialist,09 Apr 2025
BHOJANAPU,VENKATA ROHITH,https://www.linkedin.com/in/bhojanapu-venkata-rohith-3a64672b6,,,,09 Apr 2025
Gulam,Ansari,https://www.linkedin.com/in/gulam-ansari,,,,08 Apr 2025
Hari Krishna,Malladi,https://www.linkedin.com/in/hari-krishna-malladi-b286017b,,Cognida.ai,Architect,08 Apr 2025
Rohit ,Kumar,https://www.linkedin.com/in/rohitrai27,,VirtuNexa,Java Developer,07 Apr 2025
Harshavardhan,Thatikonda,https://www.linkedin.com/in/thatikondaharshavardhan,,Student Tribe,Community Member,07 Apr 2025
Birendra,Jha,https://www.linkedin.com/in/birendra-jha-811825281,,Byjus exam prep,Former Senior Associate,07 Apr 2025
Animesh,Singh,https://www.linkedin.com/in/animeshsingh9693,,Google Cloud Arcade Facilitator Program,Facilitator,06 Apr 2025
Abhay Singh,Rathore,https://www.linkedin.com/in/abhaysinghrathore-dev,,SSSIT Computer Education,Learning And Development Specialist,06 Apr 2025
Himanshu,Gupta,https://www.linkedin.com/in/himanshu-gupta-84267330a,,,,06 Apr 2025
Mohammed Affan,Ali,https://www.linkedin.com/in/mohammed-affan-ali-07017b2ba,,Google Developer Student Clubs LIET,Management Team Member,05 Apr 2025
Rita,Kumari,https://www.linkedin.com/in/rita2222,,IBM,Artificial Intelligence Intern,04 Apr 2025
Rana,Talukdar,https://www.linkedin.com/in/rana-talukdar-782b60293,,Android Club - VIT Bhopal,Research and development ,04 Apr 2025
Shivam,kumar Pandey,https://www.linkedin.com/in/shivam-kumar-pandey-b7320b280,,Internshala,Internshala student provider ,04 Apr 2025
Shreya,Bansal,https://www.linkedin.com/in/shreya-bansal-a49995310,,,,02 Apr 2025
Om,Karmele,https://www.linkedin.com/in/om-karmele,,Microsoft & Edunet Foundation,Internship Trainee,02 Apr 2025
Sachin,Sonawane🛡️,https://www.linkedin.com/in/sachinsonawane012,,Digital Techists Consulting,Search Engine Optimization Specialist (Manager),02 Apr 2025
Ashish,Patel,https://www.linkedin.com/in/ashish-patel-b65310295,,,,02 Apr 2025
Aagama,AR,https://www.linkedin.com/in/aagamaar,,NSDC MEC,Outreach Sublead,01 Apr 2025
Anisha,Behera,https://www.linkedin.com/in/anishabehera,,YouTube,Content Creator,01 Apr 2025
Vinod krishna,Banda,https://www.linkedin.com/in/vinod-krishna-banda,,Scaler School of Technology,Student Intern,01 Apr 2025
Riya,Jaiswal,https://www.linkedin.com/in/riya-jaiswal-0317b1325,,,,01 Apr 2025
Shambhavi,Paygude,https://www.linkedin.com/in/shambhavi-paygude-aa8b02274,,ACM-VIT CHAPTER,ACM-W Secretary,31 Mar 2025
Sneha,Verma,https://www.linkedin.com/in/sneha-verma-071b04322,,,,30 Mar 2025
Kishan,Kumar Hv,https://www.linkedin.com/in/kishan-kumar-hv-877ab4320,,,,30 Mar 2025
NANDA,GUNASRI,https://www.linkedin.com/in/nanda-gunasri-6b59a429a,,,,29 Mar 2025
Sai Akash,Pydipala,https://www.linkedin.com/in/sai-akash-pydipala-932167256,,Microsoft Learn Student Club (SVEC),Ambassador,29 Mar 2025
Kanika,Budhiraja,https://www.linkedin.com/in/kanika-budhiraja30,,SheFi,Shefi Scholar,29 Mar 2025
Yeruva,Alekhya,https://www.linkedin.com/in/yeruva-alekhya-15a18a313,,,,29 Mar 2025
Harshit,Maurya,https://www.linkedin.com/in/44-harshit-maurya,,IEEE VIT BHOPAL,Web Developer,29 Mar 2025
Kavya,Pedada,https://www.linkedin.com/in/kavya-pedada-627032331,,,,29 Mar 2025
Yarrabathina,Mukesh,https://www.linkedin.com/in/yarrabathina-mukesh-aa5120249,,,,29 Mar 2025
Vinit,Karlekar,https://www.linkedin.com/in/vinit-karlekar,,Android Club - VIT Bhopal,Media Team Lead,29 Mar 2025
Sirichandana,Matturi,https://www.linkedin.com/in/sirichandana-matturi-7a7124254,,,,28 Mar 2025
Subhodeep,Ghosh,https://www.linkedin.com/in/subhodeep-ghosh-795320266,,,,27 Mar 2025
Naraendira,S,https://www.linkedin.com/in/naraendira-s-646ab1261,,,,27 Mar 2025
Krishna,Bhavsar,https://www.linkedin.com/in/krishnaabhavsar07,,Reskilll,Open Source Contributor-SSoC'25,27 Mar 2025
Rishikesh,Prasad,https://www.linkedin.com/in/rishianand108,,SF IEEE Student Branch,Chairperson,26 Mar 2025
Vyom,Goyal,https://www.linkedin.com/in/vyom-goyal-09ab5b246,,Samsung R&D Institute India - Bangalore,Research And Development Intern,25 Mar 2025
Arisha,Firoz,https://www.linkedin.com/in/arisha-firoz-668638331,,Infosys Springboard,Pragati: Path to future (Cohort-4),25 Mar 2025
Dev,Ashish,https://www.linkedin.com/in/dev1604,,,,25 Mar 2025
Prathmesh ,Narayankar,https://www.linkedin.com/in/prathmesh-narayankar,,Mentorsity,Human Resources Recruiter,25 Mar 2025
Tushar Kanta,Pradhan,https://www.linkedin.com/in/tushar-kanta-pradhan-25b824302,,,,25 Mar 2025
Ruhin,Bhattasali,https://www.linkedin.com/in/ruhin-bhattasali-711a72311,,Social Summer of Code,Contributer,25 Mar 2025
Naga Varshitha,Pulluru,https://www.linkedin.com/in/pulluru-nagavarshitha,,Student Tribe (formerly stuMagz),Community Member,24 Mar 2025
Naga,Raju,https://www.linkedin.com/in/naga-raju-24282827a,,,,24 Mar 2025
Sujith,Barkam,https://www.linkedin.com/in/sujith-barkam-33160b2ba,,Inspire Leap Private Limited,Lead Generation co-ordinator,24 Mar 2025
Saurabh,Gupta,https://www.linkedin.com/in/saurabh-gupta-19047b1b6,,"JSPIDERS, Bangalore",Java Specialist,24 Mar 2025
Drashti,Chag,https://www.linkedin.com/in/drashti-chag-975498255,,All India Council for Technical Education (AICTE) ,Artificial Intelligence Intern,24 Mar 2025
Chandu,siddhartha,https://www.linkedin.com/in/chandusiddartha,,GO Classes,Technical Team Member,24 Mar 2025
ivine,chemutai ,https://www.linkedin.com/in/ivine-c-809171195,,,,23 Mar 2025
Ranjan kumar,Verma,https://www.linkedin.com/in/ranjan-kumar-verma-5aa805271,,Intrakraft,Intern,23 Mar 2025
Nikhitha,Kyatham,https://www.linkedin.com/in/nikhithakyatham,,1M1B (1 Million for 1 Billion),Green Intern,22 Mar 2025
Mrudul,MM,https://www.linkedin.com/in/mrudulmm,,"ACM, Association for Computing Machinery",Coordinator,22 Mar 2025
Ashish,Kumar,https://www.linkedin.com/in/ashish-kumar-521b7222a,,,,21 Mar 2025
Rishi,Sharma,https://www.linkedin.com/in/rishi-sharma-278999152,,"National Informatics Centre, Govt of India",Jila Sochna Vighyan Adhikari(DIO),21 Mar 2025
Madhur,Manglam,https://www.linkedin.com/in/madhur-manglam-a83353262,,,,21 Mar 2025
Mudurakola,Rachana,https://www.linkedin.com/in/mudurakola-rachana-43a17332a,,,,21 Mar 2025
shivam kumar,kumar,https://www.linkedin.com/in/shivam-kumar-kumar-15a87b2b9,,,,21 Mar 2025
Ashmit,Rajput,https://www.linkedin.com/in/ashmit-rajput-10b817299,,AXIOS IIIT_Bhopal,Cloud Assistant ,20 Mar 2025
Anubhav,Mishra,https://www.linkedin.com/in/anubhav-mishra-b27459256,,,,19 Mar 2025
Maulik,Devmurari,https://www.linkedin.com/in/maulik-devmurari-061a77308,,AgroCast Analytics Pvt. Ltd.,Machine Learning Engineer,19 Mar 2025
Ayush,Iyer,https://www.linkedin.com/in/godbelievesme26,,Renovation Tech Robotics and Aeromodelling,Aerospace Head,19 Mar 2025
Shiv,Mehrotra,https://www.linkedin.com/in/shiv-mehrotra-425558232,,Vaidsys Technologies,Data Science Intern,19 Mar 2025
Sudhanshu,Shekhar,https://www.linkedin.com/in/sudhanshu-shekhar-7bbb7325a,,"Amritsar College of Engg. & Tech, Amritsar",Undergraduate Student,18 Mar 2025
Akhila,Peddireddy,https://www.linkedin.com/in/akhila-peddireddy-ba0346306,,Startup and enterpreneurship club SGC RGUKT srikakulam,General secretary of Startup club ,18 Mar 2025
Sowmya,Gosetti,https://www.linkedin.com/in/sowmya-gosetti-1761172b7,,Basel Technologies Pvt Ltd,Cloud Engineer,18 Mar 2025
Omi,Dave,https://www.linkedin.com/in/omi-dave-454897342,,"London Maths, Physics & Chemistry Tutors","Maths, English & Science Tutor",18 Mar 2025
sanjay,nalamasa,https://www.linkedin.com/in/sanjay-nalamasa,,,,17 Mar 2025
Neelam,Rishika Damini,https://www.linkedin.com/in/neelam-rishika-damini-aa7a4632b,,,,17 Mar 2025
Sivaji,Paritala,https://www.linkedin.com/in/sivaji-paritala,,Zopkit,Founder,17 Mar 2025
Musku Bhuvana,Reddy,https://www.linkedin.com/in/musku-bhuvana-reddy-331326314,,,,17 Mar 2025
Kashish,Juneja,https://www.linkedin.com/in/kashish-juneja-756673209,,PwC Acceleration Centers in India,Trainee,17 Mar 2025
Nikhil,Katiyar,https://www.linkedin.com/in/nikhil-katiyar-536b59240,,,,17 Mar 2025
Sharanya,Pilli,https://www.linkedin.com/in/sharanya-pilli-874120355,,,,17 Mar 2025
Pranavi,Neela,https://www.linkedin.com/in/pranavi-neela,,,,16 Mar 2025
Mohit,Kumar Sharma,https://www.linkedin.com/in/mohit-kumar-sharma-45396b263,,,,16 Mar 2025
Sachin,K.,https://www.linkedin.com/in/sachin-k-1560a5309,,,,16 Mar 2025
Snahill,Garg,https://www.linkedin.com/in/snahill-garg-b49b41324,,,,16 Mar 2025
karan,kumar,https://www.linkedin.com/in/kanni10,,,,14 Mar 2025
Lekhraj,Patil,https://www.linkedin.com/in/lekhraj-patil-853595317,,,,14 Mar 2025
Nayan,Kumar Mandal,https://www.linkedin.com/in/nayan-kumar-mandal-1740b9274,,Aarambh,Technical Team Member,13 Mar 2025
RAJKAMAL,PANTHAGANI,https://www.linkedin.com/in/rajkamalprls,,The Student Spot,Founder & CEO,13 Mar 2025
Tarun,Padala,https://www.linkedin.com/in/tarun-padala,,CodSoft,Python Developer,12 Mar 2025
Rahul,Lodhi,https://www.linkedin.com/in/rahullodhisdr,,Devsthanam,Database Administrator,11 Mar 2025
Piyush,Sharma,https://www.linkedin.com/in/piyush-sharma-a313522b1,,,,11 Mar 2025
Payal,Kumari,https://www.linkedin.com/in/payalkumari10,,topmate.io,"Student Career Guide, Profile Building Expert & Evangelist – Industry Expert",10 Mar 2025
Renu,Kumari Prajapati,https://www.linkedin.com/in/renu-kumari-prajapati-028b77264,,,,10 Mar 2025
Tejesh,Gorle,https://www.linkedin.com/in/tejesh-gorle-508784278,,CODTECH IT SOLUTIONS,Full-stack Developer,10 Mar 2025
Himanshu,Kumar,https://www.linkedin.com/in/himanshu-kumar-425aba292,,Social Winter of Code (SWOC),Open Source Contributer,10 Mar 2025
AKASH,KUMAR,https://www.linkedin.com/in/akash-kumar-783a25333,,,,10 Mar 2025
AVNI,SHARMA,https://www.linkedin.com/in/avnisharma1705,,Elite Coders,Organization Manager,10 Mar 2025
Yasir,Akhlaque,https://www.linkedin.com/in/yasirakhlaque,,,,10 Mar 2025
Afreen,Shaik,https://www.linkedin.com/in/afreen-shaik-a56084303,,GeeksforGeeks,Campus Ambassador,10 Mar 2025
Vijay,Chollangi 🛡,https://www.linkedin.com/in/vijay-chollangi-3230abcd12271,,JSpiders - Training & Development Center,Full-stack Developer 🧑‍💻,09 Mar 2025
Kunwar,Awadhiya,https://www.linkedin.com/in/kunwar-awadhiya,,Braktt,SDE Intern ,09 Mar 2025
Smrithi,P,https://www.linkedin.com/in/smrithipiedy,,Infosys Springboard,Project Intern,09 Mar 2025
Rutika,Kengal,https://www.linkedin.com/in/rutika-kengal-b3b0a22b7,,Social(Formerly Script Foundation),Mentor,09 Mar 2025
Ishu,.,https://www.linkedin.com/in/ishu-3995a0256,,Zeex.Ai,Deep learning and computer vision intern,09 Mar 2025
Jayesh,Manjwani,https://www.linkedin.com/in/jayeshmanjwani,,,,09 Mar 2025
Patricia,Travis,https://www.linkedin.com/in/patricia-travis-0500b171,,Private Practice,Vision Therapist,09 Mar 2025
Harish Krishnan,C,https://www.linkedin.com/in/harish-krishnan-c,,,,09 Mar 2025
Qureshi,Ayaaz,https://www.linkedin.com/in/ayaaz121,,CodSoft,Java Software Developer,09 Mar 2025
Arambh,Tiwari,https://www.linkedin.com/in/arambhtiwari85,,,,09 Mar 2025
Shashi,Kanth,https://www.linkedin.com/in/shashi-kanth-843524326,,,,09 Mar 2025
Nihal,Kansara,https://www.linkedin.com/in/nihal-kansara-63392113a,,Mace Staffing Solutions Inc.,Recruitment Specialist,08 Mar 2025
KRISHNA ,ABHANG,https://www.linkedin.com/in/krishna-abhang-917910327,,Android Club - VIT Bhopal,Open Source Contributor,08 Mar 2025
ARYAN,SEN,https://www.linkedin.com/in/aryansen1212,,,,08 Mar 2025
S Sai,Shankar,https://www.linkedin.com/in/s-sai-shankar-ssaishankar00,,,,08 Mar 2025
Siddhant,Patil,https://www.linkedin.com/in/siddhant-patil-04587525b,,IndoAI Technologies,AI & Machine Learning Intern ,07 Mar 2025
Abdullah,Shareef,https://www.linkedin.com/in/abdullah-shareef-5635b3171,,EPOCH NSAKCET,Vice President,07 Mar 2025
Maneet,Gupta,https://www.linkedin.com/in/maneet-gupta,,Google Developer Student Clubs VIT,Inner core member,07 Mar 2025
Rainy,Jain,https://www.linkedin.com/in/rainyjain,,Jebbee,Chief of Staff,06 Mar 2025
Md,Aryan,https://www.linkedin.com/in/mdaryan,,IES UNIVERSITY BHOPAL,Vice Secretary ,06 Mar 2025
Pavan,Kotana,https://www.linkedin.com/in/pavan-kotana,,,,06 Mar 2025
Teja,Hussain,https://www.linkedin.com/in/tejahussain-teja,,"Chaitanya Bharathi Institute of Technology ,Proddatur",Student,06 Mar 2025
Godugu,Veena,https://www.linkedin.com/in/godugu-veena-61b606327,,NEXUS Swarm,Content Writer,05 Mar 2025
Hari,Krishnan,https://www.linkedin.com/in/harry-krish,,,,05 Mar 2025
Aditya Prasad,Sahu,https://www.linkedin.com/in/aditya-prasad-sahu-167b62320,,,,05 Mar 2025
Jayitri,Nammi,https://www.linkedin.com/in/jayitrin,,,,05 Mar 2025
Mahima,Mahendru,https://www.linkedin.com/in/mahima-mahendru,,Google,Software Engineer,04 Mar 2025
Sheetal,Bajaj,https://www.linkedin.com/in/sheetal-bajaj-s06091009,,,,04 Mar 2025
Lokasani,Pavithra,https://www.linkedin.com/in/lokasani-pavithra-23ba59321,,,,03 Mar 2025
Kondepu,Sirisha,https://www.linkedin.com/in/kondepu-sirisha-4b6970306,,,,03 Mar 2025
Aman,Kumar,https://www.linkedin.com/in/amank1412,,Enfiq,Frontend Developer,03 Mar 2025
Nilanshu,Kumar Singh,https://www.linkedin.com/in/nilanshu-kumar-singh-19b8b8291,,,,03 Mar 2025
Mohammad,Afsheen,https://www.linkedin.com/in/mohammad-afsheen-867696325,,Smartzy Edu,Graphic Designer,03 Mar 2025
Sriya Meenakshi,Chalamalasetty,https://www.linkedin.com/in/sriya-meenakshi-chalamalasetty,,AIMERS GVPCEW,Social Media Handler ,03 Mar 2025
Divyanshi,Kulshrestha,https://www.linkedin.com/in/divyanshi-kulshrestha-5ba319295,,Google Women Techmakers Austin,Google Women Techmakers Member ,03 Mar 2025
Lakshmi Saran,Polisetti,https://www.linkedin.com/in/lakshmi-saran-polisetti-93557a307,saranpolisetti123@gmail.com,,,02 Mar 2025
Varun,Srikesh,https://www.linkedin.com/in/varun-srikesh-211aa5266,,GeeksforGeeks@REC,Technical Co-head ,02 Mar 2025
Harika,Dungala,https://www.linkedin.com/in/harika-dungala-997193259,,NEXUS Swarm,Former Content Writer,02 Mar 2025
Shoham,Dey,https://www.linkedin.com/in/shoham-dey-8b34211ba,,"Jadavpur University, Kolkata",Placement Coordinator,02 Mar 2025
Sony(Soni),Gudise,https://www.linkedin.com/in/sonygudise,,CODTECH IT SOLUTIONS,AIML Internship ,02 Mar 2025
Naitik,khoriya,https://www.linkedin.com/in/naitik-khoriya-4962a9229,,GitHub,Open Source Developer,01 Mar 2025
Tech Boy,Deepak,https://www.linkedin.com/in/techboydeepak,,YouTube,Youtube Tech Content Creator,27 Feb 2025
Andreena,Pinheiro,https://www.linkedin.com/in/andreena-pinheiro-9684152b7,,I HUB ROBOTICS,Intern,27 Feb 2025
Subhash Kumar,Singh,https://www.linkedin.com/in/subhash-kumar-singh-879791348,,,,27 Feb 2025
Poojitha,Chitipotu,https://www.linkedin.com/in/poojitha-chitipotu-682a93321,,Codess.Cafe,Mentee,27 Feb 2025
Zoya,Fathima,https://www.linkedin.com/in/zoya-fathima-292378303,,,,26 Feb 2025
VENKATA NAGA SRI MANJUSHA,GOLLA,https://www.linkedin.com/in/venkata-naga-sri-manjusha-golla-1b62ab287,,,,26 Feb 2025
Darsh,Narola,https://www.linkedin.com/in/darsh-narola-519197290,,,,26 Feb 2025
Nikhil,Rathod,https://www.linkedin.com/in/nikhilrathods,,Schologamma Forum JDCOEM,Co-Head of Startup Committee ,26 Feb 2025
MOHAMMED,SUFYAAN TALISH,https://www.linkedin.com/in/mohd-sufyaan-talish,,MSS MJCET,Chief Coordinator,25 Feb 2025
KAMLESH,.,https://www.linkedin.com/in/kamlesh7939,,InLighn Tech (InLighnX Global Pvt Ltd),Full Stack Developer Intern ,25 Feb 2025
Shahana,K,https://www.linkedin.com/in/shahana-k-102591264,,,,25 Feb 2025
Sonika,.,https://www.linkedin.com/in/sonika-78a452258,,,,25 Feb 2025
Tejasindhu,Pula,https://www.linkedin.com/in/tejasindhu-pula-31a2a2331,,,,25 Feb 2025
Kindinti,Vanisri,https://www.linkedin.com/in/kindinti-vanisri-10490b2bb,,,,25 Feb 2025
Abhishek,Farshwal,https://www.linkedin.com/in/abhishekfarswal,,Shopify,Shopify Developer Intern,25 Feb 2025
Varnikumar,Patel,https://www.linkedin.com/in/varnikumarpatel,,Mittal Alliance Industries Private Limited,Web Development Intern,24 Feb 2025
Fiona,Dey,https://www.linkedin.com/in/fiona-dey-a8572631a,,Android Club - VIT Bhopal,Core Team member,24 Feb 2025
Shivalatha,M,https://www.linkedin.com/in/shivalatha-m-6221572a6,,,,23 Feb 2025
Sivasubramanian,P,https://www.linkedin.com/in/sivasubramanian-p-20160222a,,GeeksforGeeks,Content Writer Internship,22 Feb 2025
Sahil,Ansari,https://www.linkedin.com/in/sahilansari0002,,iBase Electrosoft LLP,Android Developer,22 Feb 2025
Ronnit,Sagar,https://www.linkedin.com/in/ronnit-s-688941251,,Android Club - VIT Bhopal,Open Source Contributor,21 Feb 2025
Hema Lalithambica,Mypala,https://www.linkedin.com/in/hema-lalithambica-mypala-47a4b5298,,Ahmedabad University,Summer Intern,21 Feb 2025
Pranav,Gaur,https://www.linkedin.com/in/pranav-gaur-012a54187,pranavgaur1002@gmail.com,Google,Software Engineer,21 Feb 2025
Raj,Kumar,https://www.linkedin.com/in/raj-kumar-8839b1117,kolaventirajkumar@gmail.com,APTRANSCO,AEE/CIVIL ,19 Feb 2025
Khushbu ,Ahire,https://www.linkedin.com/in/khushbu-ahire-9aa906307,,Self-employed,Programmer in Java ,18 Feb 2025
Manthan,Awgan,https://www.linkedin.com/in/manthan-awgan-3591172a4,,Omdena,Model Development Team - Contributor,18 Feb 2025
Avni,Singh,https://www.linkedin.com/in/avnidns,,,,18 Feb 2025
Yash,Jain,https://www.linkedin.com/in/yashdotdev,thisisyash459@gmail.com,Concentrix,Technical Support Executive,18 Feb 2025
Naga Lakshmi,GODI,https://www.linkedin.com/in/naga-lakshmi-godi-271793267,,,,18 Feb 2025
,,,,,,18 Feb 2025
Yash,Pandav,https://www.linkedin.com/in/yash-pandav,,,,18 Feb 2025
Joshita,Nookala,https://www.linkedin.com/in/joshita-nookala-69201a2a1,,,,17 Feb 2025
Vinesh,Korlapati,https://www.linkedin.com/in/vinesh-korlapati-335034290,,ITqHUB,Cheif Business Officer(CBO),17 Feb 2025
Nishant,Rana,https://www.linkedin.com/in/nishantrana07,,Google Cloud Skills Boost,Innovator,17 Feb 2025
Ankita,Nag,https://www.linkedin.com/in/ankita-nag-831b23285,,Social Summer of Code ,Contributor,16 Feb 2025
Himanshu,Heda,https://www.linkedin.com/in/himanshu-heda,,OctoDo,Python Full Stack Developer,16 Feb 2025
Dhanish,Kartikeyan,https://www.linkedin.com/in/dhanish-kartikeyan-906567218,,DK Robotics,Founder,16 Feb 2025
Prerna,Pal,https://www.linkedin.com/in/palprerna,,Microsoft,Beta Microsoft Learn Student Ambassador ,16 Feb 2025
Nandini,Mishra,https://www.linkedin.com/in/nandini-mishra-154818299,,GirlScript Summer of Code,Contributor,16 Feb 2025
Lahari,Daram,https://www.linkedin.com/in/laharidaram,,,,16 Feb 2025
Sheefa Nigar,Syed,https://www.linkedin.com/in/sheefanigar,,McKinsey & Company,McKinsey Forward Program Fellowship,16 Feb 2025
Saloni,Joshi,https://www.linkedin.com/in/salonijoshi1980,,Code; Without Barriers,Microsoft Mentee,16 Feb 2025
Sai Smruti Ranjan,Das,https://www.linkedin.com/in/saismrutiranjan,,Resourcio Community,Project Admin - Apertre 2.0,16 Feb 2025
Prajit,Janakiraman,https://www.linkedin.com/in/prajitjanakiraman,,ShadowFox,Intern,15 Feb 2025
Rohan A.,Bagmare,https://www.linkedin.com/in/rohan-a-b-501b3032,,SLB,"Video Editor, Graphic Designer & Videographer",15 Feb 2025
Almuhalab,Mohammed,https://www.linkedin.com/in/almuhalab-mohammed,,OQEP,well delivery trainee,14 Feb 2025
Karan,_,https://www.linkedin.com/in/karan-40b213289,,,,13 Feb 2025
Preethika,Kasthuri,https://www.linkedin.com/in/preethika-kasthuri-17405530b,,,,12 Feb 2025
Adi,Shrivastava,https://www.linkedin.com/in/adishrivastava,,Social Winter of Code (SWOC),Contributor,12 Feb 2025
Navdeep Kaur,Sodhi,https://www.linkedin.com/in/navdeep-kaur0409,,"The Debating Society, Chitkara University",Graphic Designer,12 Feb 2025
Rudroju,Rupini,https://www.linkedin.com/in/rudroju-rupini,,Vardaan Data Sciences Pvt. Ltd.,DataScience Developer,12 Feb 2025
Thatha,Rohith,https://www.linkedin.com/in/thatha-rohith,,Edunet Foundation,MERN Stack Intern,11 Feb 2025
Tiwari Naga,Ganesh Prasad,https://www.linkedin.com/in/tiwari-naga-ganesh-prasad,,VISTORA TRAYANA LLP,Director,11 Feb 2025
Guniganti,Meghamala,https://www.linkedin.com/in/gunigantimeghamala-7382102a1,,,,11 Feb 2025
Gohith Venkata Naga Sai Datha,Munagala,https://www.linkedin.com/in/gohith-venkata-naga-sai-datha-munagala-4a01b5295,,,,11 Feb 2025
Tanya,Jaiswal,https://www.linkedin.com/in/tanyajais,,GirlScript Summer of Code,Contibutor,10 Feb 2025
Tushar,Pawar,https://www.linkedin.com/in/tushar-pawar-60114632a,,,,10 Feb 2025
Neeraj,Rautela,https://www.linkedin.com/in/neeraj-rautela-536619245,,,,10 Feb 2025
Bharath,Bairagoni,https://www.linkedin.com/in/bharath-bairagoni-a49946238,,Maverick Techonolgies,Sr. Network engineer,10 Feb 2025
Biswajit,Sarkar,https://www.linkedin.com/in/biswajit007,,Kharagpur Open Source Society,Contributor,09 Feb 2025
Boune,Pranitha,https://www.linkedin.com/in/boune-pranitha-512766289,,,,09 Feb 2025
Sai samhith,Reddy,https://www.linkedin.com/in/saisamhithreddy,,,,08 Feb 2025
Vikas,Kumar,https://www.linkedin.com/in/vikasthakurr,,GeeksforGeeks,Course Mentor & Trainer,08 Feb 2025
Abhishek,Raj,https://www.linkedin.com/in/abhishek-raj-72a933299,,,,08 Feb 2025
Mohammed,Naveed N,https://www.linkedin.com/in/mohammed-naveed541,,BucketStudy,Frontend Development,07 Feb 2025
Mahenoor,Salat,https://www.linkedin.com/in/salat-mahenoor,salatmahenoor7.8.6@gmail.com,EGMA,UI /UX Designer,06 Feb 2025
Yash,Nagpure,https://www.linkedin.com/in/yash-nagpure-66452b339,,,,06 Feb 2025
SWETHA,ASHAMAINA,https://www.linkedin.com/in/swetha-ashamaina-0a959832b,,,,06 Feb 2025
Sanjay,R,https://www.linkedin.com/in/sanjay69,,Aigetai Private Limited,React Developer,06 Feb 2025
Tanisha,Singh,https://www.linkedin.com/in/tanisha-singh-88b544260,,,,06 Feb 2025
Satyam,Gupta,https://www.linkedin.com/in/satyam-1704-gupta,,Tata Consultancy Services,System Engineer,06 Feb 2025
Vaishali,Dhanvijay,https://www.linkedin.com/in/vaishalidhanvijay,,DGCT Technology,Business Development Executive,05 Feb 2025
Akshat,Nigam,https://www.linkedin.com/in/-akshatnigam-,,CodSoft,Web Developer,05 Feb 2025
Murali,Vardhan,https://www.linkedin.com/in/muralivardhan,,Freelance,Student,03 Feb 2025
EDUPULAPATI,SASHANK,https://www.linkedin.com/in/edupulapati-sashank-1a5785276,,,,03 Feb 2025
Ramsaiteja,Mallela,https://www.linkedin.com/in/ramsaiteja-mallela-b6508533a,,Lernx,Human Resources Assistant,03 Feb 2025
VenuMadhav,.,https://www.linkedin.com/in/venumadhav-932731230,,Private Company,Digital Marketing Executive,03 Feb 2025
Md,Alkama,https://www.linkedin.com/in/md-alkama,,Maa Girija Devi Rajendra Singh Charitable Trust,Full-stack Developer,02 Feb 2025
Santhosh,Mudavath,https://www.linkedin.com/in/santhoshmudavath,,,,02 Feb 2025
ROHAN,SAMUEL,https://www.linkedin.com/in/rohan-samuel,,Zoho,Software Engineering Trainee,02 Feb 2025
Aditya,Barnwal,https://www.linkedin.com/in/adiwish,,ZopSmart,SDE,01 Feb 2025
Vishnu,Vishnu,https://www.linkedin.com/in/vishnu-vishnu-74510234a,,,,01 Feb 2025
Sumit,Saha,https://www.linkedin.com/in/sumit-saha-3400ss,,,,01 Feb 2025
Gaurav,Raj,https://www.linkedin.com/in/gaurav-007-raj,,GeeksforGeeks,Corporate Trainer/Mentor,01 Feb 2025
Jeevan,🏌️,https://www.linkedin.com/in/jeevan-%F0%9F%8F%8C%EF%B8%8F-240927231,,Jio Platforms Limited (JPL),Software Engineer II,01 Feb 2025
Hemanth Satyasai,Patamsetti,https://www.linkedin.com/in/hemanth-satyasai-patamsetti-8a037a217,,ManVision Consulting,Information Technology Recruiter,31 Jan 2025
Ujjwal,Mishra,https://www.linkedin.com/in/ujjwalm01,,GeeksforGeeks,Campus Ambassador,30 Jan 2025
Arun,Chinthakindi,https://www.linkedin.com/in/arun-chinthakindi-645175337,,,,30 Jan 2025
Harsha,Rashmi,https://www.linkedin.com/in/harsha-rashmi-478a3a289,,Brainwave Matrix Solutions,Web Development Engineer,30 Jan 2025
Vanguri,Anjali,https://www.linkedin.com/in/vanguri-anjali-15a959301,,Infosys Springboard,Pragati : Path of future,29 Jan 2025
kamlesh,solanki,https://www.linkedin.com/in/kamlesh-solanki-63b674238,,Flipshope,Mern stack developer ,29 Jan 2025
Suraj,Singh,https://www.linkedin.com/in/suraj-singh-431010248,,Smart Stream Technologies,Full-stack Developer,29 Jan 2025
Ruchika,Kengal,https://www.linkedin.com/in/ruchika-kengal-8085092b7,,Social(Formerly Script Foundation),PA (Project Admin),29 Jan 2025
Rao,Shreyank Reddy,https://www.linkedin.com/in/rao-shreyank-reddy-768ba1237,,Accenture in India,Packaged App Development Associate,29 Jan 2025
Ojaswini,Shirbhate,https://www.linkedin.com/in/ojaswini-shirbhate,,Girls Leading Tech,Member,28 Jan 2025
Navya Sai,Sadu,https://www.linkedin.com/in/navya-sai-sadu,,FOSSEE,Summer Fellow,28 Jan 2025
Shahzal,Rehman,https://www.linkedin.com/in/rehmantribe,Shahzal.Rehman@studentambassadors.com,"Microsoft Learn Student Ambassadors Community Club, Punjab, Pakistan",Chief Operations Officer,28 Jan 2025
Mohammed Abdul,Rahman,https://www.linkedin.com/in/that-ar-guy,,EPOCH NSAKCET,President,27 Jan 2025
Pavani,Bandarupally,https://www.linkedin.com/in/pavani-bandarupally-86b879337,,,,27 Jan 2025
Uday,Gupta,https://www.linkedin.com/in/uday-gupta-7b0887295,,Minor in AI by IIT Ropar,Student,27 Jan 2025
chiranjeevi,M G,https://www.linkedin.com/in/chiranjeevi-m-g-04a9802b8,,,,26 Jan 2025
Aditi,Awatade,https://www.linkedin.com/in/aditi-awatade-083061265,,CSESA ~ Computer Science Engineering Students Association,Vice President,26 Jan 2025
Mohan,Reddy,https://www.linkedin.com/in/mohan-reddy-a56b48179,,Criztone technology pvt ltd,Founder,26 Jan 2025
Ammar,Afzal,https://www.linkedin.com/in/ammar-afzal-854934215,,"Aranyam, Shivaji College",President,26 Jan 2025
Mohammed,Arif,https://www.linkedin.com/in/mohammed-arif-768178283,,StartNet Ventures Private Limited,AI Intern,26 Jan 2025
Bhavesh,Gadling,https://www.linkedin.com/in/bhavesh-gadling-46656b31b,,COEP Technological University,Student,26 Jan 2025
DhivyaSaravanan,S,https://www.linkedin.com/in/dhivyasaravanan-s-548b20336,,,,26 Jan 2025
Vinay,Kishore,https://www.linkedin.com/in/vinaykishore2512,,TECHNICAL HUB ,ServiceNow Trainee,26 Jan 2025
Prag,Sharma,https://www.linkedin.com/in/prag-sharma-413b79307,,,,25 Jan 2025
Aditya,Mohite,https://www.linkedin.com/in/aditya-mohite9593,,Mercari India,Android Engineer,25 Jan 2025
Abhinav,Patil,https://www.linkedin.com/in/abhinav-patil-developer,,Saeculum Solutions Pvt Ltd,Business Analyst Intern,25 Jan 2025
Bhanuprakash,Kalamkuri,https://www.linkedin.com/in/bhanuprakash-kalamkuri-65a079322,,,,25 Jan 2025
Shivam,Naredi,https://www.linkedin.com/in/shivamnaredi,,GDSC JDCOEM,Design Lead,24 Jan 2025
Irfan,Shaikh,https://www.linkedin.com/in/irfan-shaikh-8b5b94259,,Celebal Technologies,React Developer,24 Jan 2025
Sai Lakshmi,Mallavolu,https://www.linkedin.com/in/sai-lakshmi-mallavolu-1877b7289,,,,24 Jan 2025
Kumar,P,https://www.linkedin.com/in/kumar-p-bbbbb3252,,BaggieX Prime,Founder & CEO ,23 Jan 2025
Nikhil,Bhange,https://www.linkedin.com/in/nikhil-bhange,,DevDisplay - Global Tech Hub,Contributor,23 Jan 2025
Aayisha Noora,Jalaludeen,https://www.linkedin.com/in/aayishanooraj,,Social Summer of Code,SSOC'25 Contributor,23 Jan 2025
Akshitha,Laxmi,https://www.linkedin.com/in/akshitha-laxmi-7a4b231b4,,The Student Spot,Student Campus Ambassador ,22 Jan 2025
Araveti Guna,Siri,https://www.linkedin.com/in/araveti-guna-siri-7291a832b,,,,22 Jan 2025
,,,,,,22 Jan 2025
,,,,,,22 Jan 2025
Arindam,Dinda,https://www.linkedin.com/in/arindam-dinda-01b652284,,,,22 Jan 2025
Nelson,Rudasingwa,https://www.linkedin.com/in/nelsonrudasingwa,,Africa New Life Ministries,Biology Lab Instructor ,22 Jan 2025
Susmitha,Eluri,https://www.linkedin.com/in/susmithaeluri,,,,21 Jan 2025
 Ruby,.,https://www.linkedin.com/in/rubby-naik,,Accenture in India,IT Sourcer,20 Jan 2025
Anuj,Pratap Singh,https://www.linkedin.com/in/anuj-pratap-singh-99a2581a9,,IEEEXtreme,Student Ambassador,19 Jan 2025
Shruti,dharne,https://www.linkedin.com/in/shruti-dharne-86582a241,,,,18 Jan 2025
Pratik,Mane,https://www.linkedin.com/in/pratik-mane-546bb1284,,,,17 Jan 2025
T.Naga Sai,Asmita,https://www.linkedin.com/in/t-naga-sai-asmita-433804332,,The Student Spot,Student Campus Ambassador ,17 Jan 2025
Ratnaprava,Mohapatra,https://www.linkedin.com/in/ratnapravamohapatra,,Edunet Foundation,Intern,17 Jan 2025
Rucha,Ambaliya ,https://www.linkedin.com/in/rucha-ambaliya,,,,17 Jan 2025
AISHWARYA,K,https://www.linkedin.com/in/aishwarya-k-36797a32a,,,,17 Jan 2025
Shaziya Banu,Khazi,https://www.linkedin.com/in/khazi-shaziya-banu-rgmcse25,,Rooman Technologies,Web and mobile application Development Training,17 Jan 2025
Sk Abdul,Razak,https://www.linkedin.com/in/sk-abdul-razak-8a8b47334,,Aditya University,Technical hub,16 Jan 2025
Bhargavi,yaparla,https://www.linkedin.com/in/yaparlabhargavi023,,Women in Data Science (WiDS) Worldwide,Co ambassador ,16 Jan 2025
SHAIK,SOHIN,https://www.linkedin.com/in/shaik-sohin,,Edunet Foundation,Microsoft - AI Azure ,16 Jan 2025
Sasidar,N,https://www.linkedin.com/in/sasidar-n-805b352b0,,,,16 Jan 2025
Khush,Tiwari,https://www.linkedin.com/in/khush-tiwari,,Amazon Web Services (AWS),AWS Academy GITs Chapter Team Lead ,15 Jan 2025
Sam ,Arackal,https://www.linkedin.com/in/sam-arackal-8769772a6,,"SBase Technologies, Inc.",Technical Writer,15 Jan 2025
Jitendra,Rajput,https://www.linkedin.com/in/jitendra-rajputt,,Nexus Of Nerds,Core team member,15 Jan 2025
Riya,Mittal,https://www.linkedin.com/in/riya-mittal-69bb53213,,Mondelēz International,Mondelez Supply Chain Intern,15 Jan 2025
Dinesh,Bhardwaj,https://www.linkedin.com/in/dinesh-bhardwaj2047,,GeeksforGeeks,Campus Ambassador,15 Jan 2025
Swasti,Sargam,https://www.linkedin.com/in/swastisargam2002,,"Public Relations Cell, IIT (BHU)",Head of Content & Strategy ,14 Jan 2025
Gundeboina,Anil,https://www.linkedin.com/in/gundeboinaanil,gundeboinaanila1@gmail.com,,,14 Jan 2025
Varuna,Jakkana,https://www.linkedin.com/in/varuna-jakkana-3978b831a,,,,13 Jan 2025
Deepika reddy,Merugu,https://www.linkedin.com/in/deepika-reddy-merugu-3665272a2,,,,13 Jan 2025
Diksha,Dwivedi,https://www.linkedin.com/in/dwivedi-diksha,,Microsoft,Software Engineer Intern,12 Jan 2025
Sweta,Sharma,https://www.linkedin.com/in/sweta-sharma-659b89317,,Girls in Tech,Member,12 Jan 2025
ASHWIN,VADAKKEEL,https://www.linkedin.com/in/ashwin-vadakkeel-610213261,,HAZERCLOUD™,Jr Cybersecurity Analyst ,11 Jan 2025
Pawan,Goje,https://www.linkedin.com/in/pawan-goje-40648b1ab,,EY,Data Engineer,11 Jan 2025
Md,Zishan Azam,https://www.linkedin.com/in/mdzishanazam,,Next Gen Dev,Web Developer,11 Jan 2025
Lavanga,Devi,https://www.linkedin.com/in/lavanga-devi-4a8961242,,NSS GNITS,Joint Secretary,11 Jan 2025
Razique,Hasan,https://www.linkedin.com/in/razique-hasan-73a2832a2,,Centre for Development of Advanced Computing (C-DAC),Web Development  Training-Cum-Internship ,11 Jan 2025
Gandreddi,Manojna sri,https://www.linkedin.com/in/gandreddi-manojna-sri-81aaa5318,,,,10 Jan 2025
Shreya,Batabyal,https://www.linkedin.com/in/shreya-batabyal-a93a66284,,Internshala,Internshala Student Partner,09 Jan 2025
Samiksha,Bobade,https://www.linkedin.com/in/samikshabobade,,SheCodes,Scholar,09 Jan 2025
Kanishka,Patil,https://www.linkedin.com/in/kanishka-patil-32b45a257,,SheFi,Scholar,09 Jan 2025
Dipraa,Arora,https://www.linkedin.com/in/dipraaarora,,SheFi,Scholar,09 Jan 2025
Khyati Kumar,Maruvada,https://www.linkedin.com/in/khyatikumarmaruvada,,,,09 Jan 2025
Aditi,Narang,https://www.linkedin.com/in/aditi-narang-766544217,,E-Cell KIET,Events Coordinator,08 Jan 2025
Shweta,Raj,https://www.linkedin.com/in/connectshwetataj,,PW (PhysicsWallah),PW Campus Ambassador ,08 Jan 2025
Akshayalakshmi,S,https://www.linkedin.com/in/akshayalakshmi-s-43396a2b7,,Codess.Cafe,Mentee,07 Jan 2025
Shrinidhi,Munnolli,https://www.linkedin.com/in/shrinidhi-munnolli-91958330b,,,,07 Jan 2025
Amrisha,Srivastava,https://www.linkedin.com/in/amrishasrivastava,,"Indian Institute of Technology, Madras",AGCL Intern ,07 Jan 2025
Nisha,Kumari,https://www.linkedin.com/in/nisha-k-38343a313,,Frontend Mentor,Contributor(Frontend),07 Jan 2025
Deepika ,Goyal,https://www.linkedin.com/in/dee-goyal,,Human Insight Ventures,Software Engineer Intern,07 Jan 2025
Khushi,Kumari,https://www.linkedin.com/in/khushi-kumari-143449308,,DevComm,Junior Council Member,07 Jan 2025
Madhura ,Chaudhary,https://www.linkedin.com/in/madhura-chaudhary-822267294,,,,07 Jan 2025
Raushni,Gupta,https://www.linkedin.com/in/raushni-gupta-088889331,,Foundation for Excellence,AFE-FFE Scholar ,07 Jan 2025
Tanisha,Ojha,https://www.linkedin.com/in/tanisha-ojha-6bb1b0203,,ACM Student Chapter - IGDTUW (Indira Gandhi Delhi Technical University for Women) ,Research Intern,07 Jan 2025
Shreya,Mane,https://www.linkedin.com/in/shreya-mane-434498332,,Veermata Jijabai Technological Institute (VJTI),Student,07 Jan 2025
Snehal,Reddy,https://www.linkedin.com/in/snehal-reddy-aa6a96337,,,,07 Jan 2025
A Namratha,Rao,https://www.linkedin.com/in/a-namratha-rao-90a6092a0,,,,07 Jan 2025
Falak,Vhora,https://www.linkedin.com/in/falak-vhora-1b1243292,,Innovator Club,Content Team Lead/Core Member ,07 Jan 2025
Ashish,Singh,https://www.linkedin.com/in/ashish-singh-25379a188,,,,07 Jan 2025
ABHISHEK KUMAR,SHARMA,https://www.linkedin.com/in/abhishek-kumar-sharma-3b2bb0213,,IEEE Computer Society,Member,07 Jan 2025
Gavnish,Kumar,https://www.linkedin.com/in/gavnish-kumar-7b6a95233,,Carousell Group,Software Engineer Intern,07 Jan 2025
Karan,Kundale,https://www.linkedin.com/in/karan-kundale-405594312,,,,06 Jan 2025
Sasi,Dharan,https://www.linkedin.com/in/sasidharan731,,Desk365,Software Engineer,05 Jan 2025
Mayank,Tiwari,https://www.linkedin.com/in/devmayanktiwari,,GFG Student Chapter- GCET,Web Dev Lead,05 Jan 2025
Satyam,Shukla,https://www.linkedin.com/in/satyam-shukla-45bb30220,,Webstack Academy - WSA,Full-stack Developer,04 Jan 2025
Prabhat,Hiremath,https://www.linkedin.com/in/prabhat-hiremath,,Stealth Startup,Robotics Engineer,04 Jan 2025
Ayesha,Iram,https://www.linkedin.com/in/ayesha-iram-76319b295,,GirlScript Summer of Code,Contributor,04 Jan 2025
Sahil,Sharma,https://www.linkedin.com/in/sahil-sharma-30458b292,,Fine Arts & Modelling Club,Student Member,04 Jan 2025
Aditya,Chawla,https://www.linkedin.com/in/-aditya-chawla,,,,03 Jan 2025
Syeda Sumera,Begum,https://www.linkedin.com/in/syeda-sumera-begum-3453bb32a,,Talent Cogent,DevOps Engineer,03 Jan 2025
REDDI DIVAKAR SAI,.,https://www.linkedin.com/in/reddi-divakarsai,,,,03 Jan 2025
Kumar,Gourav,https://www.linkedin.com/in/kumar-gourav-290670132,,"COZEVA - Applied Research Works, Inc",Technical Lead,02 Jan 2025
Ojas,Arora,https://www.linkedin.com/in/ojasarora14,,Medium,Content Writer,02 Jan 2025
Sanchit,Chauhan,https://www.linkedin.com/in/sanchitc05,,Crewsphere CTU,Club Treasurer,02 Jan 2025
Praveen Kumar,Purushothaman,https://www.linkedin.com/in/praveentech,,"Fitch Group, Inc.",Associate Director - UI Core Architecture,02 Jan 2025
Ankit,Raj,https://www.linkedin.com/in/lucifer5094,,GeeksforGeeks,Campus Ambassador,01 Jan 2025
Aditya,Sachan,https://www.linkedin.com/in/aditya-sachan-421419310,,CODTECH IT SOLUTIONS,Promoter,31 Dec 2024
KRISH,KUSHWAHA,https://www.linkedin.com/in/krishk1,,,,31 Dec 2024
Shivang ,Shekhar yadav,https://www.linkedin.com/in/shivang-shekhar-yadav-25a10a311,,,,31 Dec 2024
Dabbiru,Ram,https://www.linkedin.com/in/dabbiru-ram-721707282,,yarram sheety hero company,Sales promotion,31 Dec 2024
Bharathan,M,https://www.linkedin.com/in/bharathan-m-862770248,,AutoVRse,Software Developer Internship,30 Dec 2024
Pranjal,Shrivastava,https://www.linkedin.com/in/pranjal-shrivastava-2062a4315,,Technical classes community ,Head,30 Dec 2024
Razia,Khatoon,https://www.linkedin.com/in/razia-khatoon-807092295,,Google Developer Group LIET,On Campus Organizer,30 Dec 2024
Akhila Reddy,Lenkala,https://www.linkedin.com/in/akhila-reddy-lenkala-493386242,,,,30 Dec 2024
Yashwanth,S,https://www.linkedin.com/in/yashwanth-sampath,,EY,Senior QA Lead,30 Dec 2024
Rubeena,Farha,https://www.linkedin.com/in/rubeena-farha-b74047302,,,,30 Dec 2024
Uday Kiran,V 🕊️,https://www.linkedin.com/in/uday-kiran-v,,NxtWave,NxtWave ,29 Dec 2024
VENKATA NAGARJUNA REDDY,KANDI,https://www.linkedin.com/in/k-venkata-nagarjuna-reddy,,,,29 Dec 2024
APARNA BHAGAVATHI,R,https://www.linkedin.com/in/aparna-bhagavathi-r-b8a311263,,OctaNet Services Pvt Ltd.,Web Developer,28 Dec 2024
Muskan,Maurya,https://www.linkedin.com/in/muskan-maurya-2b1b6a266,,,,28 Dec 2024
Neeraja,Magani,https://www.linkedin.com/in/neeraja-magani-3031bb2bb,,,,28 Dec 2024
Goutam,Hanjwani,https://www.linkedin.com/in/goutam-hanjwani-3b997530a,,"GDG On Campus, Bennett University",core design team,28 Dec 2024
RAHUL,ROY,https://www.linkedin.com/in/rahulroy-developer,,Ramkrishna Mission Vivekananda Centenary College,Undergraduate Student,27 Dec 2024
Santosh,B,https://www.linkedin.com/in/santosh-b-kumar,,Amgen India,Senior Recruitment Associate and Team Lead,27 Dec 2024
Muzammil,SD,https://www.linkedin.com/in/mujju786,,TECHNICAL HUB , -Salesforce Trainee at Technical Hub,26 Dec 2024
Dheeraj,Sharma,https://www.linkedin.com/in/dheeraj-sharma7,,Calypso,Co Founder,25 Dec 2024
Pranit,Dethe,https://www.linkedin.com/in/pranitdethe,,Bluestock™🔺,Software Development Engineer (SDE) Intern,25 Dec 2024
Brindavanam,Praneetha,https://www.linkedin.com/in/brindavanampraneetha,,Covalense Digital,Project Intern,24 Dec 2024
Tejaswini Prakash,Dindalakoppa,https://www.linkedin.com/in/tejaswini-dindalakoppa,,GirlsWhoML,Technical lead and event organizer,24 Dec 2024
Abhijeet,Sinha,https://www.linkedin.com/in/abhijeet-sinha-401716255,,CodeAlpha ,Data Science Intern,24 Dec 2024
Puspendra,Birajee,https://www.linkedin.com/in/puspendrabirajee,,Aditya Engineering College,Student,24 Dec 2024
srija,morthala,https://www.linkedin.com/in/srija-morthala-357913324,,,,24 Dec 2024
Rashi,Roy,https://www.linkedin.com/in/rashi-roy-407517290,,,,22 Dec 2024
Payal,Maletha,https://www.linkedin.com/in/payal-m-96a41b329,,Geeks for Geeks,Campus Ambassador,21 Dec 2024
Om,Bharadwaj,https://www.linkedin.com/in/om-bharadwaj-916b802a5,,GeeksforGeeks,Campus Ambassador,20 Dec 2024
Sumit,Kesarwani,https://www.linkedin.com/in/sumit-kesarwani-35b63a286,,InternGravity,Founder,20 Dec 2024
Amritaa,Sethi,https://www.linkedin.com/in/amritaa-sethi-09027510a,,GeeksforGeeks,Assistant Manager,20 Dec 2024
Abhirup,Datta Khan,https://www.linkedin.com/in/abhirupdattak11,,Hack4Bengal,POC of Evangelist Event,20 Dec 2024
Khushal,John,https://www.linkedin.com/in/khushal-john-91b0731b3,,GeeksforGeeks,Executive Assistant To Chief Executive Officer,19 Dec 2024
Souvik,Mukhopadhyay,https://www.linkedin.com/in/souvik9205,,keyshade.xyz,Full Stack Developer,19 Dec 2024
Hateem,Ansari,https://www.linkedin.com/in/hateem-ansari-3377b72a3,,GeeksforGeeks,Campus Ambassador  ,19 Dec 2024
Ajay Kumar,Teli,https://www.linkedin.com/in/ajay-kumar-teli,,GeeksforGeeks,Campus Ambassador,19 Dec 2024
Mehfooj,A.,https://www.linkedin.com/in/mehfooj-a-b6aa0b243,,Open Food Facts,Contributing,19 Dec 2024
Gopesh,Kachhadiya,https://www.linkedin.com/in/gopesh-kachhadiya-436461286,,,,19 Dec 2024
Sagar,Raj,https://www.linkedin.com/in/sagar-raj-1a0b34295,,,,19 Dec 2024
Dravya,Jain,https://www.linkedin.com/in/dravyajain52,,GeeksforGeeks,Campus Mantri,19 Dec 2024
Atharva ,Waghale ,https://www.linkedin.com/in/atharva-waghale-8361a7204,,GeeksforGeeks,GeeksForGeeks Campus Mantri for DMIHER,19 Dec 2024
Kanishk,Rawat,https://www.linkedin.com/in/kanishk-rawat-071b39278,,GeeksforGeeks,Campus Ambassador,19 Dec 2024
Saptadipa,Mondal,https://www.linkedin.com/in/saptadipa-mondal-791a54307,,,,19 Dec 2024
Hardyansh,Sharma,https://www.linkedin.com/in/hardyansh-sharma-b33b9b65,,,,19 Dec 2024
Maaz,Anwar,https://www.linkedin.com/in/maazanwar414,,TNP Officer,Intern at Founder Office ,19 Dec 2024
Piyush,Gupta,https://www.linkedin.com/in/piyush-gupta-0a568828b,,GeeksforGeeks,Campus Mantri ,19 Dec 2024
Nikita,Babrekar,https://www.linkedin.com/in/nikita-babrekar,,AI Health Care,UI UX Designer Lead,19 Dec 2024
Mohnish,Singh,https://www.linkedin.com/in/singhmohnish,,GeeksforGeeks,Campus Ambassador,19 Dec 2024
Siddhartha Reddy ,Chada,https://www.linkedin.com/in/siddharthareddychada,,GeeksforGeeks,Campus Ambassador,19 Dec 2024
Harsh ,Agarwal,https://www.linkedin.com/in/harshagarwal963,,FIST-TBI IIT Patna,Intern,19 Dec 2024
Jiya,Katariya,https://www.linkedin.com/in/jiya-katariya-8b8524296,,GeeksforGeeks,Campus Ambassador,19 Dec 2024
Irfan,Mehmud,https://www.linkedin.com/in/irfan-mehmud-7a409b280,,GeeksforGeeks,Campus Mantri,19 Dec 2024
Srinivas,Bhupati,https://www.linkedin.com/in/srinivasbhupati,,GeeksforGeeks,Campus Ambassador,19 Dec 2024
Pranay,Pandey,https://www.linkedin.com/in/pranay-pandey-14726827b,,GeeksforGeeks,Campus Ambassador,19 Dec 2024
Md,Mubashiruddin,https://www.linkedin.com/in/md-mubashiruddin,,GeeksforGeeks,Campus Ambassador,19 Dec 2024
Maharishee,ambati,https://www.linkedin.com/in/maharishee,,GeeksforGeeks,Campus Mantri ,19 Dec 2024
Athar,Akram,https://www.linkedin.com/in/xthxr,,Judgement Studios,Co-Founder,19 Dec 2024
SAMEER,SHRINATH,https://www.linkedin.com/in/sameershrinath,,GAO RFID Inc.,Graphic Designer,19 Dec 2024
AAYUSH,Bisht,https://www.linkedin.com/in/aayush-bisht-1b7648286,,GeeksforGeeks,Campus Mantri,19 Dec 2024
GEETIKAA,MANTRI,https://www.linkedin.com/in/geetikaa-mantri,,EISystems Technologies,Web Development Intern,19 Dec 2024
Neha,Kasanagottu,https://www.linkedin.com/in/neha-kasanagottu-5b6802272,,Bluestock™🔺,SDE,19 Dec 2024
Lisa,Mandro,https://www.linkedin.com/in/lisamandro,,SheFi,Cohort 12 Scholar,18 Dec 2024
Shivam,Kannaujiya,https://www.linkedin.com/in/shivamkannaujiya,shivamkannaujiya949@gmail.com,,Content Researcher,18 Dec 2024
Pavankumar,Guntoju,https://www.linkedin.com/in/pavankumar-guntoju,,,,18 Dec 2024
Harish,Yerra,https://www.linkedin.com/in/harish-yerra-1b255325b,,Foray Software Private Limited,Senior IT Recruiter ,18 Dec 2024
Piyush,Pawar,https://www.linkedin.com/in/piyush-pawar-bb9082297,,,,17 Dec 2024
sai,narayana,https://www.linkedin.com/in/sai-narayana-500263307,,NKG Infrastructure Limited,Site Engineer,17 Dec 2024
Shweta,Singh,https://www.linkedin.com/in/shwetasingh210,,Social Winter of Code (SWOC),Mentor,17 Dec 2024
Aman,Rajput,https://www.linkedin.com/in/aman-ash,,Unstop ,Community,17 Dec 2024
Venkatesh,Samala,https://www.linkedin.com/in/venkatesh-samala-447a7a271,,Swoon,AI Software Developer,16 Dec 2024
Manoj,kumar,https://www.linkedin.com/in/manoj-kumar-b15956295,,Google Developers Group,Junior Core Team Member,16 Dec 2024
Kuchipudi,Tanuja,https://www.linkedin.com/in/kuchipudi-tanuja-693aa9319,,,,16 Dec 2024
Kolusu,Geetha Madhuri,https://www.linkedin.com/in/kolusu-geetha-madhuri-338a9a290,,,,15 Dec 2024
Manjusree,Yenigalla,https://www.linkedin.com/in/manjusree-yenigalla-0065b8271,,,,15 Dec 2024
Aakash,Gupta,https://www.linkedin.com/in/aakash-gupta-876a2331b,,,,15 Dec 2024
k,s n v abhinaya,https://www.linkedin.com/in/k-s-n-v-abhinaya-1ba177258,,TECHNICAL HUB ,Ignite coder,15 Dec 2024
Dheeraj,Kushwaha,https://www.linkedin.com/in/dheeraj-kushwaha-ba1826235,,HackerOne,Hacking,13 Dec 2024
Sneha,Kannojiya,https://www.linkedin.com/in/sneha-kannojiya-web,,SheFi,Scholar,12 Dec 2024
Kavyanjali,Palaparthi,https://www.linkedin.com/in/kavyanjali-palaparthi-00132a2a2,,,,12 Dec 2024
Md Kaif,Khan,https://www.linkedin.com/in/md-kaif-khan-3530252a5,,,,11 Dec 2024
ASHIKA,M,https://www.linkedin.com/in/mashika,,,,09 Dec 2024
Kakunuri,varshitha,https://www.linkedin.com/in/varshi-kakunuri-,,,,09 Dec 2024
Sivanandini,SaravanaKumar,https://www.linkedin.com/in/sivanandini-saravanakumar-313287259,,All India Council for Technical Education (AICTE) ,System Administrator ,08 Dec 2024
Tharshananth,N,https://www.linkedin.com/in/tharshananth-n-756698288,,BrainSightAI,Machine Learning Intern,07 Dec 2024
Sadhasivam,S,https://www.linkedin.com/in/sadx2k5,,TRUMPF,Computer Vision Engineer,07 Dec 2024
Vikas,Singh Thakur,https://www.linkedin.com/in/vikas0singh0thakur,,,,07 Dec 2024
Abhinav,Seshagiri,https://www.linkedin.com/in/abhinav-s666,,5G Group of Companies,Intern,07 Dec 2024
Sarfaraj,Alam,https://www.linkedin.com/in/sarfaraj-alam-5b602a169,,Indication Instruments Limited,Software Engineer,07 Dec 2024
Aditya,Pal,https://www.linkedin.com/in/adityapal004,,Celebal Technologies,DevOps Engineer (Summer Intern),06 Dec 2024
Arham,Jain,https://www.linkedin.com/in/arham--jain,,Amazon,Software Development Engineer Intern,06 Dec 2024
Rahul,Devligri,https://www.linkedin.com/in/rahuldevligri,,Zaggle,Software Engineer,05 Dec 2024
Evangelin,Angel,https://www.linkedin.com/in/evangelin-angel-49305125b,,Prodigy InfoTech,Web Developer,05 Dec 2024
Tarani,Varre,https://www.linkedin.com/in/tarani-varre-807971288,,GirlScript Summer of Code,Open Source Contributor | GSSoC 2024 Extended Addition,04 Dec 2024
Shubhanshu,Singh,https://www.linkedin.com/in/shubhanshu-singh-15a8bb275,,GeeksforGeeks,Campus Ambassador,04 Dec 2024
Kanishka,Hirapure,https://www.linkedin.com/in/kanishka-hirapure-539433291,,GirlScript Summer of Code,Contributor,03 Dec 2024
Komal,Patel,https://www.linkedin.com/in/komal-patel-681650204,,NucleusTeq,Software Engineer,03 Dec 2024
Jayanth,R 🧿,https://www.linkedin.com/in/jayanthr6,,Qwiklabs,The Arcade Event 2025,02 Dec 2024
RAJENDRA K,PANDEY,https://www.linkedin.com/in/rajendra-k-pandey,,National Institute of Technology Raipur,JRF,02 Dec 2024
ANANYA,MISHRA,https://www.linkedin.com/in/ananya-mishra-5268962b0,,,,02 Dec 2024
sharon,J Christopher,https://www.linkedin.com/in/sharon-j-christopher-492b9829a,,Srishti Innovative,Mern stack Intern,02 Dec 2024
Vedant,Jadhav,https://www.linkedin.com/in/vedant-jadhav-364479277,,LetsUpgrade,Student Ambassador,02 Dec 2024
Prince Kumar,Singh,https://www.linkedin.com/in/ysdprince,,,,02 Dec 2024
Rahul,Bhargav R,https://www.linkedin.com/in/rahul-bhargav-r,,,,02 Dec 2024
Hitesh,Mahto🚀,https://www.linkedin.com/in/hiteshmahto,,R-CAT,Java Development on Oracle Cloud Trainee,02 Dec 2024
Hatim,Akhter,https://www.linkedin.com/in/hatim-akhter-bb576226b,,,,01 Dec 2024
Prajakta,Patil,https://www.linkedin.com/in/prajakta-patil-184b4a23a,,Outro world,Marketing Team Member,01 Dec 2024
Sk,Aliya,https://www.linkedin.com/in/sk-aliya-865a101a9,,Tata Consultancy Services,Full Stack Developer,01 Dec 2024
Mr Vijayaregunath,T,https://www.linkedin.com/in/mr-vijayaregunath-t-77b427316,,NextGenAI,Event Coordinator,01 Dec 2024
Prashant,Dewangan,https://www.linkedin.com/in/prashantdewangan03,,Glistara Software Solution,Full-Stack Developer Intern,01 Dec 2024
Ankit,Dubey,https://www.linkedin.com/in/dubeyankit19,,,,30 Nov 2024
Vasanthakumar,C,https://www.linkedin.com/in/cpvasanth,,Techswot IT Solutions,Full-stack Developer,30 Nov 2024
Anshi,Patel,https://www.linkedin.com/in/anshi-patel-9b1278278,,,,30 Nov 2024
Tracy,Machaya,https://www.linkedin.com/in/tracy-machaya-9b696b260,,Haggie Rand Zimbabwe ,Assistant Accountant,30 Nov 2024
Guruteja,Pulivarthi,https://www.linkedin.com/in/guruteja-pulivarthi-40a6b9243,,Infosys Springboard,Artificial Intelligence Intern,30 Nov 2024
Apon,Ganguly,https://www.linkedin.com/in/apon-ganguly-4698a3263,,,,29 Nov 2024
Namasivayam,M,https://www.linkedin.com/in/namasivayam-m,,,,29 Nov 2024
peter,kimanzi,https://www.linkedin.com/in/peter-kimanzi,,Xplore Tomorrow DMC,Senior Software Engineer,28 Nov 2024
,,,,,,28 Nov 2024
Simranpreet,Kaur,https://www.linkedin.com/in/simranpreet-kaur-98b02420a,,,,28 Nov 2024
Sai Siddhu,Ragipani,https://www.linkedin.com/in/rsaisiddhu,,YouTube,Content Creator,27 Nov 2024
Nikhitha,Kanneganti,https://www.linkedin.com/in/nikhitha-kanneganti-1451ba324,,,,27 Nov 2024
Ancryne,.,https://www.linkedin.com/in/ancryne-8b7397274,,,,27 Nov 2024
Manpreet,Singh,https://www.linkedin.com/in/manpreet-singh-01-,,Hazur.io,Junior Developer,27 Nov 2024
Krishnam,Verma,https://www.linkedin.com/in/krishnamverma,,CSRBOX,A.I Academic Internship,27 Nov 2024
John Niranjan,Nagala,https://www.linkedin.com/in/john-niranjan-nagala-43bbb7313,,,,27 Nov 2024
Samruddhi,Patil,https://www.linkedin.com/in/samruddhi-p-a15ab0239,,Google Developers Group,Google Cloud Innovator,27 Nov 2024
Rutuja,Bombale,https://www.linkedin.com/in/rutuja-bombale-b3842233a,,,,26 Nov 2024
Sheik,Abdul Rahuman,https://www.linkedin.com/in/sheik-abdul-rahuman-831853268,,Ever Code,Organizing Manager,26 Nov 2024
Tushar,Panwar,https://www.linkedin.com/in/tushar-panwar-471135259,,WsCube Tech,Penetration Tester,26 Nov 2024
Ujjwal ,Sharma,https://www.linkedin.com/in/ujjwal-sharma-561b8932b,,,,26 Nov 2024
Sohag,Dey,https://www.linkedin.com/in/sohag-dey-209798334,,,,26 Nov 2024
Vishal,Solanki,https://www.linkedin.com/in/vishal-solanki111,,WsCube Tech,Penetration Tester,26 Nov 2024
Shrowmika,Kommu,https://www.linkedin.com/in/shrowmika-kommu-330811310,,,,26 Nov 2024
Muskan,Choudhary,https://www.linkedin.com/in/muskan-choudhary-a49658289,,GDG Jaipur,Member of Google Developers Group,26 Nov 2024
Dhruv,Dawar,https://www.linkedin.com/in/dhruv-dawar-84553b286,,Mathematics & Computing Society,Technical Head,25 Nov 2024
Shivansh,Sharma,https://www.linkedin.com/in/shivansh-sharma-3a3863321,,CHANDIGARH GROUP OF COLLEGES JHANJERI MOHALI,Student,24 Nov 2024
Nitin,Gumber,https://www.linkedin.com/in/nitin-gumber,,,,24 Nov 2024
SANDEEP,B R,https://www.linkedin.com/in/sandeep-b-r-3018b6274,,,,24 Nov 2024
JAYAKRISHNA SAI TEJA,MARISETTY,https://www.linkedin.com/in/jkm12345,,TECHNICAL HUB ,ServiceNow Technology,24 Nov 2024
Vaibhav,Kulshrestha✒️📑,https://www.linkedin.com/in/vaibhav-kulshrestha%E2%9C%92%EF%B8%8F%F0%9F%93%91-275344ab,,HUDCO LTD,Management Trainee Data Analysis,24 Nov 2024
Riya,Gupta,https://www.linkedin.com/in/riya-gupta-083a83245,,,,24 Nov 2024
TULSI,TYAGI,https://www.linkedin.com/in/tulsi-tyagi-a6919529a,,Digital tatsat,Graphics designer and web developer ,24 Nov 2024
Deep,Ghinaiya,https://www.linkedin.com/in/deep-ghinaiya,,The Developers Arena,Web Development Intern,23 Nov 2024
Manish,Verma,https://www.linkedin.com/in/manishverma3,,Codeway Solutions,Web Developer,23 Nov 2024
Banoth,Rajesham,https://www.linkedin.com/in/banothrajesham,,Great Learning,Post Graduate Program in Artificial Intelligence and Machine Learning (Great Learning),23 Nov 2024
Mehakpreet Kaur,Cheema,https://www.linkedin.com/in/mehakpreetkaurcheema,,,,23 Nov 2024
Swati,Mohapatra,https://www.linkedin.com/in/swati-mohapatra-in,,Social Winter of Code (SWOC),SWOC Contributor,22 Nov 2024
Anlea,Maria Jose,https://www.linkedin.com/in/anlea,,Data Guy,Marketing Head,22 Nov 2024
Chalamala,Saraswathi,https://www.linkedin.com/in/chalamala-saraswathi-5586632bb,,Careerpedia,Frontend Developer,22 Nov 2024
Ernestine Lerisha,John,https://www.linkedin.com/in/ernestine-lerisha-john-4a863a204,,Amrita Vishwa Vidyapeetham,Research Intern,22 Nov 2024
Ango,Rithika,https://www.linkedin.com/in/ango-rithika-997a42263,,University of South Alabama,Research Intern,19 Nov 2024
Ugendhra,Chowdary,https://www.linkedin.com/in/ugendhra-chowdary-14a697227,,SYNERGYERS APPLICATIONS PVT.LTD,Sales And Marketing Specialist,19 Nov 2024
Neeli,Rishika,https://www.linkedin.com/in/neeli-rishika-31b48a2b7,,,,18 Nov 2024
Abhay,Kumar,https://www.linkedin.com/in/abhay-kumar-117b4327b,,Hacknovate,Participating in 4th Hackathon,18 Nov 2024
SaiTeja,Gatadi,https://www.linkedin.com/in/saitejagatadi,,EPAM Systems,Senior Software Engineer,18 Nov 2024
Sadab,Hussain,https://www.linkedin.com/in/sadab-hussain-012a60269,,GirlScript Summer of Code,Open Source Contributor,17 Nov 2024
NIVETHA,K,https://www.linkedin.com/in/nivetha-k-759283257,,Saama,Associate Software Engineer,16 Nov 2024
Samiksha,Shendre,https://www.linkedin.com/in/samiksha-shendre-9687602a7,,,,15 Nov 2024
Shivam,Mahajan,https://www.linkedin.com/in/mahajanshivam,,,,15 Nov 2024
HARSHITHA,GRANDHI,https://www.linkedin.com/in/harshitha-grandhi-0a0890308,,GirlScript Summer of Code,Contributor,15 Nov 2024
Sree Sai Vaishnavi,Mahendra,https://www.linkedin.com/in/sreesaivaishnavimahendra,,WorkMate Technologies ,Fellow – Workmate Fellowship 1.0,15 Nov 2024
Hari,Charan,https://www.linkedin.com/in/hari-charan-484494303,,,,14 Nov 2024
Varun Kumar,Bantupalli,https://www.linkedin.com/in/varunkumarbantupalli,,EduMoon,Web Developer,14 Nov 2024
MADISHETTY,HARSHINI,https://www.linkedin.com/in/madishetty-harshini-327b14271,,,,13 Nov 2024
Upasana,.,https://www.linkedin.com/in/upasana-b0a9b222a,,SAP,iXp Intern,12 Nov 2024
Om,Savani,https://www.linkedin.com/in/om-savani-8ab04a273,,APC Chatralaya,Resident at APC Chatralaya (Akshar Purshottam Chatralaya),12 Nov 2024
Armaan,Singh,https://www.linkedin.com/in/iarmaanx,,Hashnode,Technical Writer,12 Nov 2024
Shivansh,Saxena,https://www.linkedin.com/in/shivanshsaxena29,,GEO Softech,Full Stack Engineer,12 Nov 2024
AFIFA,AHMED,https://www.linkedin.com/in/afifa-ahmed-090317325,,Philanto- photography club@GNITS,Coordinator,11 Nov 2024
Aarushi,Sangal,https://www.linkedin.com/in/aarushi-sangal-3b9414280,,NATIONAL CADET CORPS - India,Cadet,11 Nov 2024
Sri,Vasthav,https://www.linkedin.com/in/sri-vasthav,,Arha Solution Pvt Ltd,Sr. Manager Business Development,11 Nov 2024
Kavya,Casula,https://www.linkedin.com/in/kavya-casula-797969283,,,,10 Nov 2024
Manisha,Kakkireni,https://www.linkedin.com/in/manisha-kakkireni-b9a51130a,,,,10 Nov 2024
Arti,Dhobale,https://www.linkedin.com/in/arti-dhobale,,Self-employed,Web Developer,09 Nov 2024
Vansh,Mehta,https://www.linkedin.com/in/vansh-mehta-8867b8275,,Bennett University,Student,09 Nov 2024
Ravi,Singhal,https://www.linkedin.com/in/ravi-singhal-322874252,,Intel Corporation,OneAPI ambassador,09 Nov 2024
Akshitha,Chiluka,https://www.linkedin.com/in/akshitha-chiluka-b19245259,,Optum,TDP Intern ,08 Nov 2024
Hem,Raj,https://www.linkedin.com/in/hem-raj-862624202,,GirlScript Summer of Code,Open Source Contributor,08 Nov 2024
Vennela,Kodali,https://www.linkedin.com/in/vennela-kodali-576621335,,,,07 Nov 2024
Geetha Pravallika,Kongara,https://www.linkedin.com/in/geethapravallikakongara,,Swecha Telangana,AI Developer,07 Nov 2024
Anshika,Gupta,https://www.linkedin.com/in/anshika-gupta-199188224,,Amazon,Software Development Engineer Intern,06 Nov 2024
Srinivasa Pavan Madhava Reddy,Karri,https://www.linkedin.com/in/pavanreddy07,,Accenture in India,Application Development Analyst,05 Nov 2024
M.shashank,chandra,https://www.linkedin.com/in/smogshashank,,GirlScript Summer of Code,GSSoC-extd24,05 Nov 2024
Mohamed,Irfan,https://www.linkedin.com/in/mohamedirfandev,,GenLab IB,Full-stack Developer,04 Nov 2024
N R,YADAV,https://www.linkedin.com/in/nryadav18,,GeeksforGeeks,GFG Campus Ambassador,04 Nov 2024
Vivek,Vardhan,https://www.linkedin.com/in/vivek-vardhan-23682521b,,GirlScript Summer of Code,Contributor,04 Nov 2024
Syed Omer,Ali,https://www.linkedin.com/in/syed-omer-ali-b73501324,,The Hacking School - Coding Bootcamp,Scholar of D24,03 Nov 2024
Khaja,Shaik,https://www.linkedin.com/in/khaja-shaik13,,Rocket Learning,Software Developer,03 Nov 2024
kamali,sridhar,https://www.linkedin.com/in/kamalisridhar,,Google,GenAI exchange program ,03 Nov 2024
Varsha,Gubbala,https://www.linkedin.com/in/varsha-gubbala-554663248,,CBIT Open Source Community,Junior Developer,03 Nov 2024
T Rahul,Prabhu,https://www.linkedin.com/in/trahulprabhu38,,ISRO - Indian Space Research Organization,Development Intern,02 Nov 2024
Neeru,Gangarh,https://www.linkedin.com/in/neerugangarh,,Crewsphere CTU,Social Media Manager,02 Nov 2024
Pooja Reddy,Nalabolu,https://www.linkedin.com/in/pooja-reddy-nalabolu-200532307,,Defence Research and Development Laboratory (DRDL) - DRDO,Web Developer,02 Nov 2024
Anish,Kumar,https://www.linkedin.com/in/anishkumar013326,,GirlScript Summer of Code,Contributor,01 Nov 2024
Kaif,Ansari,https://www.linkedin.com/in/kaif-ansari-,akaif2243@gmail.com,NCR Corporation,Application Support Engineer ,01 Nov 2024
Prabhat,Kumar,https://www.linkedin.com/in/prabhat-kumar-95059531a,,LetsUpgrade,Student Ambassador,01 Nov 2024
Sudhanshu,Saini,https://www.linkedin.com/in/sudhanshusaini24,,Social Winter of Code (SWOC),Open Source Contributor,31 Oct 2024
Epafra,Yeddula,https://www.linkedin.com/in/epafra-yeddula,,Microsoft Learn Student Ambassadors,Beta Microsoft learn Student Ambassador,30 Oct 2024
Shruti,Keshri,https://www.linkedin.com/in/shrutikeshri,,Student Nexus,Student Ambassador,28 Oct 2024
Shreyash,Srivastava,https://www.linkedin.com/in/shreyash3087,,Android Club - VIT Bhopal,SDC Lead,27 Oct 2024
Koushik,Repani,https://www.linkedin.com/in/koushik-repani-816371202,,Moai Consulting LLP,Assistant Product Management,25 Oct 2024
Alsami,Ansari,https://www.linkedin.com/in/alsami-ansari,,Synilogic Tech Private Limited,Front-End Developer,24 Oct 2024
Nandini,Kasaraboina,https://www.linkedin.com/in/nandini-kasaraboina-3615412b4,,,,24 Oct 2024
Chandasri,Kammari,https://www.linkedin.com/in/chandasri-kammari-40694b2a0,,,,24 Oct 2024
Kandagatla,Poojitha,https://www.linkedin.com/in/kandagatla-poojitha-0a655b321,,,,24 Oct 2024
Sunny,Raj,https://www.linkedin.com/in/sunny-r-7b9bb2243,sunnyrajbodhgaya13@gmail.com,Unified Mentor,Frontend Internships  (React JS),23 Oct 2024
Jahnavi,Logani,https://www.linkedin.com/in/jahnavi-logani-6a73112aa,,,,21 Oct 2024
Harshavardhan,Bajoria,https://www.linkedin.com/in/harshavardhan-bajoria,,Unstop ,Associate Product Manager,20 Oct 2024
SHIVA,SHANKAR REDDY,https://www.linkedin.com/in/shiva-shankar-reddy-2639b4235,,Take it smart (OPC) Private Limited,Full Stack Developer Intern,17 Oct 2024
Denos,Kume,https://www.linkedin.com/in/denos-kume,,Unified Mentor Private Limited,Data Analyst,17 Oct 2024
Redha,Zidan,https://www.linkedin.com/in/redha-zidan,,Unified Mentor,Full-stack Developer,17 Oct 2024
Shiva,Ramadugu,https://www.linkedin.com/in/shivaramadugu2001,,TEK INTERNATIONAL,Us It Bench sales recruter,15 Oct 2024
NUKALA,SHASHANK REDDY,https://www.linkedin.com/in/shashanknany,,Unified Mentor,Web Developer,15 Oct 2024
Ameer,Shaik,https://www.linkedin.com/in/ameer-shaik-81b2a6b4,,Deloitte,Senior Team Lead,14 Oct 2024
Vyshnavi,Paka,https://www.linkedin.com/in/vyshnavi-paka-792b7226b,,TopTrove Foundation,MIS Intern,14 Oct 2024
Boga,Srujana,https://www.linkedin.com/in/boga-srujana-10316732b,,,,23 Sep 2024
Per,Borgen,https://www.linkedin.com/in/per-harald-borgen,,Scrimba,CEO,18 Sep 2024
Pralavika Sai,Kamatam ,https://www.linkedin.com/in/pralavika-sai-kamatam,,Publicis Sapient,System Engineer,16 Sep 2024
Ramyasri,Vaddadi,https://www.linkedin.com/in/ramyasri-vaddadi-509493326,,,,07 Sep 2024
Vaishali,Kadam,https://www.linkedin.com/in/vaishali-kadam-529295305,,,,28 Aug 2024
Naga Shayani,Thodupunuri,https://www.linkedin.com/in/naga-shayani-thodupunuri-7a0588320,,,,29 Jul 2024