Event Name,Event Time,Status,External Url
How to Crack an Interview with Arjun Vijayvargiya,"Oct 23, 2024 01:30 PM - Oct 23, 2024 02:30 PM",APPROVED,
REDHAT CHAMPION's CONFERENCE,"Nov 08, 2024 08:00 AM - Nov 08, 2024 11:00 AM",APPROVED,
Open Source Friday: Oh My Zsh: The Community-Driven Terminal Enhancer,"Jan 24, 2025 06:00 PM - Jan 24, 2025 07:00 PM",APPROVED,
From College Projects to Real-World Code with Akshit Batra,"Oct 31, 2024 01:30 AM - Oct 31, 2024 02:30 AM",APPROVED,
Dive into the Google Cloud Arcade Program: Accelerate Your Cloud Skills!,"Jul 23, 2024 10:00 AM - Jul 23, 2024 11:15 AM",APPROVED,
Building GenAI Agents on Opensource,"Oct 21, 2024 01:30 PM - Oct 21, 2024 02:30 PM",APPROVED,
🏆 𝗝𝗢𝗕𝗦 & 𝗜𝗡𝗧𝗘𝗥𝗡𝗦𝗛𝗜𝗣𝗦 𝗘𝗫𝗣𝗢 𝟮𝟬𝟮𝟰,"Oct 26, 2024 05:30 AM - Oct 26, 2024 12:30 PM",APPROVED,https://bit.ly/3zkYLpO
GitHub Profile Review Session 4,"Nov 03, 2024 01:30 PM - Nov 03, 2024 02:30 PM",APPROVED,
