Date,Link
2025-06-15 06:24:06,https://www.linkedin.com/feed/update/urn%3Ali%3Aactivity%3A7339900493856395264
2025-06-13 15:35:55,https://www.linkedin.com/feed/update/urn%3Ali%3Aactivity%3A7339314588351356929
2025-06-10 05:52:56,https://www.linkedin.com/feed/update/urn%3Ali%3Aactivity%3A7338080710655696896
2025-06-07 07:29:51,https://www.linkedin.com/feed/update/urn%3Ali%3Aactivity%3A7337017937913901056
2025-05-17 07:11:59,https://www.linkedin.com/feed/update/urn%3Ali%3Aactivity%3A7329403295796559873
2025-04-03 02:23:11,https://www.linkedin.com/feed/update/urn%3Ali%3Aactivity%3A7313385549585702913
2025-02-22 14:31:20,https://www.linkedin.com/feed/update/urn%3Ali%3Aactivity%3A7299073283457490944
2025-02-11 15:30:18,https://www.linkedin.com/feed/update/urn%3Ali%3Aactivity%3A7295101856282734592
2025-01-24 18:13:10,https://www.linkedin.com/feed/update/urn%3Ali%3Aactivity%3A7288619860488589312
2025-01-18 03:23:00,https://www.linkedin.com/feed/update/urn%3Ali%3Aactivity%3A7286221515451232257
2025-01-17 04:14:29,https://www.linkedin.com/feed/update/urn%3Ali%3Aactivity%3A7285872083580981249
2025-01-04 12:41:17,https://www.linkedin.com/feed/update/urn%3Ali%3Aactivity%3A7281288582466580480
2024-12-09 03:00:57,https://www.linkedin.com/feed/update/urn%3Ali%3Aactivity%3A7271720452253769729
2024-12-08 03:26:42,https://www.linkedin.com/feed/update/urn%3Ali%3Aactivity%3A7271364541794435072
2024-12-07 03:06:46,https://www.linkedin.com/feed/update/urn%3Ali%3Aactivity%3A7270997140640780288
2024-12-03 14:07:20,https://www.linkedin.com/feed/update/urn%3Ali%3Aactivity%3A7269713822876127233
2024-11-30 02:40:51,https://www.linkedin.com/feed/update/urn%3Ali%3Aactivity%3A7268453900498685952
2024-11-23 15:13:11,https://www.linkedin.com/feed/update/urn%3Ali%3Aactivity%3A7266106518066905090
2024-11-22 17:12:40,https://www.linkedin.com/feed/update/urn%3Ali%3Aactivity%3A7265774197316931586
2024-11-20 15:18:53,https://www.linkedin.com/feed/update/urn%3Ali%3Aactivity%3A7265020789333090304
2024-11-16 16:47:34,https://www.linkedin.com/feed/update/urn%3Ali%3Aactivity%3A7263593555909091328
2024-11-16 02:15:08,https://www.linkedin.com/feed/update/urn%3Ali%3Aactivity%3A7263373997902364672
2024-10-25 16:16:12,https://www.linkedin.com/feed/update/urn%3Ali%3Aactivity%3A7255613128795734017
2024-10-25 16:09:18,https://www.linkedin.com/feed/update/urn%3Ali%3Aactivity%3A7255611392974622729
2024-10-25 11:52:54,https://www.linkedin.com/feed/update/urn%3Ali%3Aactivity%3A7255546864865857536
2024-10-24 17:13:19,https://www.linkedin.com/feed/update/urn%3Ali%3Aactivity%3A7255265112784052224
2024-10-24 17:12:46,https://www.linkedin.com/feed/update/urn%3Ali%3Aactivity%3A7255264973860274176
2024-10-23 15:46:45,https://www.linkedin.com/feed/update/urn%3Ali%3Aactivity%3A7254880939468595200
2024-10-23 10:48:55,https://www.linkedin.com/feed/update/urn%3Ali%3Aactivity%3A7254805990338904067
2024-10-21 14:29:01,https://www.linkedin.com/feed/update/urn%3Ali%3Aactivity%3A7254136604938641409
2024-10-21 11:47:56,https://www.linkedin.com/feed/update/urn%3Ali%3Aactivity%3A7254096064905920513
2024-10-16 10:49:46,https://www.linkedin.com/feed/update/urn%3Ali%3Aactivity%3A7252269487431819265
2024-10-14 16:52:03,https://www.linkedin.com/feed/update/urn%3Ali%3Aactivity%3A7251635883550896129
2024-10-14 14:57:17,https://www.linkedin.com/feed/update/urn%3Ali%3Aactivity%3A7251607000382341121
2024-10-14 14:53:46,https://www.linkedin.com/feed/update/urn%3Ali%3Aactivity%3A7251606116307021824
2024-10-14 12:15:09,https://www.linkedin.com/feed/update/urn%3Ali%3Aactivity%3A7251566201292689409
2024-10-14 12:14:13,https://www.linkedin.com/feed/update/urn%3Ali%3Aactivity%3A7251565963257483264
2024-10-14 05:12:45,https://www.linkedin.com/feed/update/urn%3Ali%3Aactivity%3A7251459899983810560
2024-10-14 04:41:25,https://www.linkedin.com/feed/update/urn%3Ali%3Aactivity%3A7251452014537129984
2024-10-14 04:28:43,https://www.linkedin.com/feed/update/urn%3Ali%3Aactivity%3A7251448818548834304
2024-10-13 05:04:31,https://www.linkedin.com/feed/update/urn%3Ali%3Aactivity%3A7251095440337584129
2024-10-13 04:56:32,https://www.linkedin.com/feed/update/urn%3Ali%3Aactivity%3A7251093431286910976
2024-10-11 06:58:23,https://www.linkedin.com/feed/update/urn%3Ali%3Aactivity%3A7250399318275219457
2024-10-11 03:02:04,https://www.linkedin.com/feed/update/urn%3Ali%3Aactivity%3A7250339846030852096
2024-10-10 12:52:27,https://www.linkedin.com/feed/update/urn%3Ali%3Aactivity%3A7250126035667615748
2024-10-10 12:51:17,https://www.linkedin.com/feed/update/urn%3Ali%3Aactivity%3A7250125741940494337
2024-10-10 12:51:08,https://www.linkedin.com/feed/update/urn%3Ali%3Aactivity%3A7250125703726125056
2024-10-07 17:06:15,https://www.linkedin.com/feed/update/urn%3Ali%3Aactivity%3A7249102743213133825
2024-10-07 09:18:24,https://www.linkedin.com/feed/update/urn%3Ali%3Aactivity%3A7248985004590940160
2024-10-07 09:07:51,https://www.linkedin.com/feed/update/urn%3Ali%3Aactivity%3A7248982346702409728
2024-10-04 07:31:20,https://www.linkedin.com/feed/update/urn%3Ali%3Aactivity%3A7247870897821208577
2024-10-03 03:27:38,https://www.linkedin.com/feed/update/urn%3Ali%3Aactivity%3A7247447178883850240
2024-10-03 03:23:30,https://www.linkedin.com/feed/update/urn%3Ali%3Aactivity%3A7247446137106780161
2024-10-02 03:57:02,https://www.linkedin.com/feed/update/urn%3Ali%3Aactivity%3A7247092190055714816
2024-10-02 03:51:09,https://www.linkedin.com/feed/update/urn%3Ali%3Aactivity%3A7247090707536957441
2024-10-02 03:47:40,https://www.linkedin.com/feed/update/urn%3Ali%3Aactivity%3A7247089831451742209
2024-10-02 02:05:00,https://www.linkedin.com/feed/update/urn%3Ali%3Aactivity%3A7247063994505564160
2024-10-01 14:34:12,https://www.linkedin.com/feed/update/urn%3Ali%3Aactivity%3A7246890149219848194
2024-10-01 14:31:30,https://www.linkedin.com/feed/update/urn%3Ali%3Aactivity%3A7246889469365149696
2024-10-01 14:26:25,https://www.linkedin.com/feed/update/urn%3Ali%3Aactivity%3A7246888191163568128
2024-09-30 18:18:25,https://www.linkedin.com/feed/update/urn%3Ali%3Aactivity%3A7246584189985148928
2024-09-30 18:04:38,https://www.linkedin.com/feed/update/urn%3Ali%3Aactivity%3A7246580719605432321
2024-09-29 03:12:55,https://www.linkedin.com/feed/update/urn%3Ali%3Aactivity%3A7245993923276357632
2024-09-29 03:10:15,https://www.linkedin.com/feed/update/urn%3Ali%3Aactivity%3A7245993254238797824
2024-09-28 02:36:29,https://www.linkedin.com/feed/update/urn%3Ali%3Aactivity%3A7245622365223608320
2024-09-27 13:08:22,https://www.linkedin.com/feed/update/urn%3Ali%3Aactivity%3A7245418999482597377
2024-09-26 03:28:28,https://www.linkedin.com/feed/update/urn%3Ali%3Aactivity%3A7244910672214450176
2024-09-23 12:14:48,https://www.linkedin.com/feed/update/urn%3Ali%3Aactivity%3A7243955964016513025
2024-09-21 04:13:31,https://www.linkedin.com/feed/update/urn%3Ali%3Aactivity%3A7243110069653979137
2024-09-21 03:09:29,https://www.linkedin.com/feed/update/urn%3Ali%3Aactivity%3A7243093954966044672
2024-09-21 02:58:58,https://www.linkedin.com/feed/update/urn%3Ali%3Aactivity%3A7243091308393709568
2024-09-20 15:07:27,https://www.linkedin.com/feed/update/urn%3Ali%3Aactivity%3A7242912252708745218
2024-09-19 12:55:52,https://www.linkedin.com/feed/update/urn%3Ali%3Aactivity%3A7242516750901137408
2024-09-18 16:52:04,https://www.linkedin.com/feed/update/urn%3Ali%3Aactivity%3A7242213801159249920
2024-09-18 10:50:29,https://www.linkedin.com/feed/update/urn%3Ali%3Aactivity%3A7242122807432667136
2024-09-17 12:47:52,https://www.linkedin.com/feed/update/urn%3Ali%3Aactivity%3A7241789961597837312
2024-09-17 12:46:40,https://www.linkedin.com/feed/update/urn%3Ali%3Aactivity%3A7241789657905016837
2024-09-17 12:45:03,https://www.linkedin.com/feed/update/urn%3Ali%3Aactivity%3A7241789249694449665
2024-09-16 02:46:11,https://www.linkedin.com/feed/update/urn%3Ali%3Aactivity%3A7241276153217331200
2024-09-16 02:45:31,https://www.linkedin.com/feed/update/urn%3Ali%3Aactivity%3A7241275984555978752
2024-09-14 12:50:43,https://www.linkedin.com/feed/update/urn%3Ali%3Aactivity%3A7240703513264091136
2024-09-14 11:25:24,https://www.linkedin.com/feed/update/urn%3Ali%3Aactivity%3A7240682041967579136
2024-09-13 14:41:42,https://www.linkedin.com/feed/update/urn%3Ali%3Aactivity%3A7240369057768620032
2024-09-13 14:32:16,https://www.linkedin.com/feed/update/urn%3Ali%3Aactivity%3A7240366682269982720
2024-09-13 09:55:59,https://www.linkedin.com/feed/update/urn%3Ali%3Aactivity%3A7240297151061217280
2024-09-13 09:49:35,https://www.linkedin.com/feed/update/urn%3Ali%3Aactivity%3A7240295542172401666
2024-09-12 02:00:55,https://www.linkedin.com/feed/update/urn%3Ali%3Aactivity%3A7239815209811427328
2024-09-12 02:00:23,https://www.linkedin.com/feed/update/urn%3Ali%3Aactivity%3A7239815075623014401
2024-09-11 15:12:24,https://www.linkedin.com/feed/update/urn%3Ali%3Aactivity%3A7239652005017702401
2024-09-11 12:33:40,https://www.linkedin.com/feed/update/urn%3Ali%3Aactivity%3A7239612060454539266
