From,To,Sent At,Message,Direction,inviterProfileUrl,inviteeProfileUrl
Sri Vaishnavi,Shubhanshu Kumar,"6/6/25, 12:08 AM",,OUTGOING,https://www.linkedin.com/in/sri-vaishnavi-95023630a,https://www.linkedin.com/in/shubhanshu-kumar-6a961525a
Sri Vaishnavi,Ayotomiwa Onifara,"6/5/25, 3:28 AM",,OUTGOING,https://www.linkedin.com/in/sri-vaishnavi-95023630a,https://www.linkedin.com/in/ayotomiwa-onifara
Sri Vaishnavi,tanusri karri,"6/3/25, 10:28 AM",,OUTGOING,https://www.linkedin.com/in/sri-vaishnavi-95023630a,https://www.linkedin.com/in/tanusri-karri-455613317
Sri Vaishnavi,Kriti Jaiswal,"6/2/25, 10:11 AM",,OUTGOING,https://www.linkedin.com/in/sri-vaishnavi-95023630a,https://www.linkedin.com/in/kriti-jaiswal1-
Sri Vaishnavi,SACHIN PAL,"5/31/25, 1:21 AM",,OUTGOING,https://www.linkedin.com/in/sri-vaishnavi-95023630a,https://www.linkedin.com/in/sachinpalaws
Sri Vaishnavi,Ansh Kyal,"5/30/25, 11:02 AM",,OUTGOING,https://www.linkedin.com/in/sri-vaishnavi-95023630a,https://www.linkedin.com/in/anshkyal
Sri Vaishnavi,Ishita Agrawal,"5/30/25, 4:56 AM",,OUTGOING,https://www.linkedin.com/in/sri-vaishnavi-95023630a,https://www.linkedin.com/in/ishita-agrawal-dev
Sri Vaishnavi,Tanishka Talreja,"5/30/25, 4:33 AM",,OUTGOING,https://www.linkedin.com/in/sri-vaishnavi-95023630a,https://www.linkedin.com/in/tanishka-talreja-399978317
Sri Vaishnavi,Nadav  Benedek,"5/29/25, 7:46 PM",,OUTGOING,https://www.linkedin.com/in/sri-vaishnavi-95023630a,https://www.linkedin.com/in/nadavbenedekxeinst
Sri Vaishnavi,Sreejita Dhar,"5/26/25, 8:05 PM",,OUTGOING,https://www.linkedin.com/in/sri-vaishnavi-95023630a,https://www.linkedin.com/in/sreejitadhar
Sri Vaishnavi,Aditya Saini,"5/25/25, 2:41 AM",,OUTGOING,https://www.linkedin.com/in/sri-vaishnavi-95023630a,https://www.linkedin.com/in/aditya-saini-48494134a
Sri Vaishnavi,Tushar Bhardwaj,"5/25/25, 12:17 AM",,OUTGOING,https://www.linkedin.com/in/sri-vaishnavi-95023630a,https://www.linkedin.com/in/bhardwajtushar2004
Sri Vaishnavi,Lakshita Singh Sisodia,"5/24/25, 9:50 AM",,OUTGOING,https://www.linkedin.com/in/sri-vaishnavi-95023630a,https://www.linkedin.com/in/lakshita-singh-sisodia-796266290
Sri Vaishnavi,Deepak S,"5/24/25, 9:48 AM",,OUTGOING,https://www.linkedin.com/in/sri-vaishnavi-95023630a,https://www.linkedin.com/in/deepak-s-dr
Sri Vaishnavi,Ayush Pandey,"5/24/25, 4:44 AM",,OUTGOING,https://www.linkedin.com/in/sri-vaishnavi-95023630a,https://www.linkedin.com/in/ayush-pandey-863613202
Sri Vaishnavi,Gayatri G,"5/23/25, 6:38 AM",,OUTGOING,https://www.linkedin.com/in/sri-vaishnavi-95023630a,https://www.linkedin.com/in/g-gayatri192005
Sri Vaishnavi,Jashwanth Bavandlapalli,"5/19/25, 11:27 AM",,OUTGOING,https://www.linkedin.com/in/sri-vaishnavi-95023630a,https://www.linkedin.com/in/jashwanthnani
Sri Vaishnavi,Sakshi Jain,"5/19/25, 11:20 AM",,OUTGOING,https://www.linkedin.com/in/sri-vaishnavi-95023630a,https://www.linkedin.com/in/sakshi-jain-805537249
Sri Vaishnavi,Vijay Shetty,"5/19/25, 4:55 AM",,OUTGOING,https://www.linkedin.com/in/sri-vaishnavi-95023630a,https://www.linkedin.com/in/vijay-shetty-00373517
Sri Vaishnavi,Ishaan Arora,"5/8/25, 9:06 PM",,OUTGOING,https://www.linkedin.com/in/sri-vaishnavi-95023630a,https://www.linkedin.com/in/ishaan-arora-profile
Sri Vaishnavi,Kartik Sharma,"5/6/25, 9:32 AM",,OUTGOING,https://www.linkedin.com/in/sri-vaishnavi-95023630a,https://www.linkedin.com/in/sharmaxkartik
Sri Vaishnavi,Sujay Anishetti,"5/4/25, 11:55 PM",,OUTGOING,https://www.linkedin.com/in/sri-vaishnavi-95023630a,https://www.linkedin.com/in/sujay-anishetti
Sri Vaishnavi,Akanksha Buchke,"5/3/25, 6:49 AM",,OUTGOING,https://www.linkedin.com/in/sri-vaishnavi-95023630a,https://www.linkedin.com/in/akanksha-buchke
Sri Vaishnavi,Aarushi Chottani,"5/1/25, 5:25 AM",,OUTGOING,https://www.linkedin.com/in/sri-vaishnavi-95023630a,https://www.linkedin.com/in/aarushi-chottani-80b861322
Sri Vaishnavi,Dewansh Kumar,"4/28/25, 7:16 PM",,OUTGOING,https://www.linkedin.com/in/sri-vaishnavi-95023630a,https://www.linkedin.com/in/dewansh-kumar-487bb425b
Sri Vaishnavi,Bhavishya  Ambati,"4/27/25, 7:40 PM",,OUTGOING,https://www.linkedin.com/in/sri-vaishnavi-95023630a,https://www.linkedin.com/in/bhavishya-ambati
Sri Vaishnavi,Lokesh Yechina,"4/26/25, 9:52 AM",,OUTGOING,https://www.linkedin.com/in/sri-vaishnavi-95023630a,https://www.linkedin.com/in/lokesh-yechina
Sri Vaishnavi,Sathvika Jagarlamudi,"4/26/25, 7:41 AM",,OUTGOING,https://www.linkedin.com/in/sri-vaishnavi-95023630a,https://www.linkedin.com/in/satwika555
Sri Vaishnavi,Yuvika Gupta,"4/17/25, 11:25 AM",,OUTGOING,https://www.linkedin.com/in/sri-vaishnavi-95023630a,https://www.linkedin.com/in/yuvika-gupta-1530371b2
Sri Vaishnavi,BHOJANAPU VENKATA ROHITH,"4/8/25, 7:42 PM",,OUTGOING,https://www.linkedin.com/in/sri-vaishnavi-95023630a,https://www.linkedin.com/in/bhojanapu-venkata-rohith-3a64672b6
Sri Vaishnavi,Anisha Behera,"4/1/25, 8:50 AM",,OUTGOING,https://www.linkedin.com/in/sri-vaishnavi-95023630a,https://www.linkedin.com/in/anishabehera
Sri Vaishnavi,Aagama AR,"4/1/25, 3:27 AM",,OUTGOING,https://www.linkedin.com/in/sri-vaishnavi-95023630a,https://www.linkedin.com/in/aagamaar
Sri Vaishnavi,Shambhavi Paygude,"3/30/25, 9:04 AM",,OUTGOING,https://www.linkedin.com/in/sri-vaishnavi-95023630a,https://www.linkedin.com/in/shambhavi-paygude-aa8b02274
Sri Vaishnavi,Vyom Goyal,"3/25/25, 10:05 AM",,OUTGOING,https://www.linkedin.com/in/sri-vaishnavi-95023630a,https://www.linkedin.com/in/vyom-goyal-09ab5b246
Sri Vaishnavi,Arisha Firoz,"3/25/25, 9:33 AM",,OUTGOING,https://www.linkedin.com/in/sri-vaishnavi-95023630a,https://www.linkedin.com/in/arisha-firoz-668638331
Sri Vaishnavi,Chandu siddhartha,"3/23/25, 10:45 PM",,OUTGOING,https://www.linkedin.com/in/sri-vaishnavi-95023630a,https://www.linkedin.com/in/chandusiddartha
Sri Vaishnavi,Ranjan kumar Verma,"3/22/25, 8:53 PM",,OUTGOING,https://www.linkedin.com/in/sri-vaishnavi-95023630a,https://www.linkedin.com/in/ranjan-kumar-verma-5aa805271
Sri Vaishnavi,Ashish Kumar,"3/21/25, 8:19 AM",,OUTGOING,https://www.linkedin.com/in/sri-vaishnavi-95023630a,https://www.linkedin.com/in/ashish-kumar-521b7222a
Sri Vaishnavi,Rishi Sharma,"3/20/25, 7:30 AM",,OUTGOING,https://www.linkedin.com/in/sri-vaishnavi-95023630a,https://www.linkedin.com/in/rishi-sharma-278999152
Sri Vaishnavi,Anubhav Mishra,"3/19/25, 10:11 AM",,OUTGOING,https://www.linkedin.com/in/sri-vaishnavi-95023630a,https://www.linkedin.com/in/anubhav-mishra-b27459256
Sri Vaishnavi,Maulik Devmurari,"3/19/25, 10:11 AM",,OUTGOING,https://www.linkedin.com/in/sri-vaishnavi-95023630a,https://www.linkedin.com/in/maulik-devmurari-061a77308
Sri Vaishnavi,Ayush Iyer,"3/19/25, 8:30 AM",,OUTGOING,https://www.linkedin.com/in/sri-vaishnavi-95023630a,https://www.linkedin.com/in/godbelievesme26
Sri Vaishnavi,Shiv Mehrotra,"3/19/25, 8:30 AM",,OUTGOING,https://www.linkedin.com/in/sri-vaishnavi-95023630a,https://www.linkedin.com/in/shiv-mehrotra-425558232
Sri Vaishnavi,Sivaji Paritala,"3/17/25, 8:24 AM",,OUTGOING,https://www.linkedin.com/in/sri-vaishnavi-95023630a,https://www.linkedin.com/in/sivaji-paritala
Sri Vaishnavi,Akhila Peddireddy,"3/17/25, 7:24 AM",,OUTGOING,https://www.linkedin.com/in/sri-vaishnavi-95023630a,https://www.linkedin.com/in/akhila-peddireddy-ba0346306
Sri Vaishnavi,Kashish Juneja,"3/17/25, 4:16 AM",,OUTGOING,https://www.linkedin.com/in/sri-vaishnavi-95023630a,https://www.linkedin.com/in/kashish-juneja-756673209
Sri Vaishnavi,Rahul Lodhi,"3/11/25, 7:31 AM",,OUTGOING,https://www.linkedin.com/in/sri-vaishnavi-95023630a,https://www.linkedin.com/in/rahullodhisdr
Sri Vaishnavi,Payal Kumari,"3/10/25, 11:35 AM",,OUTGOING,https://www.linkedin.com/in/sri-vaishnavi-95023630a,https://www.linkedin.com/in/payalkumari10
Sri Vaishnavi,Himanshu Kumar,"3/10/25, 12:05 AM",,OUTGOING,https://www.linkedin.com/in/sri-vaishnavi-95023630a,https://www.linkedin.com/in/himanshu-kumar-425aba292
Sri Vaishnavi,AVNI SHARMA,"3/9/25, 11:04 PM",,OUTGOING,https://www.linkedin.com/in/sri-vaishnavi-95023630a,https://www.linkedin.com/in/avnisharma1705
Sri Vaishnavi,Yasir Akhlaque,"3/9/25, 11:03 PM",,OUTGOING,https://www.linkedin.com/in/sri-vaishnavi-95023630a,https://www.linkedin.com/in/yasirakhlaque
Sri Vaishnavi,Rutika Kengal,"3/9/25, 7:00 AM",,OUTGOING,https://www.linkedin.com/in/sri-vaishnavi-95023630a,https://www.linkedin.com/in/rutika-kengal-b3b0a22b7
Sri Vaishnavi,Ishu .,"3/9/25, 6:58 AM",,OUTGOING,https://www.linkedin.com/in/sri-vaishnavi-95023630a,https://www.linkedin.com/in/ishu-3995a0256
Sri Vaishnavi,Harish Krishnan C,"3/8/25, 10:26 PM",,OUTGOING,https://www.linkedin.com/in/sri-vaishnavi-95023630a,https://www.linkedin.com/in/harish-krishnan-c
Sri Vaishnavi,Siddhant Patil,"3/7/25, 6:41 AM",,OUTGOING,https://www.linkedin.com/in/sri-vaishnavi-95023630a,https://www.linkedin.com/in/siddhant-patil-04587525b
Sri Vaishnavi,Anshika Gupta,"3/6/25, 11:28 PM",,OUTGOING,https://www.linkedin.com/in/sri-vaishnavi-95023630a,https://www.linkedin.com/in/anshika-gupta-164a8322b
Sri Vaishnavi,Maneet Gupta,"3/6/25, 9:09 AM",,OUTGOING,https://www.linkedin.com/in/sri-vaishnavi-95023630a,https://www.linkedin.com/in/maneet-gupta
Sri Vaishnavi,Rainy Jain,"3/5/25, 2:51 AM",,OUTGOING,https://www.linkedin.com/in/sri-vaishnavi-95023630a,https://www.linkedin.com/in/rainyjain
Sri Vaishnavi,Aditya Prasad Sahu,"3/4/25, 2:37 AM",,OUTGOING,https://www.linkedin.com/in/sri-vaishnavi-95023630a,https://www.linkedin.com/in/aditya-prasad-sahu-167b62320
Sri Vaishnavi,Priyanshu Raj,"3/4/25, 12:34 AM",,OUTGOING,https://www.linkedin.com/in/sri-vaishnavi-95023630a,https://www.linkedin.com/in/priyanshu-raj-96314525a
Sri Vaishnavi,Mahima Mahendru,"3/4/25, 12:32 AM",,OUTGOING,https://www.linkedin.com/in/sri-vaishnavi-95023630a,https://www.linkedin.com/in/mahima-mahendru
Sri Vaishnavi,Sravani Vilasagarapu,"2/27/25, 6:27 PM",,OUTGOING,https://www.linkedin.com/in/sri-vaishnavi-95023630a,https://www.linkedin.com/in/sravani-vilasagarapu-63ab6a262
Sri Vaishnavi,Tech Boy Deepak,"2/27/25, 6:45 AM",,OUTGOING,https://www.linkedin.com/in/sri-vaishnavi-95023630a,https://www.linkedin.com/in/techboydeepak
Sri Vaishnavi,Andreena Pinheiro,"2/26/25, 9:12 AM",,OUTGOING,https://www.linkedin.com/in/sri-vaishnavi-95023630a,https://www.linkedin.com/in/andreena-pinheiro-9684152b7
Sri Vaishnavi,MOHAMMED SUFYAAN TALISH,"2/25/25, 8:40 AM",,OUTGOING,https://www.linkedin.com/in/sri-vaishnavi-95023630a,https://www.linkedin.com/in/mohd-sufyaan-talish
Sri Vaishnavi,KAMLESH .,"2/24/25, 8:28 AM",,OUTGOING,https://www.linkedin.com/in/sri-vaishnavi-95023630a,https://www.linkedin.com/in/kamlesh7939
Sri Vaishnavi,Dhruva Pai Angle,"2/24/25, 8:26 AM",,OUTGOING,https://www.linkedin.com/in/sri-vaishnavi-95023630a,https://www.linkedin.com/in/dhruvapaiangle
Sri Vaishnavi,Pranav Gaur,"2/20/25, 8:59 AM",,OUTGOING,https://www.linkedin.com/in/sri-vaishnavi-95023630a,https://www.linkedin.com/in/pranav-gaur-012a54187
Sri Vaishnavi,Hanish venkat,"2/20/25, 8:57 AM",,OUTGOING,https://www.linkedin.com/in/sri-vaishnavi-95023630a,https://www.linkedin.com/in/hanish-venkat-500168243
Sri Vaishnavi,Khushali Nagar,"2/18/25, 5:46 AM",,OUTGOING,https://www.linkedin.com/in/sri-vaishnavi-95023630a,https://www.linkedin.com/in/khushali-nagar91118
Sri Vaishnavi,Dhanish Kartikeyan,"2/16/25, 6:17 AM",,OUTGOING,https://www.linkedin.com/in/sri-vaishnavi-95023630a,https://www.linkedin.com/in/dhanish-kartikeyan-906567218
Sri Vaishnavi,Nandini Mishra,"2/16/25, 2:17 AM",,OUTGOING,https://www.linkedin.com/in/sri-vaishnavi-95023630a,https://www.linkedin.com/in/nandini-mishra-154818299
Sri Vaishnavi,Sheefa Nigar Syed,"2/16/25, 1:31 AM",,OUTGOING,https://www.linkedin.com/in/sri-vaishnavi-95023630a,https://www.linkedin.com/in/sheefanigar
Sri Vaishnavi,Shraavani Jha,"2/16/25, 1:31 AM",,OUTGOING,https://www.linkedin.com/in/sri-vaishnavi-95023630a,https://www.linkedin.com/in/shraavanijha
Sri Vaishnavi,Lahari Daram,"2/16/25, 1:08 AM",,OUTGOING,https://www.linkedin.com/in/sri-vaishnavi-95023630a,https://www.linkedin.com/in/laharidaram
Sri Vaishnavi,Saloni Joshi,"2/15/25, 6:59 PM",,OUTGOING,https://www.linkedin.com/in/sri-vaishnavi-95023630a,https://www.linkedin.com/in/salonijoshi1980
Sri Vaishnavi,Sai Smruti Ranjan Das,"2/15/25, 10:48 AM",,OUTGOING,https://www.linkedin.com/in/sri-vaishnavi-95023630a,https://www.linkedin.com/in/saismrutiranjan
Sri Vaishnavi,Navdeep Kaur Sodhi,"2/11/25, 10:25 PM",,OUTGOING,https://www.linkedin.com/in/sri-vaishnavi-95023630a,https://www.linkedin.com/in/navdeep-kaur0409
Sri Vaishnavi,Tiwari Naga Ganesh Prasad,"2/11/25, 8:15 AM",,OUTGOING,https://www.linkedin.com/in/sri-vaishnavi-95023630a,https://www.linkedin.com/in/tiwari-naga-ganesh-prasad
Sri Vaishnavi,Thatha Rohith,"2/11/25, 7:49 AM",,OUTGOING,https://www.linkedin.com/in/sri-vaishnavi-95023630a,https://www.linkedin.com/in/thatha-rohith
Sri Vaishnavi,Rudroju Rupini,"2/11/25, 7:46 AM",,OUTGOING,https://www.linkedin.com/in/sri-vaishnavi-95023630a,https://www.linkedin.com/in/rudroju-rupini
Sri Vaishnavi,Manmeet Kaur,"2/9/25, 10:09 AM",,OUTGOING,https://www.linkedin.com/in/sri-vaishnavi-95023630a,https://www.linkedin.com/in/manmeet-kaur-9b938b1b1
Sri Vaishnavi,Mahenoor Salat,"2/6/25, 6:25 AM",,OUTGOING,https://www.linkedin.com/in/sri-vaishnavi-95023630a,https://www.linkedin.com/in/salat-mahenoor
Sri Vaishnavi,Tanisha Singh,"2/5/25, 8:49 AM",,OUTGOING,https://www.linkedin.com/in/sri-vaishnavi-95023630a,https://www.linkedin.com/in/tanisha-singh-88b544260
Sri Vaishnavi,Md Alkama,"2/2/25, 9:44 AM",,OUTGOING,https://www.linkedin.com/in/sri-vaishnavi-95023630a,https://www.linkedin.com/in/md-alkama
Sri Vaishnavi,ROHAN SAMUEL,"2/1/25, 8:59 AM",,OUTGOING,https://www.linkedin.com/in/sri-vaishnavi-95023630a,https://www.linkedin.com/in/rohan-samuel
Sri Vaishnavi,Aditya Barnwal,"2/1/25, 12:33 AM",,OUTGOING,https://www.linkedin.com/in/sri-vaishnavi-95023630a,https://www.linkedin.com/in/adiwish
Sri Vaishnavi,Pratham Jiwanani,"1/31/25, 7:55 AM",,OUTGOING,https://www.linkedin.com/in/sri-vaishnavi-95023630a,https://www.linkedin.com/in/pratham-jiwanani
Sri Vaishnavi,Aadil Latif,"1/30/25, 8:59 AM",,OUTGOING,https://www.linkedin.com/in/sri-vaishnavi-95023630a,https://www.linkedin.com/in/iaadillatif
Sri Vaishnavi,Harsha Rashmi,"1/29/25, 5:58 PM",,OUTGOING,https://www.linkedin.com/in/sri-vaishnavi-95023630a,https://www.linkedin.com/in/harsha-rashmi-478a3a289
Sri Vaishnavi,Rudhvik Dharamkar,"1/29/25, 6:41 AM",,OUTGOING,https://www.linkedin.com/in/sri-vaishnavi-95023630a,https://www.linkedin.com/in/rudhvik-dharamkar-5234281b6
Sri Vaishnavi,Suraj Singh,"1/29/25, 3:31 AM",,OUTGOING,https://www.linkedin.com/in/sri-vaishnavi-95023630a,https://www.linkedin.com/in/suraj-singh-431010248
Sri Vaishnavi,kamlesh solanki,"1/28/25, 11:30 PM",,OUTGOING,https://www.linkedin.com/in/sri-vaishnavi-95023630a,https://www.linkedin.com/in/kamlesh-solanki-63b674238
Sri Vaishnavi,Ruchika Kengal,"1/28/25, 7:13 PM",,OUTGOING,https://www.linkedin.com/in/sri-vaishnavi-95023630a,https://www.linkedin.com/in/ruchika-kengal-8085092b7
Sri Vaishnavi,Ojaswini Shirbhate,"1/28/25, 9:13 AM",,OUTGOING,https://www.linkedin.com/in/sri-vaishnavi-95023630a,https://www.linkedin.com/in/ojaswini-shirbhate
Sri Vaishnavi,Navya Sai Sadu,"1/28/25, 9:13 AM",,OUTGOING,https://www.linkedin.com/in/sri-vaishnavi-95023630a,https://www.linkedin.com/in/navya-sai-sadu
Sri Vaishnavi,Mohan Reddy,"1/26/25, 3:56 AM",,OUTGOING,https://www.linkedin.com/in/sri-vaishnavi-95023630a,https://www.linkedin.com/in/mohan-reddy-a56b48179
Sri Vaishnavi,Ammar Afzal,"1/26/25, 2:08 AM",,OUTGOING,https://www.linkedin.com/in/sri-vaishnavi-95023630a,https://www.linkedin.com/in/ammar-afzal-854934215
Sri Vaishnavi,Vinay Kishore,"1/25/25, 6:43 PM",,OUTGOING,https://www.linkedin.com/in/sri-vaishnavi-95023630a,https://www.linkedin.com/in/vinaykishore2512
Sri Vaishnavi,Mohammed Arif,"1/25/25, 6:39 PM",,OUTGOING,https://www.linkedin.com/in/sri-vaishnavi-95023630a,https://www.linkedin.com/in/mohammed-arif-768178283
Sri Vaishnavi,Prag Sharma,"1/25/25, 7:47 AM",,OUTGOING,https://www.linkedin.com/in/sri-vaishnavi-95023630a,https://www.linkedin.com/in/prag-sharma-413b79307
Sri Vaishnavi,Aditya Mohite,"1/25/25, 3:25 AM",,OUTGOING,https://www.linkedin.com/in/sri-vaishnavi-95023630a,https://www.linkedin.com/in/aditya-mohite9593
Sri Vaishnavi,Aditi Awatade,"1/24/25, 6:28 AM",,OUTGOING,https://www.linkedin.com/in/sri-vaishnavi-95023630a,https://www.linkedin.com/in/aditi-awatade-083061265
Sri Vaishnavi,Irfan Shaikh,"1/24/25, 3:00 AM",,OUTGOING,https://www.linkedin.com/in/sri-vaishnavi-95023630a,https://www.linkedin.com/in/irfan-shaikh-8b5b94259
Sri Vaishnavi,Susmitha Eluri,"1/19/25, 6:52 PM",,OUTGOING,https://www.linkedin.com/in/sri-vaishnavi-95023630a,https://www.linkedin.com/in/susmithaeluri
Sri Vaishnavi,Varchasva Arora,"1/19/25, 2:23 AM",,OUTGOING,https://www.linkedin.com/in/sri-vaishnavi-95023630a,https://www.linkedin.com/in/varchasvaarora
Sri Vaishnavi,Pratik Mane,"1/17/25, 8:18 AM",,OUTGOING,https://www.linkedin.com/in/sri-vaishnavi-95023630a,https://www.linkedin.com/in/pratik-mane-546bb1284
Sri Vaishnavi,Ratnaprava Mohapatra,"1/16/25, 9:49 PM",,OUTGOING,https://www.linkedin.com/in/sri-vaishnavi-95023630a,https://www.linkedin.com/in/ratnapravamohapatra
Sri Vaishnavi,Rucha Ambaliya ,"1/16/25, 8:14 PM",,OUTGOING,https://www.linkedin.com/in/sri-vaishnavi-95023630a,https://www.linkedin.com/in/rucha-ambaliya
Sri Vaishnavi,AISHWARYA K,"1/16/25, 7:21 PM",,OUTGOING,https://www.linkedin.com/in/sri-vaishnavi-95023630a,https://www.linkedin.com/in/aishwarya-k-36797a32a
Sri Vaishnavi,Swasti Sargam,"1/14/25, 6:40 AM",,OUTGOING,https://www.linkedin.com/in/sri-vaishnavi-95023630a,https://www.linkedin.com/in/swastisargam2002
Sri Vaishnavi,Sweta Sharma,"1/11/25, 8:34 PM",,OUTGOING,https://www.linkedin.com/in/sri-vaishnavi-95023630a,https://www.linkedin.com/in/sweta-sharma-659b89317
Sri Vaishnavi,ASHWIN VADAKKEEL,"1/11/25, 7:51 AM",,OUTGOING,https://www.linkedin.com/in/sri-vaishnavi-95023630a,https://www.linkedin.com/in/ashwin-vadakkeel-610213261
Sri Vaishnavi,Diksha Dwivedi,"1/11/25, 2:29 AM",,OUTGOING,https://www.linkedin.com/in/sri-vaishnavi-95023630a,https://www.linkedin.com/in/dwivedi-diksha
Sri Vaishnavi,Samiksha Bobade,"1/9/25, 2:53 AM",,OUTGOING,https://www.linkedin.com/in/sri-vaishnavi-95023630a,https://www.linkedin.com/in/samikshabobade
Sri Vaishnavi,Kanishka Patil,"1/9/25, 2:53 AM",,OUTGOING,https://www.linkedin.com/in/sri-vaishnavi-95023630a,https://www.linkedin.com/in/kanishka-patil-32b45a257
Sri Vaishnavi,Akshayalakshmi S,"1/7/25, 9:15 AM",,OUTGOING,https://www.linkedin.com/in/sri-vaishnavi-95023630a,https://www.linkedin.com/in/akshayalakshmi-s-43396a2b7
Sri Vaishnavi,Shrinidhi Munnolli,"1/7/25, 9:07 AM",,OUTGOING,https://www.linkedin.com/in/sri-vaishnavi-95023630a,https://www.linkedin.com/in/shrinidhi-munnolli-91958330b
Sri Vaishnavi,Amrisha Srivastava,"1/7/25, 8:45 AM",,OUTGOING,https://www.linkedin.com/in/sri-vaishnavi-95023630a,https://www.linkedin.com/in/amrishasrivastava
Sri Vaishnavi,Deepika  Goyal,"1/7/25, 8:19 AM",,OUTGOING,https://www.linkedin.com/in/sri-vaishnavi-95023630a,https://www.linkedin.com/in/dee-goyal
Sri Vaishnavi,Shweta Raj,"1/7/25, 7:55 AM",,OUTGOING,https://www.linkedin.com/in/sri-vaishnavi-95023630a,https://www.linkedin.com/in/connectshwetataj
Sri Vaishnavi,Tanisha Ojha,"1/7/25, 7:45 AM",,OUTGOING,https://www.linkedin.com/in/sri-vaishnavi-95023630a,https://www.linkedin.com/in/tanisha-ojha-6bb1b0203
Sri Vaishnavi,Rishikesh Prasad,"3/25/25, 9:58 AM",,OUTGOING,https://www.linkedin.com/in/sri-vaishnavi-95023630a,https://www.linkedin.com/in/rishianand108
Sri Vaishnavi,Riya Pandey,"1/6/25, 11:32 PM",,OUTGOING,https://www.linkedin.com/in/sri-vaishnavi-95023630a,https://www.linkedin.com/in/riyapandey1109
Sri Vaishnavi,Gavnish Kumar,"1/6/25, 6:17 AM",,OUTGOING,https://www.linkedin.com/in/sri-vaishnavi-95023630a,https://www.linkedin.com/in/gavnish-kumar-7b6a95233
Sri Vaishnavi,Hardik Godha,"1/4/25, 8:25 PM",,OUTGOING,https://www.linkedin.com/in/sri-vaishnavi-95023630a,https://www.linkedin.com/in/hardikgodha
Sri Vaishnavi,Mayank Tiwari,"1/4/25, 6:14 PM",,OUTGOING,https://www.linkedin.com/in/sri-vaishnavi-95023630a,https://www.linkedin.com/in/devmayanktiwari
Sri Vaishnavi,Prabhat Hiremath,"1/4/25, 7:54 AM",,OUTGOING,https://www.linkedin.com/in/sri-vaishnavi-95023630a,https://www.linkedin.com/in/prabhat-hiremath
Sri Vaishnavi,Karan Pratap Singh,"1/4/25, 7:46 AM",,OUTGOING,https://www.linkedin.com/in/sri-vaishnavi-95023630a,https://www.linkedin.com/in/karanpratap2611
Sri Vaishnavi,Sasi Dharan,"1/4/25, 5:55 AM",,OUTGOING,https://www.linkedin.com/in/sri-vaishnavi-95023630a,https://www.linkedin.com/in/sasidharan731
Sri Vaishnavi,Kumar Gourav,"1/2/25, 5:04 AM",,OUTGOING,https://www.linkedin.com/in/sri-vaishnavi-95023630a,https://www.linkedin.com/in/kumar-gourav-290670132
Sri Vaishnavi,ABHISHEK MANKUSKAR,"1/1/25, 6:08 AM",,OUTGOING,https://www.linkedin.com/in/sri-vaishnavi-95023630a,https://www.linkedin.com/in/abhishek-mankuskar-03790018b
Sri Vaishnavi,Jay Saadana,"1/1/25, 6:08 AM",,OUTGOING,https://www.linkedin.com/in/sri-vaishnavi-95023630a,https://www.linkedin.com/in/jaysaadana
Sri Vaishnavi,Praveen Kumar Purushothaman,"1/1/25, 6:08 AM",,OUTGOING,https://www.linkedin.com/in/sri-vaishnavi-95023630a,https://www.linkedin.com/in/praveentech
Sri Vaishnavi,Bharathan M,"12/30/24, 6:38 AM",,OUTGOING,https://www.linkedin.com/in/sri-vaishnavi-95023630a,https://www.linkedin.com/in/bharathan-m-862770248
Sri Vaishnavi,Akhila Reddy Lenkala,"12/30/24, 12:49 AM",,OUTGOING,https://www.linkedin.com/in/sri-vaishnavi-95023630a,https://www.linkedin.com/in/akhila-reddy-lenkala-493386242
Sri Vaishnavi,Uday Kiran V 🕊️,"12/29/24, 6:27 AM",,OUTGOING,https://www.linkedin.com/in/sri-vaishnavi-95023630a,https://www.linkedin.com/in/uday-kiran-v
Sri Vaishnavi,Razia Khatoon,"12/29/24, 4:07 AM",,OUTGOING,https://www.linkedin.com/in/sri-vaishnavi-95023630a,https://www.linkedin.com/in/razia-khatoon-807092295
Sri Vaishnavi,Penumalla Vamsi,"12/29/24, 3:54 AM",,OUTGOING,https://www.linkedin.com/in/sri-vaishnavi-95023630a,https://www.linkedin.com/in/penumalla-vamsi-9b1b16216
Sri Vaishnavi,Neeraja Magani,"12/28/24, 1:47 AM",,OUTGOING,https://www.linkedin.com/in/sri-vaishnavi-95023630a,https://www.linkedin.com/in/neeraja-magani-3031bb2bb
Sri Vaishnavi,Nishant Tiwari,"4/27/25, 11:35 PM",,OUTGOING,https://www.linkedin.com/in/sri-vaishnavi-95023630a,https://www.linkedin.com/in/nishant-tiwari24
Sri Vaishnavi,Dheeraj Sharma,"12/24/24, 11:24 PM",,OUTGOING,https://www.linkedin.com/in/sri-vaishnavi-95023630a,https://www.linkedin.com/in/dheeraj-sharma7
Sri Vaishnavi,Tejaswini Prakash Dindalakoppa,"12/24/24, 5:46 AM",,OUTGOING,https://www.linkedin.com/in/sri-vaishnavi-95023630a,https://www.linkedin.com/in/tejaswini-dindalakoppa
Sri Vaishnavi,Brindavanam Praneetha,"12/24/24, 5:46 AM",,OUTGOING,https://www.linkedin.com/in/sri-vaishnavi-95023630a,https://www.linkedin.com/in/brindavanampraneetha
Sri Vaishnavi,Pranit Dethe,"12/24/24, 5:46 AM",,OUTGOING,https://www.linkedin.com/in/sri-vaishnavi-95023630a,https://www.linkedin.com/in/pranitdethe
Sri Vaishnavi,Abhijeet Sinha,"12/24/24, 5:46 AM",,OUTGOING,https://www.linkedin.com/in/sri-vaishnavi-95023630a,https://www.linkedin.com/in/abhijeet-sinha-401716255
Sri Vaishnavi,Hitanx Patel,"12/23/24, 9:11 AM",,OUTGOING,https://www.linkedin.com/in/sri-vaishnavi-95023630a,https://www.linkedin.com/in/hitanx-patel
Sri Vaishnavi,Mohammed Razi,"12/21/24, 1:54 AM",,OUTGOING,https://www.linkedin.com/in/sri-vaishnavi-95023630a,https://www.linkedin.com/in/mohammed-razi-a94b31324
Sri Vaishnavi,Sumit Kesarwani,"12/20/24, 5:11 AM",,OUTGOING,https://www.linkedin.com/in/sri-vaishnavi-95023630a,https://www.linkedin.com/in/sumit-kesarwani-35b63a286
Sri Vaishnavi,Om Bharadwaj,"12/19/24, 6:12 PM",,OUTGOING,https://www.linkedin.com/in/sri-vaishnavi-95023630a,https://www.linkedin.com/in/om-bharadwaj-916b802a5
Sri Vaishnavi,Souvik Mukhopadhyay,"12/19/24, 9:55 AM",,OUTGOING,https://www.linkedin.com/in/sri-vaishnavi-95023630a,https://www.linkedin.com/in/souvik9205
Sri Vaishnavi,Rashi Roy,"12/19/24, 7:15 AM",,OUTGOING,https://www.linkedin.com/in/sri-vaishnavi-95023630a,https://www.linkedin.com/in/rashi-roy-407517290
Sri Vaishnavi,Mehfooj A.,"12/19/24, 6:26 AM",,OUTGOING,https://www.linkedin.com/in/sri-vaishnavi-95023630a,https://www.linkedin.com/in/mehfooj-a-b6aa0b243
Sri Vaishnavi,Ajay Kumar Teli,"12/19/24, 6:23 AM",,OUTGOING,https://www.linkedin.com/in/sri-vaishnavi-95023630a,https://www.linkedin.com/in/ajay-kumar-teli
Sri Vaishnavi,Hateem Ansari,"12/19/24, 5:38 AM",,OUTGOING,https://www.linkedin.com/in/sri-vaishnavi-95023630a,https://www.linkedin.com/in/hateem-ansari-3377b72a3
Sri Vaishnavi,Syed Imtiyaz Ali,"2/11/25, 5:33 AM",,OUTGOING,https://www.linkedin.com/in/sri-vaishnavi-95023630a,https://www.linkedin.com/in/imtiyaz-sde
Sri Vaishnavi,Saptadipa Mondal,"12/19/24, 4:20 AM",,OUTGOING,https://www.linkedin.com/in/sri-vaishnavi-95023630a,https://www.linkedin.com/in/saptadipa-mondal-791a54307
Sri Vaishnavi,Khushal John,"12/19/24, 4:18 AM",,OUTGOING,https://www.linkedin.com/in/sri-vaishnavi-95023630a,https://www.linkedin.com/in/khushal-john-91b0731b3
Sri Vaishnavi,Sagar Raj,"12/19/24, 4:12 AM",,OUTGOING,https://www.linkedin.com/in/sri-vaishnavi-95023630a,https://www.linkedin.com/in/sagar-raj-1a0b34295
Sri Vaishnavi,Kanishk Rawat,"12/19/24, 4:12 AM",,OUTGOING,https://www.linkedin.com/in/sri-vaishnavi-95023630a,https://www.linkedin.com/in/kanishk-rawat-071b39278
Sri Vaishnavi,Amritaa Sethi,"12/19/24, 4:10 AM",,OUTGOING,https://www.linkedin.com/in/sri-vaishnavi-95023630a,https://www.linkedin.com/in/amritaa-sethi-09027510a
Sri Vaishnavi,Abhirup Datta Khan,"12/19/24, 4:10 AM",,OUTGOING,https://www.linkedin.com/in/sri-vaishnavi-95023630a,https://www.linkedin.com/in/abhirupdattak11
Sri Vaishnavi,Maaz Anwar,"12/19/24, 4:10 AM",,OUTGOING,https://www.linkedin.com/in/sri-vaishnavi-95023630a,https://www.linkedin.com/in/maazanwar414
Sri Vaishnavi,Nikita Babrekar,"12/19/24, 4:08 AM",,OUTGOING,https://www.linkedin.com/in/sri-vaishnavi-95023630a,https://www.linkedin.com/in/nikita-babrekar
Sri Vaishnavi,Hardyansh Sharma,"12/19/24, 4:07 AM",,OUTGOING,https://www.linkedin.com/in/sri-vaishnavi-95023630a,https://www.linkedin.com/in/hardyansh-sharma-b33b9b65
Sri Vaishnavi,Mohnish Singh,"12/19/24, 4:07 AM",,OUTGOING,https://www.linkedin.com/in/sri-vaishnavi-95023630a,https://www.linkedin.com/in/singhmohnish
Sri Vaishnavi,Piyush Gupta,"12/19/24, 4:06 AM",,OUTGOING,https://www.linkedin.com/in/sri-vaishnavi-95023630a,https://www.linkedin.com/in/piyush-gupta-0a568828b
Sri Vaishnavi,Harsh  Agarwal,"12/19/24, 4:06 AM",,OUTGOING,https://www.linkedin.com/in/sri-vaishnavi-95023630a,https://www.linkedin.com/in/harshagarwal963
Sri Vaishnavi,Jiya Katariya,"12/19/24, 4:04 AM",,OUTGOING,https://www.linkedin.com/in/sri-vaishnavi-95023630a,https://www.linkedin.com/in/jiya-katariya-8b8524296
Sri Vaishnavi,Lokasani Pavithra,"11/15/24, 9:09 PM",,OUTGOING,https://www.linkedin.com/in/sri-vaishnavi-95023630a,https://www.linkedin.com/in/lokasani-pavithra-23ba59321
Adunoori Nagashivarani,Sri Vaishnavi,"6/15/25, 10:55 PM",,INCOMING,https://www.linkedin.com/in/adunoori-n-0a5333289,https://www.linkedin.com/in/sri-vaishnavi-95023630a
Shalini Thummala,Sri Vaishnavi,"6/15/25, 8:43 PM",,INCOMING,https://www.linkedin.com/in/shalini-t-8500aa19b,https://www.linkedin.com/in/sri-vaishnavi-95023630a
Dhanavath Bhaskar,Sri Vaishnavi,"6/15/25, 7:31 PM",,INCOMING,https://www.linkedin.com/in/dhanavath-bhaskar-362ba4213,https://www.linkedin.com/in/sri-vaishnavi-95023630a
Ratnesh Kumar Jaiswal,Sri Vaishnavi,"6/15/25, 6:55 PM",,INCOMING,https://www.linkedin.com/in/ratnesh-kumar-jaiswal,https://www.linkedin.com/in/sri-vaishnavi-95023630a
Abhijeet  Giri,Sri Vaishnavi,"6/13/25, 9:28 PM",,INCOMING,https://www.linkedin.com/in/abhijeet-giri-6999ba36a,https://www.linkedin.com/in/sri-vaishnavi-95023630a
Priya .,Sri Vaishnavi,"6/13/25, 3:16 AM",,INCOMING,https://www.linkedin.com/in/priya-27a522333,https://www.linkedin.com/in/sri-vaishnavi-95023630a
Tejeswari Palisetti,Sri Vaishnavi,"6/10/25, 5:23 PM",,INCOMING,https://www.linkedin.com/in/tejeswari-palisetti-00b086340,https://www.linkedin.com/in/sri-vaishnavi-95023630a
Pooja Yuvaraj,Sri Vaishnavi,"6/10/25, 6:53 AM",,INCOMING,https://www.linkedin.com/in/pooja-yuva,https://www.linkedin.com/in/sri-vaishnavi-95023630a
Swathi Royal Kotte,Sri Vaishnavi,"6/10/25, 1:07 AM",,INCOMING,https://www.linkedin.com/in/swathi-royal-kotte-1bb09134a,https://www.linkedin.com/in/sri-vaishnavi-95023630a
Hari Keerthana Katakam,Sri Vaishnavi,"6/10/25, 1:07 AM",,INCOMING,https://www.linkedin.com/in/hari-keerthana-katakam-603347337,https://www.linkedin.com/in/sri-vaishnavi-95023630a
Adithya Krishnan KS,Sri Vaishnavi,"6/9/25, 9:34 PM",,INCOMING,https://www.linkedin.com/in/adithya-krishnan-ks-7a8bb0329,https://www.linkedin.com/in/sri-vaishnavi-95023630a
RAMI REDDY GAYATHRI,Sri Vaishnavi,"6/9/25, 10:48 AM",,INCOMING,https://www.linkedin.com/in/rami-reddy-gayathri-479762251,https://www.linkedin.com/in/sri-vaishnavi-95023630a
Roshani Chaudhari,Sri Vaishnavi,"6/9/25, 10:28 AM",,INCOMING,https://www.linkedin.com/in/roshani-chaudhari-b74a59342,https://www.linkedin.com/in/sri-vaishnavi-95023630a
Nikhitha Kondra,Sri Vaishnavi,"6/9/25, 10:17 AM",,INCOMING,https://www.linkedin.com/in/nikhitha-kondra-9b459032b,https://www.linkedin.com/in/sri-vaishnavi-95023630a
Devang Kali,Sri Vaishnavi,"6/9/25, 8:02 AM",,INCOMING,https://www.linkedin.com/in/devangkali,https://www.linkedin.com/in/sri-vaishnavi-95023630a
Tarun Kumar Kassetti,Sri Vaishnavi,"6/8/25, 7:34 PM",,INCOMING,https://www.linkedin.com/in/tarunkassetti,https://www.linkedin.com/in/sri-vaishnavi-95023630a
BOREDDY VENKATA SUBBA RAMI REDDY,Sri Vaishnavi,"6/8/25, 10:49 AM",,INCOMING,https://www.linkedin.com/in/boreddy-venkata-subba-rami-reddy-92915a1bb,https://www.linkedin.com/in/sri-vaishnavi-95023630a
Nandani Gupta,Sri Vaishnavi,"6/8/25, 12:22 AM",,INCOMING,https://www.linkedin.com/in/nandaniiguptaa,https://www.linkedin.com/in/sri-vaishnavi-95023630a
RAKESH KUMAR DAS,Sri Vaishnavi,"6/7/25, 7:29 PM",,INCOMING,https://www.linkedin.com/in/rakesh-kumar-das-ba1a1a250,https://www.linkedin.com/in/sri-vaishnavi-95023630a
Akash Umrao,Sri Vaishnavi,"6/6/25, 11:20 AM",,INCOMING,https://www.linkedin.com/in/akash-umrao-b8937b343,https://www.linkedin.com/in/sri-vaishnavi-95023630a
Harsh Panchal,Sri Vaishnavi,"6/6/25, 1:25 AM",,INCOMING,https://www.linkedin.com/in/harsh--panchal,https://www.linkedin.com/in/sri-vaishnavi-95023630a
Akanksha Kalamadugu,Sri Vaishnavi,"6/5/25, 11:02 PM",,INCOMING,https://www.linkedin.com/in/akanksha-kalamadugu-957059301,https://www.linkedin.com/in/sri-vaishnavi-95023630a
Hemanth lanka,Sri Vaishnavi,"6/4/25, 6:48 AM",,INCOMING,https://www.linkedin.com/in/lankahemanth,https://www.linkedin.com/in/sri-vaishnavi-95023630a
Barkilign Mulatu,Sri Vaishnavi,"6/3/25, 4:57 PM",,INCOMING,https://www.linkedin.com/in/restin7bark,https://www.linkedin.com/in/sri-vaishnavi-95023630a
bhargavi boga,Sri Vaishnavi,"6/3/25, 5:53 AM",,INCOMING,https://www.linkedin.com/in/bhargavi-boga-15a06a364,https://www.linkedin.com/in/sri-vaishnavi-95023630a
Sowjanya Koyalapu,Sri Vaishnavi,"6/3/25, 12:38 AM",,INCOMING,https://www.linkedin.com/in/sowjanya-koyalapu-359792291,https://www.linkedin.com/in/sri-vaishnavi-95023630a
Sindhu Dantam,Sri Vaishnavi,"6/2/25, 8:48 AM",,INCOMING,https://www.linkedin.com/in/sindhu-dantam,https://www.linkedin.com/in/sri-vaishnavi-95023630a
Chandan K I ,Sri Vaishnavi,"6/2/25, 5:48 AM",,INCOMING,https://www.linkedin.com/in/chandan-k-i-767a852b3,https://www.linkedin.com/in/sri-vaishnavi-95023630a
Pravalika Moraboyina,Sri Vaishnavi,"6/2/25, 4:26 AM",,INCOMING,https://www.linkedin.com/in/pravalika-moraboyina-6b587331a,https://www.linkedin.com/in/sri-vaishnavi-95023630a
Anurag Srivastava,Sri Vaishnavi,"6/2/25, 2:11 AM",,INCOMING,https://www.linkedin.com/in/anuragshrivastava06,https://www.linkedin.com/in/sri-vaishnavi-95023630a
Likitha Dadi,Sri Vaishnavi,"6/1/25, 7:22 PM",,INCOMING,https://www.linkedin.com/in/likitha-dadi,https://www.linkedin.com/in/sri-vaishnavi-95023630a
Aritra Das (Skyroid),Sri Vaishnavi,"6/1/25, 2:56 AM",,INCOMING,https://www.linkedin.com/in/aritra-das-skyroid-607997203,https://www.linkedin.com/in/sri-vaishnavi-95023630a
Katula Vaishnavi,Sri Vaishnavi,"5/31/25, 11:17 PM",,INCOMING,https://www.linkedin.com/in/katula-vaishnavi-346a14338,https://www.linkedin.com/in/sri-vaishnavi-95023630a
Shiva Banda,Sri Vaishnavi,"5/30/25, 7:12 AM",,INCOMING,https://www.linkedin.com/in/shiva-banda-b75206355,https://www.linkedin.com/in/sri-vaishnavi-95023630a
Mohammad Danish,Sri Vaishnavi,"5/30/25, 4:19 AM",,INCOMING,https://www.linkedin.com/in/mohammad-danish-535028294,https://www.linkedin.com/in/sri-vaishnavi-95023630a
Shivam kumar rai,Sri Vaishnavi,"5/30/25, 12:46 AM",,INCOMING,https://www.linkedin.com/in/shivam-kumar-rai-b3b307276,https://www.linkedin.com/in/sri-vaishnavi-95023630a
Pranav Sangoji,Sri Vaishnavi,"5/29/25, 11:32 PM",,INCOMING,https://www.linkedin.com/in/deepuchary03,https://www.linkedin.com/in/sri-vaishnavi-95023630a
Priyasha Sabbavarapu,Sri Vaishnavi,"5/29/25, 7:12 AM",,INCOMING,https://www.linkedin.com/in/priyasha1503,https://www.linkedin.com/in/sri-vaishnavi-95023630a
Rifah Fathima,Sri Vaishnavi,"5/28/25, 5:45 AM",,INCOMING,https://www.linkedin.com/in/rifah-fathima-280aa1267,https://www.linkedin.com/in/sri-vaishnavi-95023630a
Manoj Kumar Perisetla,Sri Vaishnavi,"5/27/25, 9:25 PM",,INCOMING,https://www.linkedin.com/in/manojkumarperisetla29,https://www.linkedin.com/in/sri-vaishnavi-95023630a
Knights Gaming,Sri Vaishnavi,"5/27/25, 5:31 AM",,INCOMING,https://www.linkedin.com/in/knights-gaming-a489a134a,https://www.linkedin.com/in/sri-vaishnavi-95023630a
Satwik Somawanshi,Sri Vaishnavi,"5/27/25, 4:00 AM",,INCOMING,https://www.linkedin.com/in/satwik-somawanshi-944a16336,https://www.linkedin.com/in/sri-vaishnavi-95023630a
Shaurya Pethe,Sri Vaishnavi,"5/26/25, 3:40 AM",,INCOMING,https://www.linkedin.com/in/shaurya-pethe,https://www.linkedin.com/in/sri-vaishnavi-95023630a
ANNAM RAJESH,Sri Vaishnavi,"5/26/25, 3:29 AM",,INCOMING,https://www.linkedin.com/in/annam-rajesh-74707b263,https://www.linkedin.com/in/sri-vaishnavi-95023630a
Praveen Maila,Sri Vaishnavi,"5/26/25, 1:18 AM",,INCOMING,https://www.linkedin.com/in/praveen-maila-03a5261b6,https://www.linkedin.com/in/sri-vaishnavi-95023630a
Kavish Garg,Sri Vaishnavi,"5/25/25, 11:47 PM",,INCOMING,https://www.linkedin.com/in/kavish-garg-577926264,https://www.linkedin.com/in/sri-vaishnavi-95023630a
Parth Patel,Sri Vaishnavi,"5/25/25, 5:16 PM",,INCOMING,https://www.linkedin.com/in/parth-patel-developer,https://www.linkedin.com/in/sri-vaishnavi-95023630a
Ashwani Soni,Sri Vaishnavi,"5/25/25, 1:07 AM",,INCOMING,https://www.linkedin.com/in/ashwani-soni-8156172bb,https://www.linkedin.com/in/sri-vaishnavi-95023630a
Eswar Prasad,Sri Vaishnavi,"5/24/25, 10:52 AM",,INCOMING,https://www.linkedin.com/in/eswar-prasad-3a490b2bb,https://www.linkedin.com/in/sri-vaishnavi-95023630a
Prasanna Pratap Singh,Sri Vaishnavi,"5/24/25, 12:05 AM",,INCOMING,https://www.linkedin.com/in/prasanna-pratap-singh-323238318,https://www.linkedin.com/in/sri-vaishnavi-95023630a
Piyush Kushwaha,Sri Vaishnavi,"5/23/25, 5:24 AM",,INCOMING,https://www.linkedin.com/in/piyush-k-4302ba226,https://www.linkedin.com/in/sri-vaishnavi-95023630a
Pallavi Myla,Sri Vaishnavi,"5/22/25, 10:14 PM",,INCOMING,https://www.linkedin.com/in/pallavi-m-1a0b9931a,https://www.linkedin.com/in/sri-vaishnavi-95023630a
Sujeet Dubey,Sri Vaishnavi,"5/22/25, 9:31 PM",,INCOMING,https://www.linkedin.com/in/sujeet-dubey95,https://www.linkedin.com/in/sri-vaishnavi-95023630a
Venkatesh S,Sri Vaishnavi,"5/22/25, 11:19 AM",,INCOMING,https://www.linkedin.com/in/venkatesh-s-2248252b8,https://www.linkedin.com/in/sri-vaishnavi-95023630a
Vamsi Koilada,Sri Vaishnavi,"5/21/25, 8:39 PM",,INCOMING,https://www.linkedin.com/in/vamsikoilada,https://www.linkedin.com/in/sri-vaishnavi-95023630a
Reddy Likhitha Gopuvaram,Sri Vaishnavi,"5/20/25, 7:38 PM",,INCOMING,https://www.linkedin.com/in/reddy-likhitha-gopuvaram-b6b267321,https://www.linkedin.com/in/sri-vaishnavi-95023630a
Ishita P,Sri Vaishnavi,"5/20/25, 2:16 AM",,INCOMING,https://www.linkedin.com/in/ishita-p-65baa6356,https://www.linkedin.com/in/sri-vaishnavi-95023630a
Rahul Maurya,Sri Vaishnavi,"5/19/25, 10:54 PM",,INCOMING,https://www.linkedin.com/in/rahulmaurya0863,https://www.linkedin.com/in/sri-vaishnavi-95023630a
SILAKINI .K,Sri Vaishnavi,"5/19/25, 6:10 PM",,INCOMING,https://www.linkedin.com/in/silakini-k,https://www.linkedin.com/in/sri-vaishnavi-95023630a
Aditya Sharma,Sri Vaishnavi,"5/19/25, 11:35 AM",,INCOMING,https://www.linkedin.com/in/adityasharma36,https://www.linkedin.com/in/sri-vaishnavi-95023630a
Kaviya Kaviarasi,Sri Vaishnavi,"5/19/25, 7:38 AM",,INCOMING,https://www.linkedin.com/in/kaviya-kaviarasi-b44178328,https://www.linkedin.com/in/sri-vaishnavi-95023630a
Akshay Kumar,Sri Vaishnavi,"5/19/25, 6:08 AM",,INCOMING,https://www.linkedin.com/in/akshaykumar0611,https://www.linkedin.com/in/sri-vaishnavi-95023630a
Lakshit Gupta,Sri Vaishnavi,"5/19/25, 1:27 AM",,INCOMING,https://www.linkedin.com/in/lakshit-gupta-771842322,https://www.linkedin.com/in/sri-vaishnavi-95023630a
Vinith Gunturu,Sri Vaishnavi,"5/18/25, 9:03 PM",,INCOMING,https://www.linkedin.com/in/vinith-gunturu-2003d,https://www.linkedin.com/in/sri-vaishnavi-95023630a
Subrat Kumar Singh,Sri Vaishnavi,"5/18/25, 10:14 AM",,INCOMING,https://www.linkedin.com/in/subrat-kumar-singh-597973207,https://www.linkedin.com/in/sri-vaishnavi-95023630a
Nivetha D,Sri Vaishnavi,"5/17/25, 7:38 AM",,INCOMING,https://www.linkedin.com/in/nivetha-d-4263b3350,https://www.linkedin.com/in/sri-vaishnavi-95023630a
ASWINI LEVIDI,Sri Vaishnavi,"5/17/25, 12:08 AM",,INCOMING,https://www.linkedin.com/in/aswini-levidi-108b91343,https://www.linkedin.com/in/sri-vaishnavi-95023630a
Kunal Thakare,Sri Vaishnavi,"5/16/25, 8:11 PM",,INCOMING,https://www.linkedin.com/in/kunalthakarevit,https://www.linkedin.com/in/sri-vaishnavi-95023630a
Naresh Patil,Sri Vaishnavi,"5/15/25, 10:52 PM",,INCOMING,https://www.linkedin.com/in/nareshpatil17,https://www.linkedin.com/in/sri-vaishnavi-95023630a
Sai Charan Sripada,Sri Vaishnavi,"5/14/25, 8:25 PM",,INCOMING,https://www.linkedin.com/in/sripada-sai-charan,https://www.linkedin.com/in/sri-vaishnavi-95023630a
Vamshi Krishna Boorla,Sri Vaishnavi,"5/14/25, 5:59 AM",,INCOMING,https://www.linkedin.com/in/vamshi-krishna-boorla-a2a6b0296,https://www.linkedin.com/in/sri-vaishnavi-95023630a
Samala Tatwa,Sri Vaishnavi,"5/14/25, 5:46 AM",,INCOMING,https://www.linkedin.com/in/samala-tatwa-997b42298,https://www.linkedin.com/in/sri-vaishnavi-95023630a
SURYA  KALA GOLLAPALLI,Sri Vaishnavi,"5/14/25, 3:51 AM",,INCOMING,https://www.linkedin.com/in/surya-kala-gollapalli-5b9046322,https://www.linkedin.com/in/sri-vaishnavi-95023630a
Konkumutti Srihitha,Sri Vaishnavi,"5/14/25, 1:38 AM",,INCOMING,https://www.linkedin.com/in/konkumutti-srihitha-307b14308,https://www.linkedin.com/in/sri-vaishnavi-95023630a
Anushka Sharma,Sri Vaishnavi,"5/14/25, 12:27 AM",,INCOMING,https://www.linkedin.com/in/anushka-sharma-4b9102331,https://www.linkedin.com/in/sri-vaishnavi-95023630a
Dhyana Anbalagan,Sri Vaishnavi,"5/13/25, 6:40 AM",,INCOMING,https://www.linkedin.com/in/dhyana-anbalagan,https://www.linkedin.com/in/sri-vaishnavi-95023630a
Shahid Khan,Sri Vaishnavi,"5/13/25, 5:12 AM",,INCOMING,https://www.linkedin.com/in/shahidx05,https://www.linkedin.com/in/sri-vaishnavi-95023630a
Vishal Kumar,Sri Vaishnavi,"5/12/25, 11:32 PM",,INCOMING,https://www.linkedin.com/in/vishal-kumar-3835a9330,https://www.linkedin.com/in/sri-vaishnavi-95023630a
Jameela Banu,Sri Vaishnavi,"5/12/25, 11:20 PM",,INCOMING,https://www.linkedin.com/in/jameela-banu-184a6028b,https://www.linkedin.com/in/sri-vaishnavi-95023630a
Nitin Kumar,Sri Vaishnavi,"5/12/25, 1:05 PM",,INCOMING,https://www.linkedin.com/in/nitin-kumar-a17992274,https://www.linkedin.com/in/sri-vaishnavi-95023630a
Thanuja Vavili,Sri Vaishnavi,"5/12/25, 11:31 AM",,INCOMING,https://www.linkedin.com/in/thanujavavili,https://www.linkedin.com/in/sri-vaishnavi-95023630a
PRADNESH PATIL,Sri Vaishnavi,"5/11/25, 3:19 AM",,INCOMING,https://www.linkedin.com/in/pradnesh-patil-24521a318,https://www.linkedin.com/in/sri-vaishnavi-95023630a
prince kumar  gupta,Sri Vaishnavi,"5/11/25, 12:04 AM",,INCOMING,https://www.linkedin.com/in/prince-kumar-gupta-770886314,https://www.linkedin.com/in/sri-vaishnavi-95023630a
Sushma Marka,Sri Vaishnavi,"5/10/25, 11:03 PM",,INCOMING,https://www.linkedin.com/in/sushma-marka-99125034b,https://www.linkedin.com/in/sri-vaishnavi-95023630a
Thallapally Lakshith,Sri Vaishnavi,"5/10/25, 9:50 PM",,INCOMING,https://www.linkedin.com/in/thallapally-lakshith-3b215a35b,https://www.linkedin.com/in/sri-vaishnavi-95023630a
Dileep Kumar Grandhi,Sri Vaishnavi,"5/9/25, 6:06 AM",,INCOMING,https://www.linkedin.com/in/dileep-kumar-grandhi-3005a2225,https://www.linkedin.com/in/sri-vaishnavi-95023630a
Spoorthi Eppanapelly,Sri Vaishnavi,"5/9/25, 4:21 AM",,INCOMING,https://www.linkedin.com/in/spoorthi-eppanapelly,https://www.linkedin.com/in/sri-vaishnavi-95023630a
Deepak Gupta,Sri Vaishnavi,"5/8/25, 10:50 PM",,INCOMING,https://www.linkedin.com/in/deepakgupta249,https://www.linkedin.com/in/sri-vaishnavi-95023630a
Aayushi Kumari,Sri Vaishnavi,"5/8/25, 11:22 AM",,INCOMING,https://www.linkedin.com/in/aayushi-kumari-a52465302,https://www.linkedin.com/in/sri-vaishnavi-95023630a
Hemalatha Venkatesan,Sri Vaishnavi,"5/8/25, 8:33 AM",,INCOMING,https://www.linkedin.com/in/hemalatha-venkatesan-084143328,https://www.linkedin.com/in/sri-vaishnavi-95023630a
Shreyansh Aryan,Sri Vaishnavi,"5/8/25, 5:43 AM",,INCOMING,https://www.linkedin.com/in/shreyansh-aryan-885323311,https://www.linkedin.com/in/sri-vaishnavi-95023630a
Krishnashish Munshi,Sri Vaishnavi,"5/6/25, 9:18 AM",,INCOMING,https://www.linkedin.com/in/krishnashish-munshi,https://www.linkedin.com/in/sri-vaishnavi-95023630a
Tamkheen Fazliyat,Sri Vaishnavi,"5/6/25, 8:56 AM",,INCOMING,https://www.linkedin.com/in/tamkheenfazliyat,https://www.linkedin.com/in/sri-vaishnavi-95023630a
Shaik Raafiya,Sri Vaishnavi,"5/6/25, 1:00 AM",,INCOMING,https://www.linkedin.com/in/shaik-raafiya-37b13831b,https://www.linkedin.com/in/sri-vaishnavi-95023630a
Chandan Kumar,Sri Vaishnavi,"5/5/25, 4:19 AM",,INCOMING,https://www.linkedin.com/in/chandan-kumar-55b778328,https://www.linkedin.com/in/sri-vaishnavi-95023630a
Shashwat Ranjan,Sri Vaishnavi,"5/5/25, 2:02 AM",,INCOMING,https://www.linkedin.com/in/shashwat-ranjan-6a157728a,https://www.linkedin.com/in/sri-vaishnavi-95023630a
Sriya Bose,Sri Vaishnavi,"5/4/25, 11:33 AM",,INCOMING,https://www.linkedin.com/in/sriya-bose-158449273,https://www.linkedin.com/in/sri-vaishnavi-95023630a
Harshitha Katabathina,Sri Vaishnavi,"5/3/25, 10:25 AM",,INCOMING,https://www.linkedin.com/in/harshitha312k,https://www.linkedin.com/in/sri-vaishnavi-95023630a
Tarun Rathore,Sri Vaishnavi,"5/2/25, 2:13 AM",,INCOMING,https://www.linkedin.com/in/tarun-rathore-906b0426a,https://www.linkedin.com/in/sri-vaishnavi-95023630a
Yash Prajapati,Sri Vaishnavi,"5/2/25, 2:13 AM",,INCOMING,https://www.linkedin.com/in/yash-prajapati-261ab7252,https://www.linkedin.com/in/sri-vaishnavi-95023630a
Gandla Anjali,Sri Vaishnavi,"5/1/25, 11:50 AM",,INCOMING,https://www.linkedin.com/in/gandla-anjali-8688602b3,https://www.linkedin.com/in/sri-vaishnavi-95023630a
Manish Birthal,Sri Vaishnavi,"5/1/25, 10:14 AM",,INCOMING,https://www.linkedin.com/in/manish-birthal,https://www.linkedin.com/in/sri-vaishnavi-95023630a
Akash Kumar,Sri Vaishnavi,"5/1/25, 6:42 AM",,INCOMING,https://www.linkedin.com/in/youfoundakash,https://www.linkedin.com/in/sri-vaishnavi-95023630a
Veer Raj Singh Bhullar,Sri Vaishnavi,"5/1/25, 12:22 AM",,INCOMING,https://www.linkedin.com/in/veer-raj-singh-bhullar-104515213,https://www.linkedin.com/in/sri-vaishnavi-95023630a
Praveen Devireddy,Sri Vaishnavi,"4/30/25, 11:21 AM",,INCOMING,https://www.linkedin.com/in/praveen-devireddy,https://www.linkedin.com/in/sri-vaishnavi-95023630a
Amit Barman,Sri Vaishnavi,"4/30/25, 2:38 AM",,INCOMING,https://www.linkedin.com/in/amit-barman-a68524290,https://www.linkedin.com/in/sri-vaishnavi-95023630a
kanakala Ashish Satya surya ram,Sri Vaishnavi,"4/28/25, 9:33 PM",,INCOMING,https://www.linkedin.com/in/kanakala-ashish-satya-surya-ram-b898aa267,https://www.linkedin.com/in/sri-vaishnavi-95023630a
Akula Vinayakasai,Sri Vaishnavi,"4/28/25, 10:48 AM",,INCOMING,https://www.linkedin.com/in/akula-vinayakasai-65770932a,https://www.linkedin.com/in/sri-vaishnavi-95023630a
Vinay Kumar,Sri Vaishnavi,"4/27/25, 4:49 PM",,INCOMING,https://www.linkedin.com/in/vinay-evolvecode,https://www.linkedin.com/in/sri-vaishnavi-95023630a
Prabhas Kumar,Sri Vaishnavi,"4/27/25, 8:34 AM",,INCOMING,https://www.linkedin.com/in/prabhas-kumar-b164b7323,https://www.linkedin.com/in/sri-vaishnavi-95023630a
Gihan Madhusankha,Sri Vaishnavi,"4/27/25, 1:25 AM",,INCOMING,https://www.linkedin.com/in/gihan-madhusankha-23113a2a2,https://www.linkedin.com/in/sri-vaishnavi-95023630a
Aditi Sahu,Sri Vaishnavi,"4/26/25, 1:08 PM",,INCOMING,https://www.linkedin.com/in/aditi-sahu-138a05312,https://www.linkedin.com/in/sri-vaishnavi-95023630a
sachin mugade,Sri Vaishnavi,"4/26/25, 11:59 AM",,INCOMING,https://www.linkedin.com/in/sachin-mugade-7a3545306,https://www.linkedin.com/in/sri-vaishnavi-95023630a
Vaishnavi Pasupureddi,Sri Vaishnavi,"4/26/25, 11:58 AM",,INCOMING,https://www.linkedin.com/in/vaishnavi-pasupureddi-948036358,https://www.linkedin.com/in/sri-vaishnavi-95023630a
Kushagra Shandilya,Sri Vaishnavi,"4/26/25, 11:15 AM",,INCOMING,https://www.linkedin.com/in/kushagra-shandilya-870a692aa,https://www.linkedin.com/in/sri-vaishnavi-95023630a
Mohit Kumar,Sri Vaishnavi,"4/26/25, 9:42 AM",,INCOMING,https://www.linkedin.com/in/mohitkumar2005,https://www.linkedin.com/in/sri-vaishnavi-95023630a
Pratul Makar,Sri Vaishnavi,"4/26/25, 9:36 AM",,INCOMING,https://www.linkedin.com/in/pratul-makar,https://www.linkedin.com/in/sri-vaishnavi-95023630a
BHARATH KUMAR MURAPAKA,Sri Vaishnavi,"4/26/25, 7:27 AM",,INCOMING,https://www.linkedin.com/in/bharath-kumar-murapaka-264014289,https://www.linkedin.com/in/sri-vaishnavi-95023630a
Pawan kumar,Sri Vaishnavi,"4/25/25, 7:05 PM",,INCOMING,https://www.linkedin.com/in/pawan-kumar-1a7725342,https://www.linkedin.com/in/sri-vaishnavi-95023630a
Yash gaware,Sri Vaishnavi,"4/25/25, 11:18 AM",,INCOMING,https://www.linkedin.com/in/yash-gaware-71b28333b,https://www.linkedin.com/in/sri-vaishnavi-95023630a
Anshu Dhattarwal ,Sri Vaishnavi,"4/24/25, 9:09 AM",,INCOMING,https://www.linkedin.com/in/anshu-dhattarwal-9bb99935a,https://www.linkedin.com/in/sri-vaishnavi-95023630a
Shivam Patkar,Sri Vaishnavi,"4/24/25, 5:14 AM",,INCOMING,https://www.linkedin.com/in/shivam-patkar-26s01,https://www.linkedin.com/in/sri-vaishnavi-95023630a
Lavanya Anna,Sri Vaishnavi,"4/24/25, 3:13 AM",,INCOMING,https://www.linkedin.com/in/lavanya-anna,https://www.linkedin.com/in/sri-vaishnavi-95023630a
Anshika Pandey,Sri Vaishnavi,"4/23/25, 8:28 PM",,INCOMING,https://www.linkedin.com/in/anshika-pandey-91916831a,https://www.linkedin.com/in/sri-vaishnavi-95023630a
Nayan Potdukhe,Sri Vaishnavi,"4/23/25, 7:55 AM",,INCOMING,https://www.linkedin.com/in/nayan-potdukhe-5a2a55295,https://www.linkedin.com/in/sri-vaishnavi-95023630a
Priyanka Swain,Sri Vaishnavi,"4/23/25, 7:21 AM",,INCOMING,https://www.linkedin.com/in/priyanka-swain-01a133354,https://www.linkedin.com/in/sri-vaishnavi-95023630a
Divyansh Solanki,Sri Vaishnavi,"4/21/25, 9:23 PM",,INCOMING,https://www.linkedin.com/in/divyansh-solanki-295179316,https://www.linkedin.com/in/sri-vaishnavi-95023630a
Shriya Sharma,Sri Vaishnavi,"4/21/25, 12:56 AM",,INCOMING,https://www.linkedin.com/in/shriya-sharma-9122006d,https://www.linkedin.com/in/sri-vaishnavi-95023630a
SHASHANK VENIGALLA,Sri Vaishnavi,"4/20/25, 10:05 AM",,INCOMING,https://www.linkedin.com/in/shashank-venigalla-6531ba240,https://www.linkedin.com/in/sri-vaishnavi-95023630a
Keshav Singh Rajpoot,Sri Vaishnavi,"4/20/25, 8:51 AM",,INCOMING,https://www.linkedin.com/in/keshav-singh-rajpoot-b37277242,https://www.linkedin.com/in/sri-vaishnavi-95023630a
Jaideep Tatikonda,Sri Vaishnavi,"4/19/25, 10:45 PM",,INCOMING,https://www.linkedin.com/in/jaideep-tatikonda,https://www.linkedin.com/in/sri-vaishnavi-95023630a
Ishaan Sharma,Sri Vaishnavi,"4/19/25, 8:19 AM",,INCOMING,https://www.linkedin.com/in/ishaan-sharma-813231324,https://www.linkedin.com/in/sri-vaishnavi-95023630a
Sachin Saini,Sri Vaishnavi,"4/19/25, 4:22 AM",,INCOMING,https://www.linkedin.com/in/sachin-s-a6236625a,https://www.linkedin.com/in/sri-vaishnavi-95023630a
Ayush Kumar,Sri Vaishnavi,"4/18/25, 10:02 PM",,INCOMING,https://www.linkedin.com/in/ayush-kumar-1a7b93288,https://www.linkedin.com/in/sri-vaishnavi-95023630a
Ashutosh Mishra,Sri Vaishnavi,"4/18/25, 7:23 AM",,INCOMING,https://www.linkedin.com/in/ashutosh-mishra1234,https://www.linkedin.com/in/sri-vaishnavi-95023630a
RAMEESA .,Sri Vaishnavi,"4/18/25, 2:57 AM",,INCOMING,https://www.linkedin.com/in/amatulsaleha,https://www.linkedin.com/in/sri-vaishnavi-95023630a
Pranav Bellamkonda,Sri Vaishnavi,"4/18/25, 1:14 AM",,INCOMING,https://www.linkedin.com/in/pranav-bellamkonda-8879682a2,https://www.linkedin.com/in/sri-vaishnavi-95023630a
Sindhu madhavi,Sri Vaishnavi,"4/17/25, 12:37 PM",,INCOMING,https://www.linkedin.com/in/sindhu-madhavi,https://www.linkedin.com/in/sri-vaishnavi-95023630a
Mukund Jagani,Sri Vaishnavi,"4/16/25, 11:11 PM",,INCOMING,https://www.linkedin.com/in/mukund-jagani,https://www.linkedin.com/in/sri-vaishnavi-95023630a
Bhoomi Mahajan,Sri Vaishnavi,"4/16/25, 5:43 AM",,INCOMING,https://www.linkedin.com/in/bhoomi-mahajan-33a808277,https://www.linkedin.com/in/sri-vaishnavi-95023630a
Thurubilli Sai Manoj,Sri Vaishnavi,"4/16/25, 4:07 AM",,INCOMING,https://www.linkedin.com/in/thurubilli-sai-manoj-96012b31a,https://www.linkedin.com/in/sri-vaishnavi-95023630a
Bhargavi Kutcharlapati,Sri Vaishnavi,"4/15/25, 5:30 AM",,INCOMING,https://www.linkedin.com/in/bhargavikutcharlapati,https://www.linkedin.com/in/sri-vaishnavi-95023630a
Madhu Babu Gurram,Sri Vaishnavi,"4/13/25, 9:42 AM",,INCOMING,https://www.linkedin.com/in/madhu-gurram,https://www.linkedin.com/in/sri-vaishnavi-95023630a
Deepthi Reddy,Sri Vaishnavi,"4/13/25, 2:49 AM",,INCOMING,https://www.linkedin.com/in/deepthi-reddy-40b48432b,https://www.linkedin.com/in/sri-vaishnavi-95023630a
Hari Priya Yathirajula,Sri Vaishnavi,"4/12/25, 10:28 PM",,INCOMING,https://www.linkedin.com/in/hari-priya-yathirajula-67b581332,https://www.linkedin.com/in/sri-vaishnavi-95023630a
Aniket Patil,Sri Vaishnavi,"4/12/25, 7:32 AM",,INCOMING,https://www.linkedin.com/in/aniket-patil-6bb92b289,https://www.linkedin.com/in/sri-vaishnavi-95023630a
H Krishna Choudhary,Sri Vaishnavi,"4/11/25, 9:04 PM",,INCOMING,https://www.linkedin.com/in/choudharykrishna40,https://www.linkedin.com/in/sri-vaishnavi-95023630a
SAMATHA MALREDDY,Sri Vaishnavi,"4/11/25, 6:30 AM",,INCOMING,https://www.linkedin.com/in/samatha-malreddy-430853344,https://www.linkedin.com/in/sri-vaishnavi-95023630a
ABHILASH JUNGALA,Sri Vaishnavi,"4/11/25, 2:50 AM",,INCOMING,https://www.linkedin.com/in/abhilash-jungala-077691293,https://www.linkedin.com/in/sri-vaishnavi-95023630a
Ayush Verma,Sri Vaishnavi,"4/10/25, 10:41 PM",,INCOMING,https://www.linkedin.com/in/ayush-verma-5b6153231,https://www.linkedin.com/in/sri-vaishnavi-95023630a
Raja Dhanish,Sri Vaishnavi,"4/10/25, 12:26 PM",,INCOMING,https://www.linkedin.com/in/raja-dhanish-475777293,https://www.linkedin.com/in/sri-vaishnavi-95023630a
Mohammed Saqib Patel,Sri Vaishnavi,"4/10/25, 9:49 AM",,INCOMING,https://www.linkedin.com/in/mohammedsaqibpatel,https://www.linkedin.com/in/sri-vaishnavi-95023630a
Cholaveti Charan,Sri Vaishnavi,"4/10/25, 6:00 AM",,INCOMING,https://www.linkedin.com/in/cholaveti-charan-96b73b280,https://www.linkedin.com/in/sri-vaishnavi-95023630a
GURAJALA  KRANTHI KUMAR,Sri Vaishnavi,"4/8/25, 9:20 PM",,INCOMING,https://www.linkedin.com/in/gurajala-kranthi-kumar024,https://www.linkedin.com/in/sri-vaishnavi-95023630a
Gulam Ansari,Sri Vaishnavi,"4/8/25, 8:18 AM",,INCOMING,https://www.linkedin.com/in/gulam-ansari,https://www.linkedin.com/in/sri-vaishnavi-95023630a
Hari Krishna Malladi,Sri Vaishnavi,"4/8/25, 7:56 AM",,INCOMING,https://www.linkedin.com/in/hari-krishna-malladi-b286017b,https://www.linkedin.com/in/sri-vaishnavi-95023630a
Rohit  Kumar,Sri Vaishnavi,"4/7/25, 11:00 AM",,INCOMING,https://www.linkedin.com/in/rohitrai27,https://www.linkedin.com/in/sri-vaishnavi-95023630a
Harshavardhan Thatikonda,Sri Vaishnavi,"4/7/25, 6:19 AM",,INCOMING,https://www.linkedin.com/in/thatikondaharshavardhan,https://www.linkedin.com/in/sri-vaishnavi-95023630a
Birendra Jha,Sri Vaishnavi,"4/7/25, 4:13 AM",,INCOMING,https://www.linkedin.com/in/birendra-jha-811825281,https://www.linkedin.com/in/sri-vaishnavi-95023630a
Animesh Singh,Sri Vaishnavi,"4/6/25, 6:01 AM",,INCOMING,https://www.linkedin.com/in/animeshsingh9693,https://www.linkedin.com/in/sri-vaishnavi-95023630a
Abhay Singh Rathore,Sri Vaishnavi,"4/5/25, 8:46 PM",,INCOMING,https://www.linkedin.com/in/abhaysinghrathore-dev,https://www.linkedin.com/in/sri-vaishnavi-95023630a
Himanshu Gupta,Sri Vaishnavi,"4/5/25, 1:30 PM",,INCOMING,https://www.linkedin.com/in/himanshu-gupta-84267330a,https://www.linkedin.com/in/sri-vaishnavi-95023630a
Mohammed Affan Ali,Sri Vaishnavi,"4/5/25, 7:07 AM",,INCOMING,https://www.linkedin.com/in/mohammed-affan-ali-07017b2ba,https://www.linkedin.com/in/sri-vaishnavi-95023630a
Rita Kumari,Sri Vaishnavi,"4/4/25, 9:26 AM",,INCOMING,https://www.linkedin.com/in/rita2222,https://www.linkedin.com/in/sri-vaishnavi-95023630a
Shivam kumar Pandey,Sri Vaishnavi,"4/3/25, 1:16 PM",,INCOMING,https://www.linkedin.com/in/shivam-kumar-pandey-b7320b280,https://www.linkedin.com/in/sri-vaishnavi-95023630a
Rana Talukdar,Sri Vaishnavi,"4/3/25, 12:13 PM",,INCOMING,https://www.linkedin.com/in/rana-talukdar-782b60293,https://www.linkedin.com/in/sri-vaishnavi-95023630a
Shreya Bansal,Sri Vaishnavi,"4/1/25, 9:31 PM",,INCOMING,https://www.linkedin.com/in/shreya-bansal-a49995310,https://www.linkedin.com/in/sri-vaishnavi-95023630a
Om Karmele,Sri Vaishnavi,"4/1/25, 7:49 PM",,INCOMING,https://www.linkedin.com/in/om-karmele,https://www.linkedin.com/in/sri-vaishnavi-95023630a
Sachin Sonawane🛡️,Sri Vaishnavi,"4/1/25, 7:12 PM",,INCOMING,https://www.linkedin.com/in/sachinsonawane012,https://www.linkedin.com/in/sri-vaishnavi-95023630a
Ashish Patel,Sri Vaishnavi,"4/1/25, 6:14 PM",,INCOMING,https://www.linkedin.com/in/ashish-patel-b65310295,https://www.linkedin.com/in/sri-vaishnavi-95023630a
Vinod krishna Banda,Sri Vaishnavi,"4/1/25, 3:30 AM",,INCOMING,https://www.linkedin.com/in/vinod-krishna-banda,https://www.linkedin.com/in/sri-vaishnavi-95023630a
Riya Jaiswal,Sri Vaishnavi,"4/1/25, 1:54 AM",,INCOMING,https://www.linkedin.com/in/riya-jaiswal-0317b1325,https://www.linkedin.com/in/sri-vaishnavi-95023630a
Sneha Verma,Sri Vaishnavi,"3/30/25, 8:53 AM",,INCOMING,https://www.linkedin.com/in/sneha-verma-071b04322,https://www.linkedin.com/in/sri-vaishnavi-95023630a
Kishan Kumar Hv,Sri Vaishnavi,"3/29/25, 11:17 AM",,INCOMING,https://www.linkedin.com/in/kishan-kumar-hv-877ab4320,https://www.linkedin.com/in/sri-vaishnavi-95023630a
NANDA GUNASRI,Sri Vaishnavi,"3/29/25, 9:17 AM",,INCOMING,https://www.linkedin.com/in/nanda-gunasri-6b59a429a,https://www.linkedin.com/in/sri-vaishnavi-95023630a
Kanika Budhiraja,Sri Vaishnavi,"3/29/25, 8:13 AM",,INCOMING,https://www.linkedin.com/in/kanika-budhiraja30,https://www.linkedin.com/in/sri-vaishnavi-95023630a
Sai Akash Pydipala,Sri Vaishnavi,"3/29/25, 7:33 AM",,INCOMING,https://www.linkedin.com/in/sai-akash-pydipala-932167256,https://www.linkedin.com/in/sri-vaishnavi-95023630a
Yeruva Alekhya,Sri Vaishnavi,"3/29/25, 4:39 AM",,INCOMING,https://www.linkedin.com/in/yeruva-alekhya-15a18a313,https://www.linkedin.com/in/sri-vaishnavi-95023630a
Yarrabathina Mukesh,Sri Vaishnavi,"3/29/25, 3:38 AM",,INCOMING,https://www.linkedin.com/in/yarrabathina-mukesh-aa5120249,https://www.linkedin.com/in/sri-vaishnavi-95023630a
Kavya Pedada,Sri Vaishnavi,"3/29/25, 3:15 AM",,INCOMING,https://www.linkedin.com/in/kavya-pedada-627032331,https://www.linkedin.com/in/sri-vaishnavi-95023630a
Harshit Maurya,Sri Vaishnavi,"3/29/25, 3:10 AM",,INCOMING,https://www.linkedin.com/in/44-harshit-maurya,https://www.linkedin.com/in/sri-vaishnavi-95023630a
Vinit Karlekar,Sri Vaishnavi,"3/29/25, 1:11 AM",,INCOMING,https://www.linkedin.com/in/vinit-karlekar,https://www.linkedin.com/in/sri-vaishnavi-95023630a
Sirichandana Matturi,Sri Vaishnavi,"3/28/25, 3:37 AM",,INCOMING,https://www.linkedin.com/in/sirichandana-matturi-7a7124254,https://www.linkedin.com/in/sri-vaishnavi-95023630a
Subhodeep Ghosh,Sri Vaishnavi,"3/27/25, 7:33 AM",,INCOMING,https://www.linkedin.com/in/subhodeep-ghosh-795320266,https://www.linkedin.com/in/sri-vaishnavi-95023630a
Naraendira S,Sri Vaishnavi,"3/27/25, 3:11 AM",,INCOMING,https://www.linkedin.com/in/naraendira-s-646ab1261,https://www.linkedin.com/in/sri-vaishnavi-95023630a
Krishna Bhavsar,Sri Vaishnavi,"3/26/25, 5:10 PM",,INCOMING,https://www.linkedin.com/in/krishnaabhavsar07,https://www.linkedin.com/in/sri-vaishnavi-95023630a
Melisa G.,Sri Vaishnavi,"3/25/25, 5:52 AM",,INCOMING,https://www.linkedin.com/in/melisa-g-b288322b2,https://www.linkedin.com/in/sri-vaishnavi-95023630a
Dev Ashish,Sri Vaishnavi,"3/25/25, 2:46 AM",,INCOMING,https://www.linkedin.com/in/dev1604,https://www.linkedin.com/in/sri-vaishnavi-95023630a
Prathmesh  Narayankar,Sri Vaishnavi,"3/25/25, 1:54 AM",,INCOMING,https://www.linkedin.com/in/prathmesh-narayankar,https://www.linkedin.com/in/sri-vaishnavi-95023630a
Ruhin Bhattasali,Sri Vaishnavi,"3/24/25, 10:05 PM",,INCOMING,https://www.linkedin.com/in/ruhin-bhattasali-711a72311,https://www.linkedin.com/in/sri-vaishnavi-95023630a
Tushar Kanta Pradhan,Sri Vaishnavi,"3/24/25, 8:52 PM",,INCOMING,https://www.linkedin.com/in/tushar-kanta-pradhan-25b824302,https://www.linkedin.com/in/sri-vaishnavi-95023630a
Naga Varshitha Pulluru,Sri Vaishnavi,"3/24/25, 10:28 AM",,INCOMING,https://www.linkedin.com/in/pulluru-nagavarshitha,https://www.linkedin.com/in/sri-vaishnavi-95023630a
Naga Raju,Sri Vaishnavi,"3/24/25, 8:03 AM",,INCOMING,https://www.linkedin.com/in/naga-raju-24282827a,https://www.linkedin.com/in/sri-vaishnavi-95023630a
Sujith Barkam,Sri Vaishnavi,"3/24/25, 6:11 AM",,INCOMING,https://www.linkedin.com/in/sujith-barkam-33160b2ba,https://www.linkedin.com/in/sri-vaishnavi-95023630a
Saurabh Gupta,Sri Vaishnavi,"3/24/25, 4:36 AM",,INCOMING,https://www.linkedin.com/in/saurabh-gupta-19047b1b6,https://www.linkedin.com/in/sri-vaishnavi-95023630a
Drashti Chag,Sri Vaishnavi,"3/24/25, 1:34 AM",,INCOMING,https://www.linkedin.com/in/drashti-chag-975498255,https://www.linkedin.com/in/sri-vaishnavi-95023630a
ivine chemutai ,Sri Vaishnavi,"3/23/25, 8:33 AM",,INCOMING,https://www.linkedin.com/in/ivine-c-809171195,https://www.linkedin.com/in/sri-vaishnavi-95023630a
Mrudul MM,Sri Vaishnavi,"3/22/25, 12:13 AM",,INCOMING,https://www.linkedin.com/in/mrudulmm,https://www.linkedin.com/in/sri-vaishnavi-95023630a
Nikhitha Kyatham,Sri Vaishnavi,"3/21/25, 9:55 PM",,INCOMING,https://www.linkedin.com/in/nikhithakyatham,https://www.linkedin.com/in/sri-vaishnavi-95023630a
Madhur Manglam,Sri Vaishnavi,"3/21/25, 3:02 AM",,INCOMING,https://www.linkedin.com/in/madhur-manglam-a83353262,https://www.linkedin.com/in/sri-vaishnavi-95023630a
Mudurakola Rachana,Sri Vaishnavi,"3/21/25, 12:45 AM",,INCOMING,https://www.linkedin.com/in/mudurakola-rachana-43a17332a,https://www.linkedin.com/in/sri-vaishnavi-95023630a
shivam kumar kumar,Sri Vaishnavi,"3/20/25, 10:52 PM",,INCOMING,https://www.linkedin.com/in/shivam-kumar-kumar-15a87b2b9,https://www.linkedin.com/in/sri-vaishnavi-95023630a
Ashmit Rajput,Sri Vaishnavi,"3/20/25, 6:50 AM",,INCOMING,https://www.linkedin.com/in/ashmit-rajput-10b817299,https://www.linkedin.com/in/sri-vaishnavi-95023630a
Sudhanshu Shekhar,Sri Vaishnavi,"3/17/25, 11:47 PM",,INCOMING,https://www.linkedin.com/in/sudhanshu-shekhar-7bbb7325a,https://www.linkedin.com/in/sri-vaishnavi-95023630a
Omi Dave,Sri Vaishnavi,"3/17/25, 12:47 PM",,INCOMING,https://www.linkedin.com/in/omi-dave-454897342,https://www.linkedin.com/in/sri-vaishnavi-95023630a
Sowmya Gosetti,Sri Vaishnavi,"3/17/25, 12:19 PM",,INCOMING,https://www.linkedin.com/in/sowmya-gosetti-1761172b7,https://www.linkedin.com/in/sri-vaishnavi-95023630a
sanjay nalamasa,Sri Vaishnavi,"3/17/25, 10:58 AM",,INCOMING,https://www.linkedin.com/in/sanjay-nalamasa,https://www.linkedin.com/in/sri-vaishnavi-95023630a
Neelam Rishika Damini,Sri Vaishnavi,"3/17/25, 9:46 AM",,INCOMING,https://www.linkedin.com/in/neelam-rishika-damini-aa7a4632b,https://www.linkedin.com/in/sri-vaishnavi-95023630a
Musku Bhuvana Reddy,Sri Vaishnavi,"3/17/25, 5:37 AM",,INCOMING,https://www.linkedin.com/in/musku-bhuvana-reddy-331326314,https://www.linkedin.com/in/sri-vaishnavi-95023630a
Nikhil Katiyar,Sri Vaishnavi,"3/17/25, 3:58 AM",,INCOMING,https://www.linkedin.com/in/nikhil-katiyar-536b59240,https://www.linkedin.com/in/sri-vaishnavi-95023630a
Sharanya Pilli,Sri Vaishnavi,"3/17/25, 12:18 AM",,INCOMING,https://www.linkedin.com/in/sharanya-pilli-874120355,https://www.linkedin.com/in/sri-vaishnavi-95023630a
Mohit Kumar Sharma,Sri Vaishnavi,"3/16/25, 10:58 AM",,INCOMING,https://www.linkedin.com/in/mohit-kumar-sharma-45396b263,https://www.linkedin.com/in/sri-vaishnavi-95023630a
Pranavi Neela,Sri Vaishnavi,"3/16/25, 10:20 AM",,INCOMING,https://www.linkedin.com/in/pranavi-neela,https://www.linkedin.com/in/sri-vaishnavi-95023630a
Sachin K.,Sri Vaishnavi,"3/16/25, 7:17 AM",,INCOMING,https://www.linkedin.com/in/sachin-k-1560a5309,https://www.linkedin.com/in/sri-vaishnavi-95023630a
Snahill Garg,Sri Vaishnavi,"3/16/25, 6:49 AM",,INCOMING,https://www.linkedin.com/in/snahill-garg-b49b41324,https://www.linkedin.com/in/sri-vaishnavi-95023630a
karan kumar,Sri Vaishnavi,"3/14/25, 12:49 AM",,INCOMING,https://www.linkedin.com/in/kanni10,https://www.linkedin.com/in/sri-vaishnavi-95023630a
Lekhraj Patil,Sri Vaishnavi,"3/13/25, 9:29 PM",,INCOMING,https://www.linkedin.com/in/lekhraj-patil-853595317,https://www.linkedin.com/in/sri-vaishnavi-95023630a
Nayan Kumar Mandal,Sri Vaishnavi,"3/13/25, 10:07 AM",,INCOMING,https://www.linkedin.com/in/nayan-kumar-mandal-1740b9274,https://www.linkedin.com/in/sri-vaishnavi-95023630a
RAJKAMAL PANTHAGANI,Sri Vaishnavi,"3/12/25, 11:43 PM",,INCOMING,https://www.linkedin.com/in/rajkamalprls,https://www.linkedin.com/in/sri-vaishnavi-95023630a
Tarun Padala,Sri Vaishnavi,"3/12/25, 6:44 AM",,INCOMING,https://www.linkedin.com/in/tarun-padala,https://www.linkedin.com/in/sri-vaishnavi-95023630a
Piyush Sharma,Sri Vaishnavi,"3/11/25, 7:20 AM",,INCOMING,https://www.linkedin.com/in/piyush-sharma-a313522b1,https://www.linkedin.com/in/sri-vaishnavi-95023630a
Mudu Ganesh,Sri Vaishnavi,"3/10/25, 11:36 AM",,INCOMING,https://www.linkedin.com/in/mudu-ganesh-01b99825a,https://www.linkedin.com/in/sri-vaishnavi-95023630a
Tejesh Gorle,Sri Vaishnavi,"3/10/25, 11:07 AM",,INCOMING,https://www.linkedin.com/in/tejesh-gorle-508784278,https://www.linkedin.com/in/sri-vaishnavi-95023630a
Renu Kumari Prajapati,Sri Vaishnavi,"3/10/25, 10:59 AM",,INCOMING,https://www.linkedin.com/in/renu-kumari-prajapati-028b77264,https://www.linkedin.com/in/sri-vaishnavi-95023630a
AKASH KUMAR,Sri Vaishnavi,"3/9/25, 11:38 PM",,INCOMING,https://www.linkedin.com/in/akash-kumar-783a25333,https://www.linkedin.com/in/sri-vaishnavi-95023630a
Afreen Shaik,Sri Vaishnavi,"3/9/25, 10:12 PM",,INCOMING,https://www.linkedin.com/in/afreen-shaik-a56084303,https://www.linkedin.com/in/sri-vaishnavi-95023630a
Vijay Chollangi 🛡,Sri Vaishnavi,"3/9/25, 10:47 AM",,INCOMING,https://www.linkedin.com/in/vijay-chollangi-3230abcd12271,https://www.linkedin.com/in/sri-vaishnavi-95023630a
Kunwar Awadhiya,Sri Vaishnavi,"3/9/25, 9:41 AM",,INCOMING,https://www.linkedin.com/in/kunwar-awadhiya,https://www.linkedin.com/in/sri-vaishnavi-95023630a
Smrithi P,Sri Vaishnavi,"3/9/25, 7:34 AM",,INCOMING,https://www.linkedin.com/in/smrithipiedy,https://www.linkedin.com/in/sri-vaishnavi-95023630a
Jayesh Manjwani,Sri Vaishnavi,"3/9/25, 6:23 AM",,INCOMING,https://www.linkedin.com/in/jayeshmanjwani,https://www.linkedin.com/in/sri-vaishnavi-95023630a
Patricia Travis,Sri Vaishnavi,"3/9/25, 5:23 AM",,INCOMING,https://www.linkedin.com/in/patricia-travis-0500b171,https://www.linkedin.com/in/sri-vaishnavi-95023630a
Qureshi Ayaaz,Sri Vaishnavi,"3/8/25, 8:42 PM",,INCOMING,https://www.linkedin.com/in/ayaaz121,https://www.linkedin.com/in/sri-vaishnavi-95023630a
Shashi Kanth,Sri Vaishnavi,"3/8/25, 5:53 PM",,INCOMING,https://www.linkedin.com/in/shashi-kanth-843524326,https://www.linkedin.com/in/sri-vaishnavi-95023630a
Arambh Tiwari,Sri Vaishnavi,"3/8/25, 1:05 PM",,INCOMING,https://www.linkedin.com/in/arambhtiwari85,https://www.linkedin.com/in/sri-vaishnavi-95023630a
Nihal Kansara,Sri Vaishnavi,"3/8/25, 12:02 PM",,INCOMING,https://www.linkedin.com/in/nihal-kansara-63392113a,https://www.linkedin.com/in/sri-vaishnavi-95023630a
ARYAN SEN,Sri Vaishnavi,"3/8/25, 5:34 AM",,INCOMING,https://www.linkedin.com/in/aryansen1212,https://www.linkedin.com/in/sri-vaishnavi-95023630a
KRISHNA  ABHANG,Sri Vaishnavi,"3/8/25, 5:10 AM",,INCOMING,https://www.linkedin.com/in/krishna-abhang-917910327,https://www.linkedin.com/in/sri-vaishnavi-95023630a
S Sai Shankar,Sri Vaishnavi,"3/7/25, 7:45 PM",,INCOMING,https://www.linkedin.com/in/s-sai-shankar-ssaishankar00,https://www.linkedin.com/in/sri-vaishnavi-95023630a
Abdullah Shareef,Sri Vaishnavi,"3/7/25, 1:22 AM",,INCOMING,https://www.linkedin.com/in/abdullah-shareef-5635b3171,https://www.linkedin.com/in/sri-vaishnavi-95023630a
Md Aryan,Sri Vaishnavi,"3/6/25, 9:30 AM",,INCOMING,https://www.linkedin.com/in/mdaryan,https://www.linkedin.com/in/sri-vaishnavi-95023630a
Pavan Kotana,Sri Vaishnavi,"3/6/25, 5:17 AM",,INCOMING,https://www.linkedin.com/in/pavan-kotana,https://www.linkedin.com/in/sri-vaishnavi-95023630a
Teja Hussain,Sri Vaishnavi,"3/6/25, 4:11 AM",,INCOMING,https://www.linkedin.com/in/tejahussain-teja,https://www.linkedin.com/in/sri-vaishnavi-95023630a
Godugu Veena,Sri Vaishnavi,"3/5/25, 9:01 AM",,INCOMING,https://www.linkedin.com/in/godugu-veena-61b606327,https://www.linkedin.com/in/sri-vaishnavi-95023630a
Hari Krishnan,Sri Vaishnavi,"3/5/25, 8:32 AM",,INCOMING,https://www.linkedin.com/in/harry-krish,https://www.linkedin.com/in/sri-vaishnavi-95023630a
Jayitri Nammi,Sri Vaishnavi,"3/4/25, 7:02 PM",,INCOMING,https://www.linkedin.com/in/jayitrin,https://www.linkedin.com/in/sri-vaishnavi-95023630a
Sheetal Bajaj,Sri Vaishnavi,"3/3/25, 9:35 PM",,INCOMING,https://www.linkedin.com/in/sheetal-bajaj-s06091009,https://www.linkedin.com/in/sri-vaishnavi-95023630a
Kondepu Sirisha,Sri Vaishnavi,"3/3/25, 6:26 AM",,INCOMING,https://www.linkedin.com/in/kondepu-sirisha-4b6970306,https://www.linkedin.com/in/sri-vaishnavi-95023630a
Lokasani Pavithra,Sri Vaishnavi,"3/3/25, 5:47 AM",,INCOMING,https://www.linkedin.com/in/lokasani-pavithra-23ba59321,https://www.linkedin.com/in/sri-vaishnavi-95023630a
Aman Kumar,Sri Vaishnavi,"3/3/25, 12:29 AM",,INCOMING,https://www.linkedin.com/in/amank1412,https://www.linkedin.com/in/sri-vaishnavi-95023630a
Mohammad Afsheen,Sri Vaishnavi,"3/2/25, 8:42 PM",,INCOMING,https://www.linkedin.com/in/mohammad-afsheen-867696325,https://www.linkedin.com/in/sri-vaishnavi-95023630a
Nilanshu Kumar Singh,Sri Vaishnavi,"3/2/25, 7:21 PM",,INCOMING,https://www.linkedin.com/in/nilanshu-kumar-singh-19b8b8291,https://www.linkedin.com/in/sri-vaishnavi-95023630a
Sriya Meenakshi Chalamalasetty,Sri Vaishnavi,"3/2/25, 4:27 PM",,INCOMING,https://www.linkedin.com/in/sriya-meenakshi-chalamalasetty,https://www.linkedin.com/in/sri-vaishnavi-95023630a
Divyanshi Kulshrestha,Sri Vaishnavi,"3/2/25, 12:25 PM",,INCOMING,https://www.linkedin.com/in/divyanshi-kulshrestha-5ba319295,https://www.linkedin.com/in/sri-vaishnavi-95023630a
Varun Srikesh,Sri Vaishnavi,"3/2/25, 10:20 AM",,INCOMING,https://www.linkedin.com/in/varun-srikesh-211aa5266,https://www.linkedin.com/in/sri-vaishnavi-95023630a
Lakshmi Saran Polisetti,Sri Vaishnavi,"3/2/25, 10:17 AM",,INCOMING,https://www.linkedin.com/in/lakshmi-saran-polisetti-93557a307,https://www.linkedin.com/in/sri-vaishnavi-95023630a
Harika Dungala,Sri Vaishnavi,"3/2/25, 9:48 AM",,INCOMING,https://www.linkedin.com/in/harika-dungala-997193259,https://www.linkedin.com/in/sri-vaishnavi-95023630a
Shoham Dey,Sri Vaishnavi,"3/2/25, 8:07 AM",,INCOMING,https://www.linkedin.com/in/shoham-dey-8b34211ba,https://www.linkedin.com/in/sri-vaishnavi-95023630a
Sony(Soni) Gudise,Sri Vaishnavi,"3/1/25, 8:42 AM",,INCOMING,https://www.linkedin.com/in/sonygudise,https://www.linkedin.com/in/sri-vaishnavi-95023630a
Naitik khoriya,Sri Vaishnavi,"2/28/25, 7:53 PM",,INCOMING,https://www.linkedin.com/in/naitik-khoriya-4962a9229,https://www.linkedin.com/in/sri-vaishnavi-95023630a
Poojitha Chitipotu,Sri Vaishnavi,"2/26/25, 7:17 PM",,INCOMING,https://www.linkedin.com/in/poojitha-chitipotu-682a93321,https://www.linkedin.com/in/sri-vaishnavi-95023630a
Subhash Kumar Singh,Sri Vaishnavi,"2/26/25, 6:50 PM",,INCOMING,https://www.linkedin.com/in/subhash-kumar-singh-879791348,https://www.linkedin.com/in/sri-vaishnavi-95023630a
Zoya Fathima,Sri Vaishnavi,"2/26/25, 4:37 AM",,INCOMING,https://www.linkedin.com/in/zoya-fathima-292378303,https://www.linkedin.com/in/sri-vaishnavi-95023630a
VENKATA NAGA SRI MANJUSHA GOLLA,Sri Vaishnavi,"2/25/25, 6:44 PM",,INCOMING,https://www.linkedin.com/in/venkata-naga-sri-manjusha-golla-1b62ab287,https://www.linkedin.com/in/sri-vaishnavi-95023630a
Darsh Narola,Sri Vaishnavi,"2/25/25, 6:19 PM",,INCOMING,https://www.linkedin.com/in/darsh-narola-519197290,https://www.linkedin.com/in/sri-vaishnavi-95023630a
Nikhil Rathod,Sri Vaishnavi,"2/25/25, 9:24 AM",,INCOMING,https://www.linkedin.com/in/nikhilrathods,https://www.linkedin.com/in/sri-vaishnavi-95023630a
Shahana K,Sri Vaishnavi,"2/25/25, 7:17 AM",,INCOMING,https://www.linkedin.com/in/shahana-k-102591264,https://www.linkedin.com/in/sri-vaishnavi-95023630a
Sonika .,Sri Vaishnavi,"2/25/25, 6:48 AM",,INCOMING,https://www.linkedin.com/in/sonika-78a452258,https://www.linkedin.com/in/sri-vaishnavi-95023630a
Sphiria Technologies,Sri Vaishnavi,"2/25/25, 6:33 AM",,INCOMING,https://www.linkedin.com/in/sphiriatechnologies,https://www.linkedin.com/in/sri-vaishnavi-95023630a
Tejasindhu Pula,Sri Vaishnavi,"2/25/25, 6:17 AM",,INCOMING,https://www.linkedin.com/in/tejasindhu-pula-31a2a2331,https://www.linkedin.com/in/sri-vaishnavi-95023630a
Abhishek Farshwal,Sri Vaishnavi,"2/24/25, 6:37 PM",,INCOMING,https://www.linkedin.com/in/abhishekfarswal,https://www.linkedin.com/in/sri-vaishnavi-95023630a
Kindinti Vanisri,Sri Vaishnavi,"2/24/25, 9:53 AM",,INCOMING,https://www.linkedin.com/in/kindinti-vanisri-10490b2bb,https://www.linkedin.com/in/sri-vaishnavi-95023630a
Varnikumar Patel,Sri Vaishnavi,"2/24/25, 4:43 AM",,INCOMING,https://www.linkedin.com/in/varnikumarpatel,https://www.linkedin.com/in/sri-vaishnavi-95023630a
Fiona Dey,Sri Vaishnavi,"2/24/25, 3:23 AM",,INCOMING,https://www.linkedin.com/in/fiona-dey-a8572631a,https://www.linkedin.com/in/sri-vaishnavi-95023630a
Shivalatha M,Sri Vaishnavi,"2/23/25, 6:14 AM",,INCOMING,https://www.linkedin.com/in/shivalatha-m-6221572a6,https://www.linkedin.com/in/sri-vaishnavi-95023630a
Sivasubramanian P,Sri Vaishnavi,"2/22/25, 6:40 AM",,INCOMING,https://www.linkedin.com/in/sivasubramanian-p-20160222a,https://www.linkedin.com/in/sri-vaishnavi-95023630a
Sahil Ansari,Sri Vaishnavi,"2/22/25, 3:59 AM",,INCOMING,https://www.linkedin.com/in/sahilansari0002,https://www.linkedin.com/in/sri-vaishnavi-95023630a
Ronnit Sagar,Sri Vaishnavi,"2/21/25, 10:19 AM",,INCOMING,https://www.linkedin.com/in/ronnit-s-688941251,https://www.linkedin.com/in/sri-vaishnavi-95023630a
Hema Lalithambica Mypala,Sri Vaishnavi,"2/21/25, 7:57 AM",,INCOMING,https://www.linkedin.com/in/hema-lalithambica-mypala-47a4b5298,https://www.linkedin.com/in/sri-vaishnavi-95023630a
Raj Kumar,Sri Vaishnavi,"2/18/25, 7:04 PM",,INCOMING,https://www.linkedin.com/in/raj-kumar-8839b1117,https://www.linkedin.com/in/sri-vaishnavi-95023630a
Khushbu  Ahire,Sri Vaishnavi,"2/18/25, 9:03 AM",,INCOMING,https://www.linkedin.com/in/khushbu-ahire-9aa906307,https://www.linkedin.com/in/sri-vaishnavi-95023630a
Manthan Awgan,Sri Vaishnavi,"2/18/25, 8:49 AM",,INCOMING,https://www.linkedin.com/in/manthan-awgan-3591172a4,https://www.linkedin.com/in/sri-vaishnavi-95023630a
Avni Singh,Sri Vaishnavi,"2/18/25, 4:42 AM",,INCOMING,https://www.linkedin.com/in/avnidns,https://www.linkedin.com/in/sri-vaishnavi-95023630a
Yash Jain,Sri Vaishnavi,"2/18/25, 4:30 AM",,INCOMING,https://www.linkedin.com/in/yashdotdev,https://www.linkedin.com/in/sri-vaishnavi-95023630a
Naga Lakshmi GODI,Sri Vaishnavi,"2/18/25, 4:28 AM",,INCOMING,https://www.linkedin.com/in/naga-lakshmi-godi-271793267,https://www.linkedin.com/in/sri-vaishnavi-95023630a
Yash Pandav,Sri Vaishnavi,"2/17/25, 10:35 PM",,INCOMING,https://www.linkedin.com/in/yash-pandav,https://www.linkedin.com/in/sri-vaishnavi-95023630a
vasu ..,Sri Vaishnavi,"2/17/25, 7:03 PM",,INCOMING,https://www.linkedin.com/in/vasu-6b1b1a272,https://www.linkedin.com/in/sri-vaishnavi-95023630a
Joshita Nookala,Sri Vaishnavi,"2/17/25, 8:39 AM",,INCOMING,https://www.linkedin.com/in/joshita-nookala-69201a2a1,https://www.linkedin.com/in/sri-vaishnavi-95023630a
Vinesh Korlapati,Sri Vaishnavi,"2/16/25, 9:41 PM",,INCOMING,https://www.linkedin.com/in/vinesh-korlapati-335034290,https://www.linkedin.com/in/sri-vaishnavi-95023630a
Nishant Rana,Sri Vaishnavi,"2/16/25, 5:42 PM",,INCOMING,https://www.linkedin.com/in/nishantrana07,https://www.linkedin.com/in/sri-vaishnavi-95023630a
Ankita Nag,Sri Vaishnavi,"2/16/25, 10:35 AM",,INCOMING,https://www.linkedin.com/in/ankita-nag-831b23285,https://www.linkedin.com/in/sri-vaishnavi-95023630a
Himanshu Heda,Sri Vaishnavi,"2/16/25, 9:08 AM",,INCOMING,https://www.linkedin.com/in/himanshu-heda,https://www.linkedin.com/in/sri-vaishnavi-95023630a
Prerna Pal,Sri Vaishnavi,"2/16/25, 3:03 AM",,INCOMING,https://www.linkedin.com/in/palprerna,https://www.linkedin.com/in/sri-vaishnavi-95023630a
Prajit Janakiraman,Sri Vaishnavi,"2/15/25, 6:38 AM",,INCOMING,https://www.linkedin.com/in/prajitjanakiraman,https://www.linkedin.com/in/sri-vaishnavi-95023630a
Rohan A. Bagmare,Sri Vaishnavi,"2/15/25, 2:46 AM",,INCOMING,https://www.linkedin.com/in/rohan-a-b-501b3032,https://www.linkedin.com/in/sri-vaishnavi-95023630a
Almuhalab Mohammed,Sri Vaishnavi,"2/13/25, 11:22 AM",,INCOMING,https://www.linkedin.com/in/almuhalab-mohammed,https://www.linkedin.com/in/sri-vaishnavi-95023630a
Karan _,Sri Vaishnavi,"2/13/25, 6:07 AM",,INCOMING,https://www.linkedin.com/in/karan-40b213289,https://www.linkedin.com/in/sri-vaishnavi-95023630a
Preethika Kasthuri,Sri Vaishnavi,"2/12/25, 10:34 AM",,INCOMING,https://www.linkedin.com/in/preethika-kasthuri-17405530b,https://www.linkedin.com/in/sri-vaishnavi-95023630a
Adi Shrivastava,Sri Vaishnavi,"2/12/25, 3:33 AM",,INCOMING,https://www.linkedin.com/in/adishrivastava,https://www.linkedin.com/in/sri-vaishnavi-95023630a
Guniganti Meghamala,Sri Vaishnavi,"2/11/25, 6:50 AM",,INCOMING,https://www.linkedin.com/in/gunigantimeghamala-7382102a1,https://www.linkedin.com/in/sri-vaishnavi-95023630a
Gohith Venkata Naga Sai Datha Munagala,Sri Vaishnavi,"2/11/25, 5:47 AM",,INCOMING,https://www.linkedin.com/in/gohith-venkata-naga-sai-datha-munagala-4a01b5295,https://www.linkedin.com/in/sri-vaishnavi-95023630a
Tanya Jaiswal,Sri Vaishnavi,"2/10/25, 7:37 AM",,INCOMING,https://www.linkedin.com/in/tanyajais,https://www.linkedin.com/in/sri-vaishnavi-95023630a
Tushar Pawar,Sri Vaishnavi,"2/10/25, 7:30 AM",,INCOMING,https://www.linkedin.com/in/tushar-pawar-60114632a,https://www.linkedin.com/in/sri-vaishnavi-95023630a
Bharath Bairagoni,Sri Vaishnavi,"2/9/25, 11:15 PM",,INCOMING,https://www.linkedin.com/in/bharath-bairagoni-a49946238,https://www.linkedin.com/in/sri-vaishnavi-95023630a
Neeraj Rautela,Sri Vaishnavi,"2/9/25, 8:23 PM",,INCOMING,https://www.linkedin.com/in/neeraj-rautela-536619245,https://www.linkedin.com/in/sri-vaishnavi-95023630a
Biswajit Sarkar,Sri Vaishnavi,"2/9/25, 9:47 AM",,INCOMING,https://www.linkedin.com/in/biswajit007,https://www.linkedin.com/in/sri-vaishnavi-95023630a
Boune Pranitha,Sri Vaishnavi,"2/9/25, 1:25 AM",,INCOMING,https://www.linkedin.com/in/boune-pranitha-512766289,https://www.linkedin.com/in/sri-vaishnavi-95023630a
Sai samhith Reddy,Sri Vaishnavi,"2/8/25, 4:57 AM",,INCOMING,https://www.linkedin.com/in/saisamhithreddy,https://www.linkedin.com/in/sri-vaishnavi-95023630a
Abhishek Raj,Sri Vaishnavi,"2/8/25, 2:24 AM",,INCOMING,https://www.linkedin.com/in/abhishek-raj-72a933299,https://www.linkedin.com/in/sri-vaishnavi-95023630a
Vikas Kumar,Sri Vaishnavi,"2/8/25, 12:14 AM",,INCOMING,https://www.linkedin.com/in/vikasthakurr,https://www.linkedin.com/in/sri-vaishnavi-95023630a
Mohammed Naveed N,Sri Vaishnavi,"2/7/25, 4:44 AM",,INCOMING,https://www.linkedin.com/in/mohammed-naveed541,https://www.linkedin.com/in/sri-vaishnavi-95023630a
Yash Nagpure,Sri Vaishnavi,"2/6/25, 4:58 AM",,INCOMING,https://www.linkedin.com/in/yash-nagpure-66452b339,https://www.linkedin.com/in/sri-vaishnavi-95023630a
SWETHA ASHAMAINA,Sri Vaishnavi,"2/6/25, 2:51 AM",,INCOMING,https://www.linkedin.com/in/swetha-ashamaina-0a959832b,https://www.linkedin.com/in/sri-vaishnavi-95023630a
Satyam Gupta,Sri Vaishnavi,"2/5/25, 8:25 PM",,INCOMING,https://www.linkedin.com/in/satyam-1704-gupta,https://www.linkedin.com/in/sri-vaishnavi-95023630a
Sanjay R,Sri Vaishnavi,"2/5/25, 8:06 PM",,INCOMING,https://www.linkedin.com/in/sanjay69,https://www.linkedin.com/in/sri-vaishnavi-95023630a
Akshat Nigam,Sri Vaishnavi,"2/4/25, 11:23 PM",,INCOMING,https://www.linkedin.com/in/-akshatnigam-,https://www.linkedin.com/in/sri-vaishnavi-95023630a
Vaishali Dhanvijay,Sri Vaishnavi,"2/4/25, 9:42 PM",,INCOMING,https://www.linkedin.com/in/vaishalidhanvijay,https://www.linkedin.com/in/sri-vaishnavi-95023630a
Murali Vardhan,Sri Vaishnavi,"2/3/25, 7:23 AM",,INCOMING,https://www.linkedin.com/in/muralivardhan,https://www.linkedin.com/in/sri-vaishnavi-95023630a
EDUPULAPATI SASHANK,Sri Vaishnavi,"2/3/25, 3:19 AM",,INCOMING,https://www.linkedin.com/in/edupulapati-sashank-1a5785276,https://www.linkedin.com/in/sri-vaishnavi-95023630a
Ramsaiteja Mallela,Sri Vaishnavi,"2/2/25, 7:17 PM",,INCOMING,https://www.linkedin.com/in/ramsaiteja-mallela-b6508533a,https://www.linkedin.com/in/sri-vaishnavi-95023630a
VenuMadhav .,Sri Vaishnavi,"2/2/25, 6:34 PM",,INCOMING,https://www.linkedin.com/in/venumadhav-932731230,https://www.linkedin.com/in/sri-vaishnavi-95023630a
Santhosh Mudavath,Sri Vaishnavi,"2/2/25, 12:20 AM",,INCOMING,https://www.linkedin.com/in/santhoshmudavath,https://www.linkedin.com/in/sri-vaishnavi-95023630a
Vishnu Vishnu,Sri Vaishnavi,"2/1/25, 1:13 AM",,INCOMING,https://www.linkedin.com/in/vishnu-vishnu-74510234a,https://www.linkedin.com/in/sri-vaishnavi-95023630a
Sumit Saha,Sri Vaishnavi,"1/31/25, 7:59 PM",,INCOMING,https://www.linkedin.com/in/sumit-saha-3400ss,https://www.linkedin.com/in/sri-vaishnavi-95023630a
Gaurav Raj,Sri Vaishnavi,"1/31/25, 7:36 PM",,INCOMING,https://www.linkedin.com/in/gaurav-007-raj,https://www.linkedin.com/in/sri-vaishnavi-95023630a
Jeevan 🏌️,Sri Vaishnavi,"1/31/25, 11:35 AM",,INCOMING,https://www.linkedin.com/in/jeevan-🏌️-240927231,https://www.linkedin.com/in/sri-vaishnavi-95023630a
Hemanth Satyasai Patamsetti,Sri Vaishnavi,"1/30/25, 11:31 PM",,INCOMING,https://www.linkedin.com/in/hemanth-satyasai-patamsetti-8a037a217,https://www.linkedin.com/in/sri-vaishnavi-95023630a
Ujjwal Mishra,Sri Vaishnavi,"1/30/25, 9:40 AM",,INCOMING,https://www.linkedin.com/in/ujjwalm01,https://www.linkedin.com/in/sri-vaishnavi-95023630a
Arun Chinthakindi,Sri Vaishnavi,"1/30/25, 6:38 AM",,INCOMING,https://www.linkedin.com/in/arun-chinthakindi-645175337,https://www.linkedin.com/in/sri-vaishnavi-95023630a
Vanguri Anjali,Sri Vaishnavi,"1/29/25, 8:29 AM",,INCOMING,https://www.linkedin.com/in/vanguri-anjali-15a959301,https://www.linkedin.com/in/sri-vaishnavi-95023630a
Rao Shreyank Reddy,Sri Vaishnavi,"1/28/25, 7:16 PM",,INCOMING,https://www.linkedin.com/in/rao-shreyank-reddy-768ba1237,https://www.linkedin.com/in/sri-vaishnavi-95023630a
Shahzal Rehman,Sri Vaishnavi,"1/28/25, 5:22 AM",,INCOMING,https://www.linkedin.com/in/rehmantribe,https://www.linkedin.com/in/sri-vaishnavi-95023630a
Mohammed Abdul Rahman,Sri Vaishnavi,"1/27/25, 5:44 AM",,INCOMING,https://www.linkedin.com/in/that-ar-guy,https://www.linkedin.com/in/sri-vaishnavi-95023630a
Uday Gupta,Sri Vaishnavi,"1/27/25, 1:40 AM",,INCOMING,https://www.linkedin.com/in/uday-gupta-7b0887295,https://www.linkedin.com/in/sri-vaishnavi-95023630a
Pavani Bandarupally,Sri Vaishnavi,"1/27/25, 1:05 AM",,INCOMING,https://www.linkedin.com/in/pavani-bandarupally-86b879337,https://www.linkedin.com/in/sri-vaishnavi-95023630a
chiranjeevi M G,Sri Vaishnavi,"1/26/25, 9:31 AM",,INCOMING,https://www.linkedin.com/in/chiranjeevi-m-g-04a9802b8,https://www.linkedin.com/in/sri-vaishnavi-95023630a
Bhavesh Gadling,Sri Vaishnavi,"1/25/25, 8:38 PM",,INCOMING,https://www.linkedin.com/in/bhavesh-gadling-46656b31b,https://www.linkedin.com/in/sri-vaishnavi-95023630a
DhivyaSaravanan S,Sri Vaishnavi,"1/25/25, 7:12 PM",,INCOMING,https://www.linkedin.com/in/dhivyasaravanan-s-548b20336,https://www.linkedin.com/in/sri-vaishnavi-95023630a
Bhanuprakash Kalamkuri,Sri Vaishnavi,"1/24/25, 5:48 PM",,INCOMING,https://www.linkedin.com/in/bhanuprakash-kalamkuri-65a079322,https://www.linkedin.com/in/sri-vaishnavi-95023630a
Abhinav Patil,Sri Vaishnavi,"1/24/25, 11:43 AM",,INCOMING,https://www.linkedin.com/in/abhinav-patil-developer,https://www.linkedin.com/in/sri-vaishnavi-95023630a
Shivam Naredi,Sri Vaishnavi,"1/24/25, 5:42 AM",,INCOMING,https://www.linkedin.com/in/shivamnaredi,https://www.linkedin.com/in/sri-vaishnavi-95023630a
Sai Lakshmi Mallavolu,Sri Vaishnavi,"1/23/25, 11:44 PM",,INCOMING,https://www.linkedin.com/in/sai-lakshmi-mallavolu-1877b7289,https://www.linkedin.com/in/sri-vaishnavi-95023630a
Nikhil Bhange,Sri Vaishnavi,"1/23/25, 8:12 AM",,INCOMING,https://www.linkedin.com/in/nikhil-bhange,https://www.linkedin.com/in/sri-vaishnavi-95023630a
Kumar P,Sri Vaishnavi,"1/23/25, 8:10 AM",,INCOMING,https://www.linkedin.com/in/kumar-p-bbbbb3252,https://www.linkedin.com/in/sri-vaishnavi-95023630a
Aayisha Noora Jalaludeen,Sri Vaishnavi,"1/23/25, 6:43 AM",,INCOMING,https://www.linkedin.com/in/aayishanooraj,https://www.linkedin.com/in/sri-vaishnavi-95023630a
Akshitha Laxmi,Sri Vaishnavi,"1/22/25, 7:43 AM",,INCOMING,https://www.linkedin.com/in/akshitha-laxmi-7a4b231b4,https://www.linkedin.com/in/sri-vaishnavi-95023630a
Araveti Guna Siri,Sri Vaishnavi,"1/22/25, 3:14 AM",,INCOMING,https://www.linkedin.com/in/araveti-guna-siri-7291a832b,https://www.linkedin.com/in/sri-vaishnavi-95023630a
Arindam Dinda,Sri Vaishnavi,"1/21/25, 7:17 PM",,INCOMING,https://www.linkedin.com/in/arindam-dinda-01b652284,https://www.linkedin.com/in/sri-vaishnavi-95023630a
Nelson Rudasingwa,Sri Vaishnavi,"1/21/25, 5:02 PM",,INCOMING,https://www.linkedin.com/in/nelsonrudasingwa,https://www.linkedin.com/in/sri-vaishnavi-95023630a
 Ruby .,Sri Vaishnavi,"1/19/25, 6:36 PM",,INCOMING,https://www.linkedin.com/in/rubby-naik,https://www.linkedin.com/in/sri-vaishnavi-95023630a
Anuj Pratap Singh,Sri Vaishnavi,"1/19/25, 7:22 AM",,INCOMING,https://www.linkedin.com/in/anuj-pratap-singh-99a2581a9,https://www.linkedin.com/in/sri-vaishnavi-95023630a
Shruti dharne,Sri Vaishnavi,"1/18/25, 1:26 AM",,INCOMING,https://www.linkedin.com/in/shruti-dharne-86582a241,https://www.linkedin.com/in/sri-vaishnavi-95023630a
T.Naga Sai Asmita,Sri Vaishnavi,"1/17/25, 2:31 AM",,INCOMING,https://www.linkedin.com/in/t-naga-sai-asmita-433804332,https://www.linkedin.com/in/sri-vaishnavi-95023630a
Shaziya Banu Khazi,Sri Vaishnavi,"1/16/25, 5:55 PM",,INCOMING,https://www.linkedin.com/in/khazi-shaziya-banu-rgmcse25,https://www.linkedin.com/in/sri-vaishnavi-95023630a
Sk Abdul Razak,Sri Vaishnavi,"1/16/25, 1:36 AM",,INCOMING,https://www.linkedin.com/in/sk-abdul-razak-8a8b47334,https://www.linkedin.com/in/sri-vaishnavi-95023630a
Bhargavi yaparla,Sri Vaishnavi,"1/16/25, 12:31 AM",,INCOMING,https://www.linkedin.com/in/yaparlabhargavi023,https://www.linkedin.com/in/sri-vaishnavi-95023630a
SHAIK SOHIN,Sri Vaishnavi,"1/15/25, 11:57 PM",,INCOMING,https://www.linkedin.com/in/shaik-sohin,https://www.linkedin.com/in/sri-vaishnavi-95023630a
Sasidar N,Sri Vaishnavi,"1/15/25, 5:26 PM",,INCOMING,https://www.linkedin.com/in/sasidar-n-805b352b0,https://www.linkedin.com/in/sri-vaishnavi-95023630a
Khush Tiwari,Sri Vaishnavi,"1/15/25, 9:06 AM",,INCOMING,https://www.linkedin.com/in/khush-tiwari,https://www.linkedin.com/in/sri-vaishnavi-95023630a
Sam  Arackal,Sri Vaishnavi,"1/14/25, 8:19 PM",,INCOMING,https://www.linkedin.com/in/sam-arackal-8769772a6,https://www.linkedin.com/in/sri-vaishnavi-95023630a
Dinesh Bhardwaj,Sri Vaishnavi,"1/14/25, 10:52 AM",,INCOMING,https://www.linkedin.com/in/dinesh-bhardwaj2047,https://www.linkedin.com/in/sri-vaishnavi-95023630a
Riya Mittal,Sri Vaishnavi,"1/14/25, 9:45 AM",,INCOMING,https://www.linkedin.com/in/riya-mittal-69bb53213,https://www.linkedin.com/in/sri-vaishnavi-95023630a
Jitendra Rajput,Sri Vaishnavi,"1/14/25, 9:36 AM",,INCOMING,https://www.linkedin.com/in/jitendra-rajputt,https://www.linkedin.com/in/sri-vaishnavi-95023630a
Gundeboina Anil,Sri Vaishnavi,"1/13/25, 8:34 AM",,INCOMING,https://www.linkedin.com/in/gundeboinaanil,https://www.linkedin.com/in/sri-vaishnavi-95023630a
Varuna Jakkana,Sri Vaishnavi,"1/13/25, 2:17 AM",,INCOMING,https://www.linkedin.com/in/varuna-jakkana-3978b831a,https://www.linkedin.com/in/sri-vaishnavi-95023630a
Deepika reddy Merugu,Sri Vaishnavi,"1/12/25, 7:44 PM",,INCOMING,https://www.linkedin.com/in/deepika-reddy-merugu-3665272a2,https://www.linkedin.com/in/sri-vaishnavi-95023630a
Pawan Goje,Sri Vaishnavi,"1/11/25, 7:47 AM",,INCOMING,https://www.linkedin.com/in/pawan-goje-40648b1ab,https://www.linkedin.com/in/sri-vaishnavi-95023630a
Md Zishan Azam,Sri Vaishnavi,"1/11/25, 12:39 AM",,INCOMING,https://www.linkedin.com/in/mdzishanazam,https://www.linkedin.com/in/sri-vaishnavi-95023630a
Lavanga Devi,Sri Vaishnavi,"1/10/25, 10:38 PM",,INCOMING,https://www.linkedin.com/in/lavanga-devi-4a8961242,https://www.linkedin.com/in/sri-vaishnavi-95023630a
Razique Hasan,Sri Vaishnavi,"1/10/25, 10:22 PM",,INCOMING,https://www.linkedin.com/in/razique-hasan-73a2832a2,https://www.linkedin.com/in/sri-vaishnavi-95023630a
Gandreddi Manojna sri,Sri Vaishnavi,"1/9/25, 8:10 PM",,INCOMING,https://www.linkedin.com/in/gandreddi-manojna-sri-81aaa5318,https://www.linkedin.com/in/sri-vaishnavi-95023630a
Shreya Batabyal,Sri Vaishnavi,"1/9/25, 5:43 AM",,INCOMING,https://www.linkedin.com/in/shreya-batabyal-a93a66284,https://www.linkedin.com/in/sri-vaishnavi-95023630a
Khyati Kumar Maruvada,Sri Vaishnavi,"1/8/25, 8:43 AM",,INCOMING,https://www.linkedin.com/in/khyatikumarmaruvada,https://www.linkedin.com/in/sri-vaishnavi-95023630a
Dipraa Arora,Sri Vaishnavi,"1/8/25, 8:35 AM",,INCOMING,https://www.linkedin.com/in/dipraaarora,https://www.linkedin.com/in/sri-vaishnavi-95023630a
Aditi Narang,Sri Vaishnavi,"1/7/25, 7:51 PM",,INCOMING,https://www.linkedin.com/in/aditi-narang-766544217,https://www.linkedin.com/in/sri-vaishnavi-95023630a
Amrisha Srivastava,Sri Vaishnavi,"1/7/25, 8:45 AM",,INCOMING,https://www.linkedin.com/in/amrishasrivastava,https://www.linkedin.com/in/sri-vaishnavi-95023630a
Nisha Kumari,Sri Vaishnavi,"1/7/25, 8:23 AM",,INCOMING,https://www.linkedin.com/in/nisha-k-38343a313,https://www.linkedin.com/in/sri-vaishnavi-95023630a
Madhura  Chaudhary,Sri Vaishnavi,"1/7/25, 8:16 AM",,INCOMING,https://www.linkedin.com/in/madhura-chaudhary-822267294,https://www.linkedin.com/in/sri-vaishnavi-95023630a
Raushni Gupta,Sri Vaishnavi,"1/7/25, 8:06 AM",,INCOMING,https://www.linkedin.com/in/raushni-gupta-088889331,https://www.linkedin.com/in/sri-vaishnavi-95023630a
Khushi Kumari,Sri Vaishnavi,"1/7/25, 8:06 AM",,INCOMING,https://www.linkedin.com/in/khushi-kumari-143449308,https://www.linkedin.com/in/sri-vaishnavi-95023630a
Tanisha Ojha,Sri Vaishnavi,"1/7/25, 7:45 AM",,INCOMING,https://www.linkedin.com/in/tanisha-ojha-6bb1b0203,https://www.linkedin.com/in/sri-vaishnavi-95023630a
Shreya Mane,Sri Vaishnavi,"1/7/25, 7:45 AM",,INCOMING,https://www.linkedin.com/in/shreya-mane-434498332,https://www.linkedin.com/in/sri-vaishnavi-95023630a
Snehal Reddy,Sri Vaishnavi,"1/7/25, 6:34 AM",,INCOMING,https://www.linkedin.com/in/snehal-reddy-aa6a96337,https://www.linkedin.com/in/sri-vaishnavi-95023630a
A Namratha Rao,Sri Vaishnavi,"1/7/25, 5:17 AM",,INCOMING,https://www.linkedin.com/in/a-namratha-rao-90a6092a0,https://www.linkedin.com/in/sri-vaishnavi-95023630a
Falak Vhora,Sri Vaishnavi,"1/7/25, 3:27 AM",,INCOMING,https://www.linkedin.com/in/falak-vhora-1b1243292,https://www.linkedin.com/in/sri-vaishnavi-95023630a
ABHISHEK KUMAR SHARMA,Sri Vaishnavi,"1/6/25, 9:50 PM",,INCOMING,https://www.linkedin.com/in/abhishek-kumar-sharma-3b2bb0213,https://www.linkedin.com/in/sri-vaishnavi-95023630a
Ashish Singh,Sri Vaishnavi,"1/6/25, 8:30 PM",,INCOMING,https://www.linkedin.com/in/ashish-singh-25379a188,https://www.linkedin.com/in/sri-vaishnavi-95023630a
Karan Kundale,Sri Vaishnavi,"1/5/25, 8:52 PM",,INCOMING,https://www.linkedin.com/in/karan-kundale-405594312,https://www.linkedin.com/in/sri-vaishnavi-95023630a
Satyam Shukla,Sri Vaishnavi,"1/4/25, 9:16 AM",,INCOMING,https://www.linkedin.com/in/satyam-shukla-45bb30220,https://www.linkedin.com/in/sri-vaishnavi-95023630a
Sahil Sharma,Sri Vaishnavi,"1/4/25, 6:16 AM",,INCOMING,https://www.linkedin.com/in/sahil-sharma-30458b292,https://www.linkedin.com/in/sri-vaishnavi-95023630a
Ayesha Iram,Sri Vaishnavi,"1/4/25, 6:16 AM",,INCOMING,https://www.linkedin.com/in/ayesha-iram-76319b295,https://www.linkedin.com/in/sri-vaishnavi-95023630a
DINESH SHIVARATHRI,Sri Vaishnavi,"1/3/25, 9:09 AM",,INCOMING,https://www.linkedin.com/in/dinesh-shivarathri-494386256,https://www.linkedin.com/in/sri-vaishnavi-95023630a
Aditya Chawla,Sri Vaishnavi,"1/3/25, 9:03 AM",,INCOMING,https://www.linkedin.com/in/-aditya-chawla,https://www.linkedin.com/in/sri-vaishnavi-95023630a
REDDI DIVAKAR SAI .,Sri Vaishnavi,"1/3/25, 6:16 AM",,INCOMING,https://www.linkedin.com/in/reddi-divakarsai,https://www.linkedin.com/in/sri-vaishnavi-95023630a
Syeda Sumera Begum,Sri Vaishnavi,"1/3/25, 6:14 AM",,INCOMING,https://www.linkedin.com/in/syeda-sumera-begum-3453bb32a,https://www.linkedin.com/in/sri-vaishnavi-95023630a
Ojas Arora,Sri Vaishnavi,"1/2/25, 10:36 AM",,INCOMING,https://www.linkedin.com/in/ojasarora14,https://www.linkedin.com/in/sri-vaishnavi-95023630a
Sanchit Chauhan,Sri Vaishnavi,"1/2/25, 4:17 AM",,INCOMING,https://www.linkedin.com/in/sanchitc05,https://www.linkedin.com/in/sri-vaishnavi-95023630a
Ankit Raj,Sri Vaishnavi,"1/1/25, 8:21 AM",,INCOMING,https://www.linkedin.com/in/lucifer5094,https://www.linkedin.com/in/sri-vaishnavi-95023630a
KRISH KUSHWAHA,Sri Vaishnavi,"12/31/24, 10:09 AM",,INCOMING,https://www.linkedin.com/in/krishk1,https://www.linkedin.com/in/sri-vaishnavi-95023630a
Aditya Sachan,Sri Vaishnavi,"12/30/24, 7:54 PM",,INCOMING,https://www.linkedin.com/in/aditya-sachan-421419310,https://www.linkedin.com/in/sri-vaishnavi-95023630a
Puja Kumari,Sri Vaishnavi,"12/30/24, 7:53 PM",,INCOMING,https://www.linkedin.com/in/puja-kumari-a18a87260,https://www.linkedin.com/in/sri-vaishnavi-95023630a
Dabbiru Ram,Sri Vaishnavi,"12/30/24, 5:08 PM",,INCOMING,https://www.linkedin.com/in/dabbiru-ram-721707282,https://www.linkedin.com/in/sri-vaishnavi-95023630a
Shivang  Shekhar yadav,Sri Vaishnavi,"12/30/24, 12:25 PM",,INCOMING,https://www.linkedin.com/in/shivang-shekhar-yadav-25a10a311,https://www.linkedin.com/in/sri-vaishnavi-95023630a
Pranjal Shrivastava,Sri Vaishnavi,"12/30/24, 6:01 AM",,INCOMING,https://www.linkedin.com/in/pranjal-shrivastava-2062a4315,https://www.linkedin.com/in/sri-vaishnavi-95023630a
Yashwanth S,Sri Vaishnavi,"12/30/24, 2:34 AM",,INCOMING,https://www.linkedin.com/in/yashwanth-sampath,https://www.linkedin.com/in/sri-vaishnavi-95023630a
Rubeena Farha,Sri Vaishnavi,"12/29/24, 11:54 PM",,INCOMING,https://www.linkedin.com/in/rubeena-farha-b74047302,https://www.linkedin.com/in/sri-vaishnavi-95023630a
VENKATA NAGARJUNA REDDY KANDI,Sri Vaishnavi,"12/29/24, 3:45 AM",,INCOMING,https://www.linkedin.com/in/k-venkata-nagarjuna-reddy,https://www.linkedin.com/in/sri-vaishnavi-95023630a
APARNA BHAGAVATHI R,Sri Vaishnavi,"12/28/24, 8:58 AM",,INCOMING,https://www.linkedin.com/in/aparna-bhagavathi-r-b8a311263,https://www.linkedin.com/in/sri-vaishnavi-95023630a
Muskan Maurya,Sri Vaishnavi,"12/28/24, 3:05 AM",,INCOMING,https://www.linkedin.com/in/muskan-maurya-2b1b6a266,https://www.linkedin.com/in/sri-vaishnavi-95023630a
Goutam Hanjwani,Sri Vaishnavi,"12/27/24, 10:12 PM",,INCOMING,https://www.linkedin.com/in/goutam-hanjwani-3b997530a,https://www.linkedin.com/in/sri-vaishnavi-95023630a
RAHUL ROY,Sri Vaishnavi,"12/27/24, 4:37 AM",,INCOMING,https://www.linkedin.com/in/rahulroy-developer,https://www.linkedin.com/in/sri-vaishnavi-95023630a
Santosh B,Sri Vaishnavi,"12/26/24, 6:48 PM",,INCOMING,https://www.linkedin.com/in/santosh-b-kumar,https://www.linkedin.com/in/sri-vaishnavi-95023630a
Muzammil SD,Sri Vaishnavi,"12/26/24, 5:01 AM",,INCOMING,https://www.linkedin.com/in/mujju786,https://www.linkedin.com/in/sri-vaishnavi-95023630a
Puspendra Birajee,Sri Vaishnavi,"12/24/24, 4:46 AM",,INCOMING,https://www.linkedin.com/in/puspendrabirajee,https://www.linkedin.com/in/sri-vaishnavi-95023630a
srija morthala,Sri Vaishnavi,"12/23/24, 5:32 PM",,INCOMING,https://www.linkedin.com/in/srija-morthala-357913324,https://www.linkedin.com/in/sri-vaishnavi-95023630a
Payal Maletha,Sri Vaishnavi,"12/20/24, 8:29 PM",,INCOMING,https://www.linkedin.com/in/payal-m-96a41b329,https://www.linkedin.com/in/sri-vaishnavi-95023630a
Ajay Kumar Teli,Sri Vaishnavi,"12/19/24, 6:56 AM",,INCOMING,https://www.linkedin.com/in/ajay-kumar-teli,https://www.linkedin.com/in/sri-vaishnavi-95023630a
Gopesh Kachhadiya,Sri Vaishnavi,"12/19/24, 5:52 AM",,INCOMING,https://www.linkedin.com/in/gopesh-kachhadiya-436461286,https://www.linkedin.com/in/sri-vaishnavi-95023630a
Atharva  Waghale ,Sri Vaishnavi,"12/19/24, 4:44 AM",,INCOMING,https://www.linkedin.com/in/atharva-waghale-8361a7204,https://www.linkedin.com/in/sri-vaishnavi-95023630a
Dravya Jain,Sri Vaishnavi,"12/19/24, 4:34 AM",,INCOMING,https://www.linkedin.com/in/dravyajain52,https://www.linkedin.com/in/sri-vaishnavi-95023630a
Siddhartha Reddy  Chada,Sri Vaishnavi,"12/19/24, 4:06 AM",,INCOMING,https://www.linkedin.com/in/siddharthareddychada,https://www.linkedin.com/in/sri-vaishnavi-95023630a
GEETIKAA MANTRI,Sri Vaishnavi,"12/19/24, 3:55 AM",,INCOMING,https://www.linkedin.com/in/geetikaa-mantri,https://www.linkedin.com/in/sri-vaishnavi-95023630a
AAYUSH Bisht,Sri Vaishnavi,"12/19/24, 3:52 AM",,INCOMING,https://www.linkedin.com/in/aayush-bisht-1b7648286,https://www.linkedin.com/in/sri-vaishnavi-95023630a
SAMEER SHRINATH,Sri Vaishnavi,"12/19/24, 3:41 AM",,INCOMING,https://www.linkedin.com/in/sameershrinath,https://www.linkedin.com/in/sri-vaishnavi-95023630a
Athar Akram,Sri Vaishnavi,"12/19/24, 3:38 AM",,INCOMING,https://www.linkedin.com/in/xthxr,https://www.linkedin.com/in/sri-vaishnavi-95023630a
Maharishee ambati,Sri Vaishnavi,"12/19/24, 3:26 AM",,INCOMING,https://www.linkedin.com/in/maharishee,https://www.linkedin.com/in/sri-vaishnavi-95023630a
Md Mubashiruddin,Sri Vaishnavi,"12/19/24, 3:23 AM",,INCOMING,https://www.linkedin.com/in/md-mubashiruddin,https://www.linkedin.com/in/sri-vaishnavi-95023630a
Pranay Pandey,Sri Vaishnavi,"12/19/24, 3:22 AM",,INCOMING,https://www.linkedin.com/in/pranay-pandey-14726827b,https://www.linkedin.com/in/sri-vaishnavi-95023630a
Srinivas Bhupati,Sri Vaishnavi,"12/19/24, 3:21 AM",,INCOMING,https://www.linkedin.com/in/srinivasbhupati,https://www.linkedin.com/in/sri-vaishnavi-95023630a
Irfan Mehmud,Sri Vaishnavi,"12/19/24, 3:21 AM",,INCOMING,https://www.linkedin.com/in/irfan-mehmud-7a409b280,https://www.linkedin.com/in/sri-vaishnavi-95023630a
Neha Kasanagottu,Sri Vaishnavi,"12/18/24, 6:46 PM",,INCOMING,https://www.linkedin.com/in/neha-kasanagottu-5b6802272,https://www.linkedin.com/in/sri-vaishnavi-95023630a
Lisa Mandro,Sri Vaishnavi,"12/18/24, 9:37 AM",,INCOMING,https://www.linkedin.com/in/lisamandro,https://www.linkedin.com/in/sri-vaishnavi-95023630a
Shivam Kannaujiya,Sri Vaishnavi,"12/18/24, 7:49 AM",,INCOMING,https://www.linkedin.com/in/shivamkannaujiya,https://www.linkedin.com/in/sri-vaishnavi-95023630a
Pavankumar Guntoju,Sri Vaishnavi,"12/18/24, 7:18 AM",,INCOMING,https://www.linkedin.com/in/pavankumar-guntoju,https://www.linkedin.com/in/sri-vaishnavi-95023630a
Harish Yerra,Sri Vaishnavi,"12/18/24, 6:06 AM",,INCOMING,https://www.linkedin.com/in/harish-yerra-1b255325b,https://www.linkedin.com/in/sri-vaishnavi-95023630a
