Question,Answer
What is your level of proficiency in eng?,Professional
City,
How many years of work experience do you have with JavaScript?,0
Are you comfortable working in a remote setting?,Yes
We must fill this position urgently. Can you start immediately?,Yes
Company,
How many years of work experience do you have with Bootstrap (Framework)?,0
Last name,
Country,
How many years of work experience do you have with React.js?,0
Have you completed the following level of education: Bachelor's Degree?,No
Degree,
Description,
Please submit a resume or LinkedIn profile,1600758601.pdf
Major / Field of study,
How many years of work experience do you have with HTML?,1
How many years of work experience do you have with WordPress?,0
How many years of work experience do you have with Cascading Style Sheets (CSS)?,1
Your title,
How many years of work experience do you have with jQuery?,0
How many years of work experience do you have with TypeScript?,0
Location (city),
State / Province,
First name,
Mobile phone number, +91 6301637249
How many years of work experience do you have with Python (Programming Language)?,1
School,
How many years of work experience do you have with Web Development?,0
How many years of work experience do you have with XML?,0
