Content Title,Content Description,Content Type,Content Last Watched Date (if viewed),Content Completed At (if completed),Content Saved,Notes taken on videos (if taken),
Designing with the Golden Ratio,"Many of the world’s most beautiful things share the same golden ratio (approximately 1.618). This ancient proportion lends order and simplicity to the spirals of sunflower seeds, the Pyramids of Giza, Leonardo da Vinci’s <i>Mona Lisa</i>, and even modern-day digital designs. In this course, instructor Michael Ruocco explains how to apply the golden ratio to your design projects to replace static grid systems and layouts, more easily adapt to a variety of screen sizes, and generally create visuals with more harmonious proportions.<br><br>Michael covers the mathematics and sacred symmetry behind the golden ratio, as well as how to apply its general principles while removing the sterility of a 12-column grid. He delves into how the golden ratio applies to design elements like type, color, and spacing. Along the way, he offers practical examples of how to apply these principles to the creation of posters, home pages, and more.",Course,2025-03-13 04:18 UTC,N/A,false,N/A,
Rock Your LinkedIn Profile (2019),"Explore how to create a LinkedIn profile that brings your personal career story to life, whether you’re just starting out, seeking to advance, or making a career change. Instructor Lauren Jolda—head of the ""Rock Your Profile"" team at LinkedIn—offers tips on tailoring each section, starting with the key insight that a LinkedIn profile is unique and shouldn’t be approached exactly like a resume. Lauren covers ways to add media to a profile, methods for showcasing your career accomplishments and aspirations, and specific examples of profile phrases and language that can help inspire your personal story.",Course,2024-09-17 10:27 UTC,N/A,false,N/A,
Creating Maps with R,"If you need to learn more about creating maps with R, this beginner-friendly course introduces an end-to-end mapping workflow and shows you how to import your data directly from Excel to create both static and interactive maps. Instructor Charlie Joey Hadley explains mapping fundamentals, like geo markers, scatter plots, hexbin maps, cartograms, and more. Charlie walks you through processing GIS data from Excel and working with GIS data formats such as raster, vector, sf, and sp. She demonstrates how to create, label, and transform static maps with ggplot2, then dives into building interactive, mobile-ready maps using Leaflet, an HTML widget package for creating interactive maps with R. Plus, Charlie covers base maps and tiles, projections, the Coordinate Reference System (CRS), and more.",Course,2024-11-26 05:05 UTC,N/A,false,N/A,
Python Practice: Object-Oriented Programming,"<p>Python is a popular programming language that can be used to work with data, build applications, and solve problems, on many types of devices. This code challenge with Scott Simpson, Senior Staff Instructor at LinkedIn Learning, is designed to help you test your knowledge of object-oriented programming in Python. The course includes five code challenges that cover the concepts around object-oriented programming. You can build and test your solutions to these challenges in the built-in interactive coding environment without needing any special software. When you finish each challenge, you can watch solution videos to see how they were solved. Are you ready to try out your Python object-oriented programming skills?</p>
<p>This course includes Code Challenges powered by CoderPad. Code Challenges are interactive coding exercises with real-time feedback, so you can get hands-on coding practice alongside the course content to advance your programming skills.</p>",Course,2025-02-25 15:43 UTC,N/A,false,N/A,
Learning Data Analytics Part 2: Extending and Applying Core Knowledge,"<p>It’s one thing to work with data. It’s another to provide quality data sets and accurate visualizations for decisions to be made. If you are considering a course emphasis or a career in data analytics, this course can help you get off to a good start. Robin Hunt, CEO and co-founder of ThinkData Solutions, shares practical skills to help you get the most from your data and jumpstart your career in data. Robin discusses business rules, filtering out the noise in the data we all deal with, and how to deliver what decision-makers want. She covers how to create data sets with queries, joins, and appends, then goes into building aggregate data with total queries. Robin goes over pivots, how to use pivots to build basic dashboards and visualizations, and how to use Power Query for data transformations. She concludes with best practices for meetings and taking your work to the next level for your organization. </p><p>This course is part of a <a href=""https://www.linkedin.com/learning/paths/career-essentials-in-data-analysis-by-microsoft-and-linkedin"">Professional Certificate</a> from Microsoft.</p>",Course,2024-11-18 15:25 UTC,N/A,false,N/A,
Azure Kubernetes Service (AKS): Deploying Microservices,"As a devops engineer, developer, cloud admin, or system admin, you may need to deploy production AKS clusters and microservices via an orchestrator (AKS). This course has you covered. Instructor Prince Mokut introduces the basics of packaging microservices into images that can be deployed locally as a standalone docker container or in Azure Kubernetes, a cloud-managed orchestrator that helps you manage multiple container resources. Prince guides you through the process of securing access to your Azure Kubernetes Cluster, as well as the microservices in a production environment. He explains how to use CI/CD pipelines to automate deployment, as this helps you manage deployments of several applications. At the end of the course, you will know how to deploy a secure AKS integrated with Azure Application Gateway to securely expose your APIs, as well as how to fully automate deployment processes of container images for your development team.",Course,2025-05-19 08:23 UTC,N/A,false,N/A,
Node.js Essential Training,"Node.js is a powerful tool for controlling servers, building web applications, and creating event-driven programs. And it takes JavaScript—a language familiar to all web developers—out of the browser. With Node.js, you can build applications that run on your laptop or even the cloud.
In this course, learn the essentials of Node.js and start creating your own JavaScript applications. Instructor Eve Porcello covers all of the basics, showing how to install Node.js and work with the Node.js core, which includes standard input, standard output, the module system, the file system, and how to write and run JavaScript on the server. Upon wrapping up this course, you’ll be equipped with fundamental Node.js concepts and techniques that you can put to use in your next project.",Course,2025-05-05 06:21 UTC,N/A,false,N/A,
Java 11+ Essential Training,"If you want to build applications for mobile devices, desktop computers, or the web, you need to know Java. This course provides the foundation for learning how to program with the most recent Long-Term Support (LTS) release, Java SE 11, and more recent versions. David Gassner shows how to install Java and the IntelliJ IDEA Community Edition IDE and start working with variables, data types, and other critical language components. He also helps you control program flow with conditional logic and loops, store data with Java collections, and understand how Java implements object-oriented coding principles such as inheritance.",Course,2024-09-02 14:29 UTC,N/A,false,N/A,
Learning Arduino: Foundations,"Arduino, the family of open-source single-board microcontrollers, can power a variety of complex projects, from robots to wearable tech. That said, the technology is relatively easy to pick up, even for those without an electronics background. In this course, Zara Khalil covers the basic features and capabilities of an Arduino board, equipping beginners with the knowledge they need to start programming their own projects. Zara goes over fundamental concepts, such as how to set up the Arduino board with the Arduino IDE. She also shows how to wire up an LED to your Arduino board and write a program to blink the LED lights. Plus, she goes over pushbuttons, explaining why they are considered inputs to the Arduino board, as well as how to activate an LED with a pushbutton.",Course,2024-12-21 17:19 UTC,N/A,false,N/A,
What Is Generative AI?,"<p>Whether you work in film, marketing, healthcare, automobile, or real-estate, generative AI is changing the way your job is executed, and those who adapt early will reap its benefits sooner. All professions will be affected by generative AI. Its invention can be compared to the invention of photography, a true creative revolution. If you want to be part of the leaders that are advancing this revolution, this course can get you started on your learning journey.</p><p>In this course, generative AI expert Pinar Seyhan Demirdag covers the basics of generative AI, with topics including what it is, how it works, how to create your own content, different types of models, future predictions, and ethical implications.</p><p>This course is part of a <a href=""https://www.linkedin.com/learning/paths/career-essentials-in-generative-ai-by-microsoft-and-linkedin"" target=""_blank"">Professional Certificate</a> from Microsoft.</p>",Course,2025-03-02 04:14 UTC,N/A,false,N/A,
Hands-On Introduction: React,"When you learn a new framework, you sometimes get to start fresh, from scratch, with plenty of time. Other times, though, you need to dive right in and get things done. This hands-on course helps you quickly get up to speed with React—the popular JavaScript library for building user interfaces—by allowing you to change code directly as you follow along. Instructor Ray Villalobos highlights the aspects of React that set it apart from other JavaScript libraries, including how to approach templating and React Hooks. He then details how to build with React and use it in a web project.<br><br>The best way to learn a framework is to use it in practice. That’s why this course is integrated with GitHub Codespaces, an instant cloud developer environment that offers all the functionality of your favorite IDE without the need for any local machine setup. With GitHub Codespaces, you can get hands-on practice from any machine, at any time—all while using a tool that you’ll likely encounter in the workplace. Check out the “Using GitHub Codespaces with this course” video to learn how to get started.",Course,2025-01-03 14:47 UTC,N/A,false,N/A,
Tableau for Data Scientists,"If your work requires any sort of graphical visualization of data, chances are you’ve run into Tableau. If you’ve been using Tableau but want to learn how to really harness its full power for data science, join expert Matt Francis in this course as he shows you how to take your skills to the next level. Matt starts with one of the most important features in Tableau: the difference between the green and blue pills (discrete and continuous data) and how this affects every single action Tableau performs. He then shows how to connect to and combine data from different data sources, how to create different charts to make sense of data, ways to transform your data with calculations, and how to create interactive maps. Finally, Matt details ways to present data effectively and how to make engaging dashboards. Whether you want to learn more about Tableau as a whole, or if you just want to improve your knowledge of a single subject, this course will help up your Tableau game.",Course,2024-09-09 17:58 UTC,N/A,false,N/A,
Java Object-Oriented Programming,"<p>Are you familiar with Java but want to get the most out of your Java programs? In this course, Kathryn Hodge teaches the basics of object-oriented programming in Java, so you can write code that’s secure, scalable, and easier to troubleshoot. Kathryn begins by showing how object-oriented principles are embedded into the Java language from the first code file you create. She looks at how classes, instances, and constructors embody the idea of representing real-life objects in code. Kathryn not only shows how to apply object-oriented principles in your own programs, but also explains how Java leverages these principles behind the scenes. While many resources about object-oriented programming focus on abstract examples, the goal of this course is to get away from the abstract and focus more on practical examples of these principles in Java. Along with deep dives into the source code, this course also provides several challenges and solutions to help you apply what you’ve learned.</p><p>This course is part of a <a href=""https://www.linkedin.com/learning/paths/java-foundations-professional-certificate-by-jetbrains"" target=""_blank"">Professional Certificate</a> from JetBrains.</p>",Course,2024-11-03 05:54 UTC,N/A,false,N/A,
Learning Relational Databases,"Have you ever opened up a database that someone else built and felt a little lost? Or ever thought of designing your own simple database and been unsure of where to start? Or perhaps you need to work with a team of database professionals and don't know how to speak their language? This course can help you overcome these hurdles.<br><br>
Adam Wilbert covers the basics of relational database design, regardless of whether you use Access, FileMaker, Open Office, or SQL Server. Learn how to prevent data anomalies, gather requirements to plan your design, and develop a conceptual data model—translating your ideas into components like tables, relationships, queries, and views. Learn about logical design considerations that can help you construct a database that is easy to maintain. Plus, dive into hands-on challenges to apply what you learn.",Course,2025-01-18 06:23 UTC,N/A,false,N/A,
JavaScript Practice: Object-Oriented Programming,"Unlike class-based programming languages like Java, JavaScript is a prototype-based procedural language. This means it supports functional <em>and</em> object-oriented programming—with less rigid syntax, greater extensibility, and fewer rules. In this hands-on, interactive course, join instructor Emma Bostian to practice performing basic object-oriented programming tasks in JavaScript to boost your technical know-how, prepare for an interview, or land a new role. This course includes Code Challenges powered by CoderPad. Code Challenges are interactive coding exercises with real-time feedback, so you can get hands-on coding practice to advance your coding skills. Emma helps you boost your skills as a JavaScript programmer with five specific, query-focused coding challenges. Practice creating a course roster with functions, a book function with Object.create(), a country with classes, a food ordering class with getters and setters, and a user/admin class with private properties.",Course,2024-08-26 06:48 UTC,N/A,false,N/A,
Advanced  SQL – Window Functions,"<p>Window functions are one of the most radical, fundamental enhancements to modern SQL. They allow access to neighboring rows without using subqueries, thus enabling amazing opportunities for concise, elegant, high-performing solutions.</p><p>This course teaches the foundations and intricacies of window function processing and how to use it to implement practical solutions to everyday challenges. You can learn how to use different constructs and advanced solution techniques and how to utilize the declarative and composable nature of SQL and its processing order. By the end of the course you’ll better understand the fundamental pros and cons of each method.</p>

This course was created by Ami Levin. We are pleased to offer this training in our library.",Course,2025-04-27 18:05 UTC,N/A,false,N/A,
The Practicing Photographer,"<p>In <i>The Practicing Photographer</i>, photographer and teacher Ben Long shares a weekly serving of photographic instruction and inspiration. Each installment focuses on a photographic shooting scenario, a piece of gear, or a software technique. Each one concludes with a call to action designed to inspire you to pick up your camera (or your mouse or smartphone) to try the technique for yourself.</p><p>Note: Because this is an ongoing series, viewers will not receive a certificate of completion.</p>",Course,2025-03-27 02:00 UTC,N/A,false,N/A,
ETL in Python and SQL,"Data is increasing exponentially as the world continues to generate an immense amount. In this course, a data engineer with over 5 years of experience, Jennifer Ebe, will show you how to build systems that gather data from various sources, transform it and store data so you can derive insights from it effectively. We will go over what ETLs are and how you create them. We will learn how to use Python to extract and transform data, we will explore  our data using pandas and SQL. And finally, load data into our target system. You will also get practice scheduling ETL jobs using Python. Each chapter comes with helpful, hands-on challenges to help you practice what you learn.",Course,2024-09-19 02:07 UTC,N/A,false,N/A,
Grammar Girl’s Quick and Dirty Tips for Better Writing,"With easy-to-understand examples, Grammar Girl Mignon Fogarty shares ways you can instantly make your writing better, including using active voice, writing with rhythm, and using commas like a pro. She also dispels a few common grammar myths, gives pointers for breaking up run-on sentences, and much more. Watch just one video or the whole series of these quick tip videos any time you want to improve your writing skills.",Course,2025-01-25 11:25 UTC,N/A,false,N/A,
