Date,Status,FullName
2025-06-06 11:54:12,Active,Abhishek Jha
2025-06-02 17:11:37,Active,Kriti Jaiswal
2025-05-25 09:41:17,Active,Aditya Saini
2025-05-23 13:38:29,Active,Gayatri G
2025-05-19 14:43:50,Active,Shivam Garg
2025-05-08 16:00:40,Active,Karthikeyan A
2025-05-05 06:56:54,Active,Kanav Modi
2025-05-03 13:48:28,Active,Akanksha Buchke
2025-04-30 16:52:11,Active,Sai Sankara Kesava Nath Panda
2025-04-25 05:53:14,Active,Spandhana Pittala
2025-04-17 18:25:20,Unfollow,Yuvika Gupta
2025-04-09 14:38:06,Active,Karan Saxena
2025-04-05 16:41:43,Unfollow,Viraj Patwardhan
2025-03-24 19:02:05,Active,Deepak Poonia
2025-03-17 14:23:23,Active,"Dr. Sindhia Lingaswamy M.E.,Ph.D"
2025-03-09 02:11:31,Active,Yati Vishnoi
2025-03-07 15:25:01,Active,Dr. Parth Goyal
2025-03-07 07:28:15,Active,Anshika Gupta
2025-03-05 08:03:13,Active,Lakshay Jain
2025-03-03 08:44:00,Active,Shikha Gupta (L.I.O.N)
2025-02-24 16:26:38,Active,Dhruva Pai Angle
2025-02-18 13:45:57,Active,Khushali Nagar
2025-02-13 13:28:52,Active,Pratham Jindal
2025-02-12 17:39:04,Active,Manik .
2025-02-12 12:33:51,Active,Urvashi .
2025-02-09 06:29:16,Active,Maria Luisa Engels
2025-02-09 06:29:09,Active,Will McTighe
2025-02-01 15:38:39,Active,Deepak Manglani
2025-01-31 15:54:53,Active,Pratham Jiwanani
2025-01-30 16:59:32,Active,Aadil Latif
2025-01-29 14:41:38,Active,Rudhvik Dharamkar
2025-01-26 03:04:09,Active,Dr.Rahul kumar
2025-01-26 02:55:42,Active,Raj Vikramaditya
2025-01-25 11:38:31,Active,Gourav Sharma
2025-01-20 14:09:02,Active,Richa Arora
2025-01-19 10:23:14,Active,Varchasva Arora
2025-01-17 03:19:21,Active,Epaphra T
2025-01-15 11:28:01,Active,Sai Sree Ram Putta
2025-01-13 10:22:14,Active,Ayush Wadhwa
2025-01-12 06:07:14,Active,Harsa Dash
2025-01-05 04:25:14,Active,Hardik Godha
2025-01-04 15:46:23,Active,Karan Pratap Singh
2025-01-04 12:42:10,Active,Ananya Narang
2025-01-03 14:48:41,Active,Gauri More
2025-01-01 14:08:33,Active,ABHISHEK MANKUSKAR
2025-01-01 14:08:17,Active,Jay Saadana
2025-01-01 06:46:06,Active,Chaitanya Yadav
2024-12-30 14:33:59,Unfollow,John smith  Tammina
2024-12-29 11:54:25,Active,Penumalla Vamsi
2024-12-27 18:44:51,Active,Shruti  Rajput 🌟💛
2024-12-19 13:20:52,Active,Syed Imtiyaz Ali
2024-12-14 08:07:03,Unfollow,Korrapati Jaswanth 🇮🇳
2024-12-13 14:26:22,Active,Sarthak Mittal (CEO)
2024-12-13 07:41:59,Active,Piyush Sharma
2024-12-11 06:05:15,Active,Suresh Bishnoi
2024-12-11 03:02:36,Active,Naveen Rawat
2024-12-09 12:40:45,Unfollow,RUBADHARSINI SARAVANAN
2024-12-07 10:12:12,Active,Priyanshu Raj
2024-12-07 10:09:47,Active,Prashant Dubey
2024-12-04 00:36:30,Active,Paras Jain
2024-12-03 03:00:16,Active,Jia (Audrey) Chen
2024-11-27 00:23:45,Active,"Kumud Deepali Rudraraju, SHRM CP"
2024-11-23 13:21:02,Active,Kunika Malhotra
2024-11-23 10:41:07,Active,KRISHNA NAND MISHRA
2024-11-22 17:04:33,Active,Anushka Jain
2024-11-18 16:54:26,Unfollow,Ankita Tiwary
2024-11-17 11:39:02,Active,Prasanya Shankar
2024-11-15 04:50:58,Active,Sravani Mekala
2024-11-15 04:35:17,Active,Arun M
2024-11-12 15:17:56,Active,Jivan Jamdar
2024-11-10 13:20:59,Active,Anshika Ahuja
2024-11-07 13:17:47,Active,Saumili Roy
2024-11-07 01:39:40,Active,Dinesh Varyani
2024-11-06 16:44:41,Active,Garvit Rajput
2024-10-26 10:44:17,Active,Alina Kulish
2024-10-24 17:48:05,Active,Sanjay Viswanathan ✪
2024-10-23 15:45:08,Unfollow,Abhinav Goel
2024-10-23 02:46:15,Active,Ayushi Sharma
2024-10-21 15:29:45,Active,Quincy Larson
2024-10-02 03:50:22,Active,Shradha Khapra
2024-10-02 03:49:27,Active,Ishan Sharma
2024-09-29 03:08:11,Unfollow,Rahul Jangid
2024-09-09 17:56:12,Active,Satya Nadella
2024-09-09 17:56:07,Active,Bill Gates
