Company Name,Title,Description,Location,Started On,Finished On
Android Club - VIT Bhopal,Open Source Contributor,Contributing to open source projects.,Remote,Jan 2025,
Social Winter of Code (SWOC),Open Source Contributor,,Remote,Dec 2024,
GeeksforGeeks,Campus Ambassador,,Remote,Dec 2024,
GirlScript Summer of Code,Open Source Contributor,"Enhanced a quiz project's dark mode UI, focusing on color contrast for better readability and accessibility. Proposed and initiated an interactive map feature for exploring Krishna Temples across India. Learned open-source contribution processes, including issue tracking and making pull requests.",,Sep 2024,Nov 2024
