Date/Time,Media Description,Media Link
"You uploaded a feed photo on May 3, 2025 at 4:28 PM (GMT)", -,https://media.licdn.com/dms/image/v2/D4D22AQFi34WBTpEUnA/feedshare-shrink_20/B4DZaW.la9HwAw-/0/1746289711680?e=2147483647&v=beta&t=hWBPF6cck2luTkfAIuT60Ca28LoclSwKqdqGEbJrJV8
"You uploaded a feed photo on May 1, 2025 at 4:13 PM (GMT)", -,https://media.licdn.com/dms/image/v2/D4D22AQGtNGyjvlo6Jw/feedshare-shrink_480/B4DZaMn5zDH4AY-/0/1746115993453?e=2147483647&v=beta&t=DSW00JFTHg-x1kjtOn_yyiZ0fyLb14WDNq02C1CA7wU
"You uploaded a document on May 1, 2025 at 1:10 PM (GMT)", -,https://media.licdn.com/dms/image/v2/D4D2DAQF5bIubbcLmzQ/profile-treasury-document-cover-images_1920/B4DZaL.HTyGwBE-/0/1746105039528?e=2147483647&v=beta&t=jHuarweGSaK1oSD0vd6bEOeFzFfAG-a1YHDckQINVEw
"You uploaded a feed photo on April 30, 2025 at 3:52 PM (GMT)", -,https://media.licdn.com/dms/image/v2/D4E22AQG7lM10V1SwPg/feedshare-shrink_800/B4EZaHZiLHHcAo-/0/1746028340819?e=2147483647&v=beta&t=DoBaDi2EhCLqJzppLsC4CvKsB4mjqInSo9pVBl6IMjQ
"You uploaded a feed photo on April 29, 2025 at 6:11 PM (GMT)", -,https://media.licdn.com/dms/image/v2/D4D22AQFPPW47suypBw/feedshare-shrink_1280/B4DZaCvtExGwAo-/0/1745950266364?e=2147483647&v=beta&t=PeuUKzd9YWQHj10XsBbSgLm3JOpoDmpPhB9tZXJeVs8
"You uploaded a feed photo on April 29, 2025 at 6:11 PM (GMT)", -,https://media.licdn.com/dms/image/v2/D4D22AQG82RlNo4YMHg/feedshare-shrink_160/B4DZaCvtEuHwAc-/0/1745950266356?e=2147483647&v=beta&t=o5bp97ltTfaJ8dZfIsBnqxJ4P4TXlaJMj-Sdl2ar60U
"You uploaded a feed photo on April 29, 2025 at 6:11 PM (GMT)", -,https://media.licdn.com/dms/image/v2/D4D22AQFUdlmTupTrFg/feedshare-shrink_160/B4DZaCvtEOGsAc-/0/1745950266330?e=2147483647&v=beta&t=hGUtaloR_v0ruWNNp53CdtC-68zJl0vrw0_Sr76SMYE
"You uploaded a feed photo on April 28, 2025 at 12:12 PM (GMT)", -,https://media.licdn.com/dms/image/v2/D4D22AQEYbXXeyj67UQ/feedshare-shrink_2048_1536/B4DZZ8UClEGcAo-/0/1745842351273?e=2147483647&v=beta&t=NrX_UP7cjQ12nCDpp6srue-9b7-N4cCvN1co9QMcf6I
"You uploaded a feed photo on April 27, 2025 at 7:50 AM (GMT)", -,https://media.licdn.com/dms/image/v2/D4D22AQF6LgMmi9DL-w/feedshare-shrink_2048_1536/B4DZZ2OdjcGsAo-/0/1745740225563?e=2147483647&v=beta&t=yCeCUV6jd6wxkArd_txBazD7nAA-3_EVzLmQ92XRTEk
"You uploaded a feed photo on April 27, 2025 at 7:50 AM (GMT)", -,https://media.licdn.com/dms/image/v2/D4D22AQHJn1S030odrA/feedshare-shrink_1280/B4DZZ2OdjQG0Ak-/0/1745740225527?e=2147483647&v=beta&t=5HftOTgj5LM4Jt_6UcOJ011DaE6yfSlrOtK_us9yyvE
"You uploaded a feed photo on April 27, 2025 at 7:50 AM (GMT)", -,https://media.licdn.com/dms/image/v2/D4D22AQEbzHisxt-5TA/feedshare-shrink_160/B4DZZ2OdjLGwAc-/0/1745740225474?e=2147483647&v=beta&t=eukwzB4egewl7Li9zQlMU2VENV944cinr3mpJwkLxsg
"You uploaded a feed photo on April 26, 2025 at 2:37 PM (GMT)", -,https://media.licdn.com/dms/image/v2/D4D22AQFpnKTgTHaeAg/feedshare-shrink_800/B4DZZyiABvG4Ak-/0/1745678238486?e=2147483647&v=beta&t=S-JnEZFotJSqJz4ZWfxJwEm-Dlf6dLZV_klqDeros70
"You uploaded a feed photo on April 26, 2025 at 2:37 PM (GMT)", -,https://media.licdn.com/dms/image/v2/D4D22AQF2OUDoQEGxtg/feedshare-shrink_800/B4DZZyiABKGsAk-/0/1745678238482?e=2147483647&v=beta&t=6U0QLVBrW_FJDwjs-e6SegbC0-6CQ2_uWxWCELA9fGs
"You uploaded a feed photo on April 26, 2025 at 2:37 PM (GMT)", -,https://media.licdn.com/dms/image/v2/D4D22AQH67GKt-8sVcQ/feedshare-shrink_1280/B4DZZyiAARGwAo-/0/1745678238428?e=2147483647&v=beta&t=6E0wfmIwdXl-zGkAgNeHq3vFmexXsvv9uSX2nf_Bvhg
"You uploaded a feed photo on April 25, 2025 at 6:40 AM (GMT)", -,https://media.licdn.com/dms/image/v2/D4D22AQFQkPcR3RrmZA/feedshare-shrink_1280/B4DZZrrMhIGgAo-/0/1745563398916?e=2147483647&v=beta&t=LiTCpjzjWxNLKRkB2UkPUFO0jVF-kvRdmdrl9fxvwEI
"You uploaded a profile background photo on April 19, 2025 at 6:14 PM (GMT)", -,https://media.licdn.com/dms/image/v2/D4D04AQEiHcB0EP5lZQ/profile-background-servable-original-image/B4DZZPQevAG4AI-/0/1745086443109?e=1755734400&v=beta&t=4PudRZwqMN2ObYYGanO8n5bYumeBZWTTeGAEI-7XIDo
"You uploaded a profile background photo on April 19, 2025 at 6:14 PM (GMT)", -,https://media.licdn.com/dms/image/v2/D4D16AQH1iqxkYtoVmw/profile-displaybackgroundimage-shrink_200_800/B4DZZPQeu2G4AU-/0/1745086443245?e=2147483647&v=beta&t=uWiMvxULJUcO3XhOS1TzEfx9geDdedlf0T4P4kCiato
"You uploaded a feed photo on April 19, 2025 at 6:11 PM (GMT)", -,https://media.licdn.com/dms/image/v2/D4D22AQH9QxTm_m_fug/feedshare-shrink_160/B4DZZPP7ejH4Ac-/0/1745086298901?e=2147483647&v=beta&t=W4ciOvlhmPDQel8DHhsQ2dguAul4AKq-9ZJ5AfHfrFs
"You uploaded a feed photo on April 17, 2025 at 12:55 PM (GMT)", -,https://media.licdn.com/dms/image/v2/D4D22AQHCfXi6EkKWuA/feedshare-shrink_800/B4DZZD0emGHwAk-/0/1744894553209?e=2147483647&v=beta&t=0qfQIP55W1vghgJAhi25LA1fTiO9YEfYGtPPxT6JoOA
"You uploaded a photo on April 17, 2025 at 4:59 AM (GMT)", -,https://media.licdn.com/dms/image/v2/D4D2DAQGxiQt9Dgatag/profile-treasury-image-shrink_8192_8192/B4DZZCHg3eHIAg-/0/1744865989491?e=2147483647&v=beta&t=KJC5Ff9Srq3BbaVrArCebvjQp1_gPKMwMXCRdtBsPRs
"You uploaded a feed photo on April 16, 2025 at 4:26 PM (GMT)", -,https://media.licdn.com/dms/image/v2/D4E22AQFy8zHlUZUmjA/feedshare-shrink_20/B4EZY_bLKXGYAw-/0/1744820811196?e=2147483647&v=beta&t=pr-XR7bM_NngqI9WVnVxgG2gP-wfCqtpE6wrA0vbzo4
"You uploaded a feed photo on April 14, 2025 at 5:06 PM (GMT)", -,https://media.licdn.com/dms/image/v2/D4E22AQE_1R665DDcPQ/feedshare-shrink_160/B4EZY1RJt3HkAk-/0/1744650411668?e=2147483647&v=beta&t=_gK3P3vm9orN0QOcVzOsQTWiu4jj9M8Oi8J-8X_enXU
"You uploaded a feed photo on April 13, 2025 at 4:17 PM (GMT)", -,https://media.licdn.com/dms/image/v2/D4D22AQEOmcL76DRj3Q/feedshare-shrink_20/B4DZYv8Rr6HwA0-/0/1744561053099?e=2147483647&v=beta&t=_KRZh4XIebqYERMQl2ZuWGBQyMoJ14GV5HHtI-Yfce0
"You uploaded a feed photo on April 12, 2025 at 1:58 PM (GMT)", -,https://media.licdn.com/dms/image/v2/D4D22AQFEYI6SQzmqgA/feedshare-shrink_2048_1536/B4DZYqSyCkGkAo-/0/1744466289718?e=2147483647&v=beta&t=ZN6K86tXL8rNbS1KtOS6tACUs4C1OPITk89LYqjdMRI
"You uploaded a feed photo on April 12, 2025 at 1:58 PM (GMT)", -,https://media.licdn.com/dms/image/v2/D4D22AQFwojbL8v-zyg/feedshare-shrink_160/B4DZYqSyCgGkAg-/0/1744466289940?e=2147483647&v=beta&t=KE14k0tgzuHsWazPhxR28ISh4wePj-MCP44YKZeXuFU
"You uploaded a feed photo on April 11, 2025 at 2:45 PM (GMT)", -,https://media.licdn.com/dms/image/v2/D5622AQFrvygNcjx1Bw/feedshare-shrink_480/B56ZYlT8LpGsAs-/0/1744382707135?e=2147483647&v=beta&t=1-F-Z2H13gahxQ3CdpnzfUbWdeAenyEMa06niGEgS2U
"You uploaded a feed photo on April 11, 2025 at 2:45 PM (GMT)", -,https://media.licdn.com/dms/image/v2/D5622AQHceHWLfXScyA/feedshare-shrink_1280/B56ZYlT8LMGUAk-/0/1744382707119?e=2147483647&v=beta&t=3cVLbX9W1iHkY11DWNwzHr5CnLqAJTjJ0_AK8tUxbK4
"You uploaded a feed photo on April 10, 2025 at 4:22 PM (GMT)", -,https://media.licdn.com/dms/image/v2/D4D22AQFm-vqrc0Oo_w/feedshare-shrink_800/B4DZYggrIYG8Ag-/0/1744302162501?e=2147483647&v=beta&t=Us_Nrhtr4zQ1DKRGk5ad5kDmPo12PeAiprZMnOaVl5s
"You uploaded a feed photo on April 10, 2025 at 4:22 PM (GMT)", -,https://media.licdn.com/dms/image/v2/D4D22AQEAqfU_ted-IA/feedshare-shrink_480/B4DZYggrH7G4AY-/0/1744302162062?e=2147483647&v=beta&t=CjY4kiNCGzZLaLk7civOekPizph6XRjYh2J2lhqXRxQ
"You uploaded a feed photo on April 8, 2025 at 2:03 PM (GMT)", -,https://media.licdn.com/dms/image/v2/D4D22AQEXH8i881BtOw/feedshare-shrink_2048_1536/B4DZYVtkuoHIAo-/0/1744120992032?e=2147483647&v=beta&t=TZiv_vsnpgMBaXIMBuKvNPhPVhmDQg8Zx0yE4LEf-9Y
"You uploaded a feed photo on April 8, 2025 at 2:03 PM (GMT)", -,https://media.licdn.com/dms/image/v2/D4D22AQFJlsl3KpJgSQ/feedshare-shrink_2048_1536/B4DZYVtkuRG8Ao-/0/1744120991488?e=2147483647&v=beta&t=MQ3jCCfxPXGgyW0QrbeOBcqcpq97-5tB-GDVvjOlVT8
"You uploaded a feed photo on April 8, 2025 at 2:03 PM (GMT)", -,https://media.licdn.com/dms/image/v2/D4D22AQHqXQmYsEcoYQ/feedshare-shrink_800/B4DZYVtktaHsAg-/0/1744120991266?e=2147483647&v=beta&t=qO60yNLO6HZ7eVMbAZkTYA4K3lLoMa4mFspylQuNy_g
"You uploaded a feed photo on April 8, 2025 at 2:03 PM (GMT)", -,https://media.licdn.com/dms/image/v2/D4D22AQEdVtU5PI5Q-w/feedshare-shrink_480/B4DZYVtkszHIAg-/0/1744120991691?e=2147483647&v=beta&t=fQ-6qhHVQiNkWFTq_QPo3-SHm7yVjorK4ft_m6kUh2s
"You uploaded a feed photo on April 7, 2025 at 4:41 PM (GMT)", -,https://media.licdn.com/dms/image/v2/D4D22AQHH0Ve8uq8kCw/feedshare-shrink_1280/B4DZYRINSiHwAo-/0/1744044087115?e=2147483647&v=beta&t=z4mYpigSDQKn7Gq1PlLLPBGCBplRSwDB0S2C_y2mmB0
"You uploaded a feed photo on April 7, 2025 at 4:41 PM (GMT)", -,https://media.licdn.com/dms/image/v2/D4D22AQFUqX9dcWsjZw/feedshare-shrink_800/B4DZYRINSdG8A0-/0/1744044087143?e=2147483647&v=beta&t=LLYNDYmSOxrCYinCC7cR8MhcG8gF6K8u1YO8aL9y73c
"You uploaded a feed photo on April 5, 2025 at 11:46 AM (GMT)", -,https://media.licdn.com/dms/image/v2/D4D22AQHVOveXb_bC1g/feedshare-shrink_1280/B4DZYFxhI_GwAk-/0/1743853590066?e=2147483647&v=beta&t=ZWK-r6lTB_XKWz_m2hLWF406WDxkVC1TU1LWP7ovPj0
"You uploaded a feed photo on April 5, 2025 at 11:46 AM (GMT)", -,https://media.licdn.com/dms/image/v2/D4D22AQH5QCkpf5JS9A/feedshare-shrink_160/B4DZYFxhI1G8Ac-/0/1743853589820?e=2147483647&v=beta&t=WJzn5yIyhML7suy8VZ7jv9ddxFNjvMHYvWNW3LCTfRM
"You uploaded a feed photo on April 4, 2025 at 10:26 AM (GMT)", -,https://media.licdn.com/dms/image/v2/D4D22AQFFCayLvIkNHQ/feedshare-shrink_2048_1536/B4DZYAVr.cG8Ao-/0/1743762410672?e=2147483647&v=beta&t=3lMH38K4nkl68hNRElpHXEZGj_GMvmPrapRK0wCE_Bs
"You uploaded a feed photo on April 4, 2025 at 10:26 AM (GMT)", -,https://media.licdn.com/dms/image/v2/D4D22AQHc1SMMj4CkBA/feedshare-shrink_20/B4DZYAVr.CHwA0-/0/1743762409978?e=2147483647&v=beta&t=SUGi6Mi0YexNYfYHMMn3WmMVwY-jbmfqN6jkLAzctKI
"You uploaded a feed photo on April 3, 2025 at 6:14 AM (GMT)", -,https://media.licdn.com/dms/image/v2/D4D22AQFDgOx_rCtAgQ/feedshare-shrink_160/B4DZX6SV48H4Ac-/0/1743660868294?e=2147483647&v=beta&t=Nm7rvdFKOXA_BOQ_EXjsk4YCEqDzdYonlkRpn_woj-8
"You uploaded a feed photo on April 3, 2025 at 6:14 AM (GMT)", -,https://media.licdn.com/dms/image/v2/D4D22AQEMWZl1ZwkCgA/feedshare-shrink_1280/B4DZX6SV4uGkAk-/0/1743660868033?e=2147483647&v=beta&t=IhBez70Rl5xv0VU3cf_gFBAf8pnq5aT9hynvXEKlGWc
"You uploaded a feed photo on April 2, 2025 at 9:36 AM (GMT)", -,https://media.licdn.com/dms/image/v2/D4D22AQGl16pRlGJ-tg/feedshare-shrink_1280/B4DZX129omHsA0-/0/1743586582449?e=2147483647&v=beta&t=EGH1qqgnSKfVkNFXwVm9d0wXdfVA6AB3QYJwiBMujFI
"You uploaded a feed photo on April 2, 2025 at 9:36 AM (GMT)", -,https://media.licdn.com/dms/image/v2/D4D22AQG_tO45gjyJxQ/feedshare-shrink_800/B4DZX129ogH4Ao-/0/1743586582019?e=2147483647&v=beta&t=xY88e4iZBqQtFhjmCDr5O6NMsiWYJSLy1ZKvAOQbUHM
"You uploaded a feed photo on April 2, 2025 at 9:27 AM (GMT)", -,https://media.licdn.com/dms/image/v2/D4D22AQHML68nCl5O2w/feedshare-shrink_2048_1536/B4DZX1023lH4Ao-/0/1743586029701?e=2147483647&v=beta&t=c72XvEfurQPf9xxY2KfHnqbmdXC6N878wiyt_Ka3zO4
"You uploaded a feed photo on April 1, 2025 at 9:37 AM (GMT)", -,https://media.licdn.com/dms/image/v2/D4D22AQFnDPyA_64CVw/feedshare-shrink_800/B4DZXwts4DH4Ag-/0/1743500269109?e=2147483647&v=beta&t=T1tIKQTpvQMoatZrsOXhP3fNr60iE8Qwu9mKR6SZZ9w
"You uploaded a feed photo on April 1, 2025 at 9:37 AM (GMT)", -,https://media.licdn.com/dms/image/v2/D4D22AQF5Z1OJfqPldQ/feedshare-shrink_1280/B4DZXwts4BG4Ao-/0/1743500269075?e=2147483647&v=beta&t=3dYHmqbfQU_pI_3PiVZBgft2-teQZj4lUrbK5OP0WUQ
"You uploaded a feed photo on March 30, 2025 at 4:00 PM (GMT)", -,https://media.licdn.com/dms/image/v2/D4D22AQFa2_G3MDbuvw/feedshare-shrink_160/B4DZXnyLK2HAAc-/0/1743350445484?e=2147483647&v=beta&t=3NxBmwtx1FoHlJlDGlvGEf2J7Jc5ma69CGyt-xkByy4
"You uploaded a feed photo on March 30, 2025 at 4:00 PM (GMT)", -,https://media.licdn.com/dms/image/v2/D4D22AQEPCmK-Sd5FKg/feedshare-shrink_800/B4DZXnyLKvHIAk-/0/1743350445439?e=2147483647&v=beta&t=rjG3bMu_6kwz6kQI2dndkapXiDEbFV_SSZx-m9lGqzE
"You uploaded a feed photo on March 29, 2025 at 9:42 AM (GMT)", -,https://media.licdn.com/dms/image/v2/D4D22AQH3dolsD-YJYw/feedshare-shrink_800/B4DZXhR68uHAAg-/0/1743241327540?e=2147483647&v=beta&t=ugW9zc9Uxcgv4r0L7qnFAWn35zt1WB4yXc0ZVQHQiTE
"You uploaded a feed photo on March 29, 2025 at 9:42 AM (GMT)", -,https://media.licdn.com/dms/image/v2/D4D22AQHFCTjNfKk_1A/feedshare-shrink_2048_1536/B4DZXhR68sHAAo-/0/1743241327446?e=2147483647&v=beta&t=_oCRyN7yw4MSKQyyL5V4qEaAxt3O1RVzaKqTNjta5ZE
"You uploaded a feed photo on March 29, 2025 at 9:42 AM (GMT)", -,https://media.licdn.com/dms/image/v2/D4D22AQGuJgi_3NpQKA/feedshare-shrink_1280/B4DZXhR673HAAk-/0/1743241327814?e=2147483647&v=beta&t=VRWlPWvn8oZu80oKVr0FzHDGFS26xtvcKGQx0iLsFuU
"You uploaded a feed photo on March 28, 2025 at 2:14 PM (GMT)", -,https://media.licdn.com/dms/image/v2/D4D22AQG7j1E6tg9rPA/feedshare-shrink_2048_1536/B4DZXdGwwnHsAo-/0/1743171292982?e=2147483647&v=beta&t=ME8HMN0CYR5ngJIZhRigqX_EKilZFjppF2j2wRtDQ8k
"You uploaded a feed photo on March 28, 2025 at 2:14 PM (GMT)", -,https://media.licdn.com/dms/image/v2/D4D22AQGl-oIjnW3AVg/feedshare-shrink_160/B4DZXdGwwCG4Ac-/0/1743171292912?e=2147483647&v=beta&t=8m66cniIZ3ixITXyi5DcSBYJ92EkA68fHsHTbzy54IQ
"You uploaded a feed photo on March 27, 2025 at 1:57 PM (GMT)", -,https://media.licdn.com/dms/image/v2/D4D22AQGWoi0uRJ3NtA/feedshare-shrink_2048_1536/B4DZXX5NqsHwAo-/0/1743083855359?e=2147483647&v=beta&t=ZZYfKGk-iY46rwwWhy97eHwx2Qu3QlTEh531eLeCSpA
"You uploaded a feed photo on March 27, 2025 at 1:57 PM (GMT)", -,https://media.licdn.com/dms/image/v2/D4D22AQGATf8HwVx7qw/feedshare-shrink_2048_1536/B4DZXX5NqmHIAs-/0/1743083855307?e=2147483647&v=beta&t=mVwo42xSPK9_otBgnkS25Agg1OydjNacO-cn3ttVl14
"You uploaded a feed photo on March 26, 2025 at 1:49 PM (GMT)", -,https://media.licdn.com/dms/image/v2/D4D22AQGZxdo38RvrKA/feedshare-shrink_480/B4DZXStsurG8Ac-/0/1742996952153?e=2147483647&v=beta&t=Xl9spT8ZE3RSyWzOXCgdeoGW20MFjBGTaOtoxlM-PV0
"You uploaded a feed photo on March 26, 2025 at 1:49 PM (GMT)", -,https://media.licdn.com/dms/image/v2/D4D22AQFaZVpzwJb06w/feedshare-shrink_800/B4DZXStspaHkAk-/0/1742996950346?e=2147483647&v=beta&t=Erf7iux15JEhWI-QrQ5hWArNU-vdF_wrVoouY3SrbW4
"You uploaded a feed photo on March 25, 2025 at 4:40 PM (GMT)", -,https://media.licdn.com/dms/image/v2/D4D22AQHYDXGU4cQuqw/feedshare-shrink_160/B4DZXOLS2jHAAo-/0/1742920828159?e=2147483647&v=beta&t=hU9qOteFtBLFnuo7xNRyvaS8X-rMd5VzyoUlnvSqY7U
"You uploaded a feed photo on March 25, 2025 at 4:40 PM (GMT)", -,https://media.licdn.com/dms/image/v2/D4D22AQH-oVX7_R0kKg/feedshare-shrink_160/B4DZXOLSx5HAAg-/0/1742920827873?e=2147483647&v=beta&t=Kf3vjlDBEOWXWmRh1t51t7ZB2BrVicHL9dP6OjG9h1E
"You uploaded a feed photo on March 25, 2025 at 4:40 PM (GMT)", -,https://media.licdn.com/dms/image/v2/D4D22AQG2npjQJbcwPA/feedshare-shrink_480/B4DZXOLSxHHwAY-/0/1742920825822?e=2147483647&v=beta&t=BHCXcv-p0F16UtVheNmBwylkxrLai02TRthlk9bYiCg
"You uploaded a feed photo on March 24, 2025 at 5:08 PM (GMT)", -,https://media.licdn.com/dms/image/v2/D4D22AQHwz6xl_3NgjQ/feedshare-shrink_160/B4DZXJIDDdHwAc-/0/1742836094448?e=2147483647&v=beta&t=LTe-wLNNTFvwHGmf7DnXS49N-EDlJ3ytWkCHuCP7F0g
"You uploaded a feed photo on March 24, 2025 at 5:08 PM (GMT)", -,https://media.licdn.com/dms/image/v2/D4D22AQFGUM75VT8VQg/feedshare-shrink_1280/B4DZXJIC5OHAAo-/0/1742836098362?e=2147483647&v=beta&t=YQLwhYzqfz4SvGtPLxCujlvfG7f0SJQVRjN6hBM3YIw
"You uploaded a feed photo on March 24, 2025 at 5:08 PM (GMT)", -,https://media.licdn.com/dms/image/v2/D4D22AQHWad5wfi-KwQ/feedshare-shrink_800/B4DZXJIC3hGkAg-/0/1742836094634?e=2147483647&v=beta&t=v-7K6g1y-KPIrWsrPCCRBa9ofQp1P3_X42cgTMrtZ6Y
"You uploaded a feed photo on March 23, 2025 at 6:51 AM (GMT)", -,https://media.licdn.com/dms/image/v2/D4D22AQHZ2OXMZE8sAA/feedshare-shrink_2048_1536/B4DZXBxY3gHwAo-/0/1742712707798?e=2147483647&v=beta&t=19cYAQk4bC-OpyOMfuSowPxJKLkUyQ7_CpYGtruQQ5A
"You uploaded a feed photo on March 23, 2025 at 6:51 AM (GMT)", -,https://media.licdn.com/dms/image/v2/D4D22AQE0ZvCAwWJOpQ/feedshare-shrink_2048_1536/B4DZXBxY3FHYAo-/0/1742712707719?e=2147483647&v=beta&t=Iyz0YHGJ0mGBafeMeZBRQ7Lh3pagF3Cy2T807hsHDL8
"You uploaded a feed photo on March 23, 2025 at 6:51 AM (GMT)", -,https://media.licdn.com/dms/image/v2/D4D22AQG1vhiY9ydc6A/feedshare-shrink_160/B4DZXBxY3CHkAc-/0/1742712707284?e=2147483647&v=beta&t=u1qWWf0x6qLWnWjAr4BS3R3Jbczwbjm0N4UtBLzWQB8
"You uploaded a feed photo on March 23, 2025 at 4:39 AM (GMT)", -,https://media.licdn.com/dms/image/v2/D4D22AQEJJJc1uKWNrg/feedshare-shrink_160/B4DZXBTClgHkAc-/0/1742704749772?e=2147483647&v=beta&t=lHmFuSIPHrUCmhY1C1b02Qcim22ni5d3lGy3FpJ64as
"You uploaded a feed photo on March 23, 2025 at 4:39 AM (GMT)", -,https://media.licdn.com/dms/image/v2/D4D22AQHxrUWyNq293A/feedshare-shrink_20/B4DZXBTClfHwAw-/0/1742704749809?e=2147483647&v=beta&t=6bO5PKhSGcLe-rUMnhCERWMlzb0nCqMvIcaYutG2Bk8
"You uploaded a feed photo on March 21, 2025 at 6:12 PM (GMT)", -,https://media.licdn.com/dms/image/v2/D4D22AQEv6lt3UhVdSQ/feedshare-shrink_20/B4DZW55_pjHkAw-/0/1742580761221?e=2147483647&v=beta&t=Fdaz6jaiF9tskxhx4-esjq-AQ3HAM0gdB1jwAaIc9Nk
"You uploaded a feed photo on March 21, 2025 at 6:12 PM (GMT)", -,https://media.licdn.com/dms/image/v2/D4D22AQFdEwXFeNb35A/feedshare-shrink_480/B4DZW55_nGHAAY-/0/1742580761098?e=2147483647&v=beta&t=frQypzaC4Ebuf1iMmM5DeZxZCMswiCAuZvBQxKpFvX8
"You uploaded a feed photo on March 20, 2025 at 5:22 PM (GMT)", -,https://media.licdn.com/dms/image/v2/D4D22AQHUoQnOE5IPJg/feedshare-shrink_1280/B4DZW0k.xlGcAk-/0/1742491365427?e=2147483647&v=beta&t=zUH5OkwVe1ko33Et-ExCEmyV-SAqSv16gqrmXtZdcKE
"You uploaded a feed photo on March 20, 2025 at 5:22 PM (GMT)", -,https://media.licdn.com/dms/image/v2/D4D22AQFgAEvNpS2f8Q/feedshare-shrink_800/B4DZW0k.tqHYBI-/0/1742491358268?e=2147483647&v=beta&t=vr5HqtkCALuBiRgsDG07sEccy0eF07DH2XTAUXaW5_M
"You uploaded a feed photo on March 17, 2025 at 5:39 PM (GMT)", -,https://media.licdn.com/dms/image/v2/D4D22AQHsI24aFOMTcA/feedshare-shrink_160/B4DZWlMIcjHkAk-/0/1742233176647?e=2147483647&v=beta&t=hpFssrD9pmxNApVA_d3J4dzTr8Pss8WOFl_TWvsMrBk
"You uploaded a feed photo on March 17, 2025 at 5:39 PM (GMT)", -,https://media.licdn.com/dms/image/v2/D4D22AQGF5y7PquCQow/feedshare-shrink_20/B4DZWlMIbvHAAw-/0/1742233176504?e=2147483647&v=beta&t=GKNRIMdE0bM6_n0ywbyrB5u_WDe9jchxLdLGEnXlonk
"You uploaded a feed photo on March 16, 2025 at 6:16 PM (GMT)", -,https://media.licdn.com/dms/image/v2/D4D22AQGvfhYKJvBkVQ/feedshare-shrink_160/B4DZWgK619HIAc-/0/1742148973183?e=2147483647&v=beta&t=jTvt_s2w58vd2LI358H6KsB1ZR2WH32i8AxU_V1_iMQ
"You uploaded a feed photo on March 16, 2025 at 6:16 PM (GMT)", -,https://media.licdn.com/dms/image/v2/D4D22AQFTdOo3s2drYg/feedshare-shrink_1280/B4DZWgK605HAAk-/0/1742148972677?e=2147483647&v=beta&t=efufoRr1yk6BmyC1QgLNR7tVwqtdA3CTLk_QUasu-ps
"You uploaded a feed photo on March 12, 2025 at 2:11 PM (GMT)", -,https://media.licdn.com/dms/image/v2/D4D22AQHMuhvKqH9bdA/feedshare-shrink_20/B4DZWKsmBoHkA0-/0/1741788701773?e=2147483647&v=beta&t=FumsW7cht8BR4_dd_xdkuJ_VrYf_JIb4P6DDNxpVmL0
"You uploaded a feed photo on March 12, 2025 at 2:11 PM (GMT)", -,https://media.licdn.com/dms/image/v2/D4D22AQGzoWAwHnJl7w/feedshare-shrink_800/B4DZWKsmBkGkAg-/0/1741788701563?e=2147483647&v=beta&t=wnPGrFRo0M7IyhdGmrzyp4vNjWnT2rquDlg3w24bA64
"You uploaded a feed photo on March 11, 2025 at 1:38 PM (GMT)", -,https://media.licdn.com/dms/image/v2/D4D22AQHmwPdU0IQTFQ/feedshare-shrink_2048_1536/B4DZWFbXbdGkAs-/0/1741700299604?e=2147483647&v=beta&t=pakF9tCWImevGdLmh_E8WKcnaqLzmZdFOkRJmBm9IE0
"You uploaded a feed photo on March 11, 2025 at 1:38 PM (GMT)", -,https://media.licdn.com/dms/image/v2/D4D22AQFQuD2veNcUYA/feedshare-shrink_480/B4DZWFbXbLG8AY-/0/1741700299499?e=2147483647&v=beta&t=H3H4v6wYzUIz8FJ2quTya03IV1nYejB7oCPxIxfdOGk
"You uploaded a feed photo on March 10, 2025 at 3:39 PM (GMT)", -,https://media.licdn.com/dms/image/v2/D4D22AQE7M_TnnYfpNQ/feedshare-shrink_1280/B4DZWAtjr9G8As-/0/1741621181946?e=2147483647&v=beta&t=HgTlhHQL-45MOA7yeI1uuoTGhCVPk9CqDEf6SCHi9A0
"You uploaded a feed photo on March 10, 2025 at 3:39 PM (GMT)", -,https://media.licdn.com/dms/image/v2/D4D22AQGmvApEAd4iKg/feedshare-shrink_160/B4DZWAtjr7HYAc-/0/1741621181912?e=2147483647&v=beta&t=dLDnPCroT4vbOfcDgn-6b8h9bKTuPd0bd-2dWzEy8sU
"You uploaded a feed photo on March 10, 2025 at 3:39 PM (GMT)", -,https://media.licdn.com/dms/image/v2/D4D22AQGkpBhMp_HNLg/feedshare-shrink_2048_1536/B4DZWAtjrsHkAw-/0/1741621181914?e=2147483647&v=beta&t=lQTXQPyUCqFTwiMUDC6n0KnMvKcHqVFjk_jGydE5I2Y
"You uploaded a feed photo on March 9, 2025 at 12:03 PM (GMT)", -,https://media.licdn.com/dms/image/v2/D4D22AQGABMMFZr7Fkw/feedshare-shrink_2048_1536/B4DZV6yh3gHAAo-/0/1741521822167?e=2147483647&v=beta&t=yX0nIbFE3iwof728N8nSJsYR-VEgcyJ4lzZBLNK7Llk
"You uploaded a feed photo on March 9, 2025 at 12:03 PM (GMT)", -,https://media.licdn.com/dms/image/v2/D4D22AQHz-BmnuzieKQ/feedshare-shrink_480/B4DZV6yh3MHkAY-/0/1741521821816?e=2147483647&v=beta&t=fTBq1ERVLWbGDeCjIJmGRLi-MyYKoXLC19NBRsak-mc
"You uploaded a feed photo on March 9, 2025 at 12:03 PM (GMT)", -,https://media.licdn.com/dms/image/v2/D4D22AQEojPTQ6OXAQg/feedshare-shrink_800/B4DZV6yh3BG4Ak-/0/1741521821647?e=2147483647&v=beta&t=5orurqm33AZEI1826KOkqjfJt6tz7kW9LEhO4O5xIFM
"You uploaded a photo on March 9, 2025 at 11:45 AM (GMT)", -,https://media.licdn.com/dms/image/v2/D4D2DAQFDpCpTgm8syQ/profile-treasury-image-shrink_8192_8192/B4DZV6ubAWGcAg-/0/1741520745634?e=2147483647&v=beta&t=Kx2UEJUbnSU4YPIz6mCS5Rijs9xhOZRqm9Wjv9Ugbto
"You uploaded a feed photo on March 9, 2025 at 5:57 AM (GMT)", -,https://media.licdn.com/dms/image/v2/D4D22AQF2MCjxVyuT0w/feedshare-shrink_160/B4DZV5eyKOHYAc-/0/1741499868513?e=2147483647&v=beta&t=Vt9v9QIB6tn1qHsHmOUw1qvdT0QccchONJK33JN9hME
"You uploaded a feed photo on March 9, 2025 at 5:57 AM (GMT)", -,https://media.licdn.com/dms/image/v2/D4D22AQGtSqBNF59LbA/feedshare-shrink_800/B4DZV5eyKIHkAk-/0/1741499868681?e=2147483647&v=beta&t=rZz_r-R98obPf4uYZvyNdqGc_iyl-aMLYRkxHWilYRA
"You uploaded a feed photo on March 8, 2025 at 4:16 PM (GMT)", -,https://media.licdn.com/dms/image/v2/D4D22AQG_te3Eh4YExA/feedshare-shrink_160/B4DZV2ix26HIAc-/0/1741450584240?e=2147483647&v=beta&t=a-G74esMp69GYEnWns_1vj4MZ2ftk1_zYHBUoqFix-o
"You uploaded a feed photo on March 8, 2025 at 4:16 PM (GMT)", -,https://media.licdn.com/dms/image/v2/D4D22AQFNuaqvAJz3UA/feedshare-shrink_160/B4DZV2ix2zG4Ac-/0/1741450584278?e=2147483647&v=beta&t=QNRSsEk8tQ5OHvTHbtiTgOFwWFAkXx2M95HU7Dn-8Kc
"You uploaded a feed photo on March 8, 2025 at 4:16 PM (GMT)", -,https://media.licdn.com/dms/image/v2/D4D22AQGXfuyvsr0V8w/feedshare-shrink_800/B4DZV2ix2zGkAg-/0/1741450584224?e=2147483647&v=beta&t=zmcS3Rhr5EYAeswXcLP9KL8KhWvTgnkYg7v6c6o9UCo
"You uploaded a feed photo on March 7, 2025 at 2:37 PM (GMT)", -,https://media.licdn.com/dms/image/v2/D4D22AQHG1AruKpX4WA/feedshare-shrink_1280/B4DZVxCkUbHAAk-/0/1741358254088?e=2147483647&v=beta&t=j1GrfCm1O1KPzHgCdo0A9upZSw4WRTwhh4T9_pQrDiE
"You uploaded a feed photo on March 7, 2025 at 2:37 PM (GMT)", -,https://media.licdn.com/dms/image/v2/D4D22AQE1gJ25JqO2jA/feedshare-shrink_800/B4DZVxCkUWHAAk-/0/1741358254039?e=2147483647&v=beta&t=K3z1MZ2jBwz14okPDAtzMiduEFx0OfErIJ_lIowQ1wY
"You uploaded a feed photo on March 6, 2025 at 4:47 PM (GMT)", -,https://media.licdn.com/dms/image/v2/D5622AQHubwo0O3HLKg/feedshare-shrink_2048_1536/B56ZVsWoVQGUAo-/0/1741279627409?e=2147483647&v=beta&t=c6d_ilExsbXtA4ksOVHnVkQiUv1eDj58qfeWNXVGu9s
"You uploaded a feed photo on March 6, 2025 at 4:47 PM (GMT)", -,https://media.licdn.com/dms/image/v2/D5622AQGYy6fzF-FMUg/feedshare-shrink_2048_1536/B56ZVsWoUpHsAw-/0/1741279627357?e=2147483647&v=beta&t=2pcNeErqJOGyC25G-kylAxvslINV4dy3jIiNkZqY4I8
"You uploaded a feed photo on March 5, 2025 at 4:26 PM (GMT)", -,https://media.licdn.com/dms/image/v2/D4D22AQEwhUKNbMxNpQ/feedshare-shrink_160/B4DZVnISvzHwAk-/0/1741191983421?e=2147483647&v=beta&t=VGTMEzJrbxqK5Xjd5IZi4K2SxZMP4Ao_DThpAil1wgA
"You uploaded a feed photo on March 5, 2025 at 4:26 PM (GMT)", -,https://media.licdn.com/dms/image/v2/D4D22AQGezbs39ianQg/feedshare-shrink_1280/B4DZVnISvJHwAw-/0/1741191982643?e=2147483647&v=beta&t=zs00r5VPiHdFImgJF6Hf4xFkaZXnm0rkK2d2gghwXTI
"You uploaded a feed photo on March 4, 2025 at 4:08 PM (GMT)", -,https://media.licdn.com/dms/image/v2/D4D22AQFJbHMgbA425w/feedshare-shrink_2048_1536/B4DZVh6llDG4As-/0/1741104504021?e=2147483647&v=beta&t=vYYuQEMQ0SykSphT0Jtv-7vlhsATQMrdjardkLHBIY8
"You uploaded a feed photo on March 4, 2025 at 4:08 PM (GMT)", -,https://media.licdn.com/dms/image/v2/D4D22AQHS8IchoZIw0w/feedshare-shrink_1280/B4DZVh6lk8G8Ak-/0/1741104503984?e=2147483647&v=beta&t=bWwlMRm4RRBd40P0bf7j_I_0cEy0ZM7suP6yWpPDHNU
"You uploaded a feed photo on March 2, 2025 at 5:23 PM (GMT)", -,https://media.licdn.com/dms/image/v2/D4D22AQFxY8d2BIEuSQ/feedshare-shrink_20/B4DZVX4kG3HYAw-/0/1740936216827?e=2147483647&v=beta&t=JFCFKRIMkBKJOcN54sAXlUhwtMmq9lKUBU0vreY-Obs
"You uploaded a feed photo on March 2, 2025 at 5:23 PM (GMT)", -,https://media.licdn.com/dms/image/v2/D4D22AQHTAcPPY0GHEw/feedshare-shrink_2048_1536/B4DZVX4kGlHAAo-/0/1740936204830?e=2147483647&v=beta&t=mC1pmCsdq13SzfmldD-XGAaJSwNTtFrXuQNwSbs7SNk
"You uploaded a feed photo on March 2, 2025 at 5:23 PM (GMT)", -,https://media.licdn.com/dms/image/v2/D4D22AQGqcSLZFh6TIQ/feedshare-shrink_2048_1536/B4DZVX4kFbHAAo-/0/1740936214313?e=2147483647&v=beta&t=bVJOaOaKngF2071wHhaiG7shV3JbsBJRl_OXazpRJa4
"You uploaded a feed photo on March 2, 2025 at 2:39 PM (GMT)", -,https://media.licdn.com/dms/image/v2/D4D22AQHZ30R4Q6oE4w/feedshare-shrink_2048_1536/B4DZVXS81UHwAo-/0/1740926341925?e=2147483647&v=beta&t=xLvjaRTAANB1DvjHI-ojnpIQkHJaa6SNT5qEr2y4KIs
"You uploaded a feed photo on March 2, 2025 at 2:39 PM (GMT)", -,https://media.licdn.com/dms/image/v2/D4D22AQE35ykgVSqWZQ/feedshare-shrink_160/B4DZVXS81CHAAc-/0/1740926341012?e=2147483647&v=beta&t=d5ZG_E4n5tg5tIfjFw80d3kMIvMOHiAZPQYFSrQzHKE
"You uploaded a feed photo on March 2, 2025 at 2:39 PM (GMT)", -,https://media.licdn.com/dms/image/v2/D4D22AQG9QaaNiT0LGw/feedshare-shrink_1280/B4DZVXS80vGkAo-/0/1740926342443?e=2147483647&v=beta&t=LfD-mVChYCrWHvVscQBJNZBpSOESDngjfG1aFqT5b9o
"You uploaded a feed photo on February 28, 2025 at 3:26 PM (GMT)", -,https://media.licdn.com/dms/image/v2/D4E22AQHknBkvTaQqHQ/feedshare-shrink_800/B4EZVNKsX9G0Ak-/0/1740756405557?e=2147483647&v=beta&t=0_7x-seMC2iYfm287tMnAZ1bRrMknPz_uvFfiM8OViw
"You uploaded a feed photo on February 28, 2025 at 3:26 PM (GMT)", -,https://media.licdn.com/dms/image/v2/D4E22AQGspmC0iJ5B_A/feedshare-shrink_1280/B4EZVNKsXUHMAo-/0/1740756405511?e=2147483647&v=beta&t=tilqckihWlqaZGpE87qGxCdJqMxtpfIj_KFk1BysPP8
"You uploaded a feed photo on February 27, 2025 at 2:43 PM (GMT)", -,https://media.licdn.com/dms/image/v2/D4D22AQF4LEq2UZhSoQ/feedshare-shrink_800/B4DZVH3MemHAAg-/0/1740667407189?e=2147483647&v=beta&t=hKCo7Q3sHE1WHMzdGqpnyqv91wpPIfG4zWn9gdhurm4
"You uploaded a feed photo on February 27, 2025 at 2:43 PM (GMT)", -,https://media.licdn.com/dms/image/v2/D4D22AQEokd4o2JGw3A/feedshare-shrink_480/B4DZVH3MecHAAc-/0/1740667407124?e=2147483647&v=beta&t=OG_-vaIOmi72gvizwzkAi96Zx9_b17l_Yr2A-iQhBk8
"You uploaded a feed photo on February 25, 2025 at 4:30 PM (GMT)", -,https://media.licdn.com/dms/image/v2/D4E22AQGKsEApLI-e5w/feedshare-shrink_2048_1536/B4EZU98dhKG0Ao-/0/1740501018930?e=2147483647&v=beta&t=2jR30FuGxlyeL_hnX_syXDJUOy0kwHpSrE4t_85TpB0
"You uploaded a feed photo on February 25, 2025 at 4:30 PM (GMT)", -,https://media.licdn.com/dms/image/v2/D4E22AQHnoXK7yZtw9A/feedshare-shrink_20/B4EZU98dhAHcAs-/0/1740501018399?e=2147483647&v=beta&t=DXFzmvzAiWOGQ_S1fnGrjgeeVx3mvaSVHEDlMLrSKPs
"You uploaded a feed photo on February 24, 2025 at 3:18 PM (GMT)", -,https://media.licdn.com/dms/image/v2/D4D22AQFwQdRjySzbuA/feedshare-shrink_20/B4DZU4iZ3XHwAw-/0/1740410300804?e=2147483647&v=beta&t=-VKvDLt05zKDUnnrL8waqruJMoBFpMEbwifmcq0SlYI
"You uploaded a feed photo on February 24, 2025 at 3:18 PM (GMT)", -,https://media.licdn.com/dms/image/v2/D4D22AQF2zsFhEdZAAQ/feedshare-shrink_1280/B4DZU4iZ3KHYAo-/0/1740410300833?e=2147483647&v=beta&t=Pidw_DHtcuZBXG9wuWZvXU-sIxFO0H1DDDtSH26sDig
"You uploaded a feed photo on February 23, 2025 at 1:40 PM (GMT)", -,https://media.licdn.com/dms/image/v2/D4D22AQHGO0T4rPek2g/feedshare-shrink_480/B4DZUzCZn7HwAY-/0/1740318027397?e=2147483647&v=beta&t=CV_M1sQZSdb4hDBmStda_IIVZwrdVW3qe7WdsNLBvj0
"You uploaded a feed photo on February 23, 2025 at 1:40 PM (GMT)", -,https://media.licdn.com/dms/image/v2/D4D22AQF2z7WGLh7xBw/feedshare-shrink_2048_1536/B4DZUzCZnjGkAo-/0/1740318027359?e=2147483647&v=beta&t=o3jlzDtiLd8i4tLz6GRnPpy3VhWGrW3JUdYzyZlDvhA
"You uploaded a feed photo on February 23, 2025 at 1:40 PM (GMT)", -,https://media.licdn.com/dms/image/v2/D4D22AQGlAPaeHaxG6w/feedshare-shrink_480/B4DZUzCZmrHIAY-/0/1740318027830?e=2147483647&v=beta&t=uW6FRzVF7wF923wOFylffYggTaDMRPaF5Y0EPKODyU8
"You uploaded a feed photo on February 22, 2025 at 8:38 AM (GMT)", -,https://media.licdn.com/dms/image/v2/D4D22AQGHGaToBEIpXw/feedshare-shrink_480/B4DZUsznHuHIAY-/0/1740213482973?e=2147483647&v=beta&t=qnGbVG_gU1PZXJMXWE5KBAUPcLCPFZcrYGqIjGheUa8
"You uploaded a feed photo on February 22, 2025 at 8:38 AM (GMT)", -,https://media.licdn.com/dms/image/v2/D4D22AQEBBKMc88iLew/feedshare-shrink_800/B4DZUsznHRHwAg-/0/1740213482784?e=2147483647&v=beta&t=eqo0woQtS5f_9aAL8mlLZQIpMCGukBG92nL7fF76Y7A
"You uploaded a feed photo on February 22, 2025 at 8:38 AM (GMT)", -,https://media.licdn.com/dms/image/v2/D4D22AQGs6T4xheoXPQ/feedshare-shrink_20/B4DZUsznHNG8As-/0/1740213482451?e=2147483647&v=beta&t=pHkhU7HnoDLoGQZTuv942kAEPZGBWTDNAlSfzSmsTHQ
"You uploaded a feed photo on February 19, 2025 at 4:46 PM (GMT)", -,https://media.licdn.com/dms/image/v2/D4E22AQH_I3ASE6rwNw/feedshare-shrink_2048_1536/B4EZUfGo7xHMAo-/0/1739983590093?e=2147483647&v=beta&t=wbgZ94dVlx1hBGYFHkUOVMGM7nSzetG2dW8CSi-MK1o
"You uploaded a feed photo on February 19, 2025 at 4:46 PM (GMT)", -,https://media.licdn.com/dms/image/v2/D4E22AQHEssO6xOEcAw/feedshare-shrink_1280/B4EZUfGo7tHcAs-/0/1739983589908?e=2147483647&v=beta&t=Lzlcogw7A-ZR1adu2sYRUnudwUBOr_M6glxdCeM9CGs
"You uploaded a feed photo on February 19, 2025 at 4:46 PM (GMT)", -,https://media.licdn.com/dms/image/v2/D4E22AQErp2a_6DGNtg/feedshare-shrink_480/B4EZUfGo68GgAc-/0/1739983589951?e=2147483647&v=beta&t=oNWQMhIW6h32LX_eSt5GINZ05jEgjn2buHUynd0-uE4
"You uploaded a feed photo on February 19, 2025 at 4:46 PM (GMT)", -,https://media.licdn.com/dms/image/v2/D4E22AQEAIn0LveOEDw/feedshare-shrink_800/B4EZUfGo61GgAk-/0/1739983590809?e=2147483647&v=beta&t=pepdC5vDtszJQn-VbjPZFMZ1JIIjn-42JRzOZGkeTj4
"You uploaded a feed photo on February 19, 2025 at 4:46 PM (GMT)", -,https://media.licdn.com/dms/image/v2/D4E22AQFYMvL5PEi_MQ/feedshare-shrink_1280/B4EZUfGo6BHMAo-/0/1739983590732?e=2147483647&v=beta&t=L6aaFH4BXkZ5EwqlPzkH2-gFrRtqxHLXP9X9tt6lQKs
"You uploaded a feed photo on February 18, 2025 at 1:22 PM (GMT)", -,https://media.licdn.com/dms/image/v2/D4D22AQEAC-uzYw9iVw/feedshare-shrink_800/B4DZUZORT_GkAo-/0/1739884927851?e=2147483647&v=beta&t=bJGq3SxHMOj5sgnVuSO8zwP0FqMgp1_-zFr6ulFDC_M
"You uploaded a feed photo on February 18, 2025 at 1:22 PM (GMT)", -,https://media.licdn.com/dms/image/v2/D4D22AQHwGHpMCc6Yew/feedshare-shrink_1280/B4DZUZORTeGkAk-/0/1739884927769?e=2147483647&v=beta&t=EaoWM-PcRVzOLCNZuyLw8wWXYeiCx6UXNsEXLCQPP0o
"You uploaded a feed photo on February 18, 2025 at 11:51 AM (GMT)", -,https://media.licdn.com/dms/image/v2/D4D22AQG8QlJKYSfn8Q/feedshare-shrink_480/B4DZUY5iZrHwA0-/0/1739879502838?e=2147483647&v=beta&t=LoVUxd2VU31B3eca1lYjgxZ8MELkUANMuqYj5kAgT1o
"You uploaded a feed photo on February 18, 2025 at 11:51 AM (GMT)", -,https://media.licdn.com/dms/image/v2/D4D22AQEhnpdZsReNpA/feedshare-shrink_1280/B4DZUY5iZuGcAk-/0/1739879621562?e=2147483647&v=beta&t=xNAetUJyxgbTYp81T72iKrOn6Ch0WkpqKe6tjTzA7nY
"You uploaded a feed photo on February 18, 2025 at 11:51 AM (GMT)", -,https://media.licdn.com/dms/image/v2/D4D22AQFACNSTzmaPhQ/feedshare-shrink_160/B4DZUY5iY.HwAc-/0/1739879497237?e=2147483647&v=beta&t=6nyETwUQnfCIp2-xO2scLQ0BMhgBVBqCokCbiDxdxIQ
"You uploaded a feed photo on February 18, 2025 at 11:51 AM (GMT)", -,https://media.licdn.com/dms/image/v2/D4D22AQGF8PKy-RsFDQ/feedshare-shrink_160/B4DZUY5iWPG4Ag-/0/1739879564443?e=2147483647&v=beta&t=Eujg695t1IKCUXGJOxPB8x9W2kg_vVFNcWMj3X06Gfw
"You uploaded a feed photo on February 17, 2025 at 1:37 PM (GMT)", -,https://media.licdn.com/dms/image/v2/D4D22AQHXbRtmbq1Q0A/feedshare-shrink_160/B4DZUUIOh4HkAc-/0/1739799456554?e=2147483647&v=beta&t=MpSYhpXEXCPhxuS-xJKIPBH9efCqHUUFKrZoBkFnFWU
"You uploaded a feed photo on February 17, 2025 at 1:37 PM (GMT)", -,https://media.licdn.com/dms/image/v2/D4D22AQGQNHV931DE_w/feedshare-shrink_480/B4DZUUIOhOHAAc-/0/1739799457133?e=2147483647&v=beta&t=fC-ntkbjV53R0Zda10zLB-u7aZqfa0BLijjcmOwyyz0
"You uploaded a feed photo on February 16, 2025 at 4:42 PM (GMT)", -,https://media.licdn.com/dms/image/v2/D4D22AQFQrcIv_C1deQ/feedshare-shrink_2048_1536/B4DZUPpEC4GcAo-/0/1739724178259?e=2147483647&v=beta&t=JR6k8Nu7aBJBy1Dm3mWk01Yyv8XHBFWmGWRnt1xq3AE
"You uploaded a feed photo on February 16, 2025 at 4:42 PM (GMT)", -,https://media.licdn.com/dms/image/v2/D4D22AQFPQjaQNYDlkw/feedshare-shrink_20/B4DZUPpECsHAA4-/0/1739724178044?e=2147483647&v=beta&t=QAUXSInV38zHmuJjuzTJAmBi2Lv0NIGe4R9t784VPeo
"You uploaded a feed photo on February 16, 2025 at 4:42 PM (GMT)", -,https://media.licdn.com/dms/image/v2/D4D22AQH7AIc9wcEkQA/feedshare-shrink_160/B4DZUPpEBUHYAg-/0/1739724178208?e=2147483647&v=beta&t=l9W_Wlm7QDo5cxnO_nUhWWADcUocp9riMUeGt_1_Fok
"You uploaded a feed photo on February 16, 2025 at 7:04 AM (GMT)", -,https://media.licdn.com/dms/image/v2/D4D22AQG9Z74FY-3HOg/feedshare-shrink_2048_1536/B4DZUNkpq9GkAo-/0/1739689467437?e=2147483647&v=beta&t=sZ8WZG4bFsRQl4ZFBCMLHm9CaVLFlidShVyrSYHZWdQ
"You uploaded a feed photo on February 16, 2025 at 7:04 AM (GMT)", -,https://media.licdn.com/dms/image/v2/D4D22AQH3eLJiOuaHnQ/feedshare-shrink_160/B4DZUNkpq3GkAc-/0/1739689467378?e=2147483647&v=beta&t=Dx5anT2rs3FAmv2F5r_d34LBX-0qC6FSM7Y4OP79r0I
"You uploaded a feed photo on February 15, 2025 at 1:19 PM (GMT)", -,https://media.licdn.com/dms/image/v2/D4D22AQGv0j4AYlEnNw/feedshare-shrink_1280/B4DZUJw12pGcAk-/0/1739625554029?e=2147483647&v=beta&t=XIxmJ__coK0ndCVx1LSaUUjOP0GD2y2O6S-FmDFfIkM
"You uploaded a feed photo on February 15, 2025 at 1:19 PM (GMT)", -,https://media.licdn.com/dms/image/v2/D4D22AQEvEiaASvoXAA/feedshare-shrink_480/B4DZUJw114HkAY-/0/1739625554232?e=2147483647&v=beta&t=oPkYeFMxfEDFteaFT2o5WjjUkrRwHXsre_0Fl_tZcL0
"You uploaded a feed photo on February 14, 2025 at 5:28 PM (GMT)", -,https://media.licdn.com/dms/image/v2/D4D22AQFMseiEernELg/feedshare-shrink_480/B4DZUFgNP7G4Ac-/0/1739554084561?e=2147483647&v=beta&t=3keJXCZSMCQ9bcJ9PMeUXEtdK6p3LWHLSc-hTRQynWg
"You uploaded a feed photo on February 14, 2025 at 5:28 PM (GMT)", -,https://media.licdn.com/dms/image/v2/D4D22AQH0tILMtmFSaw/feedshare-shrink_480/B4DZUFgNP5G8AY-/0/1739554084558?e=2147483647&v=beta&t=eqSC9wl_AeUBHT5lCztkNeq2BKxRc6jVUckHZeokraQ
"You uploaded a feed photo on February 13, 2025 at 2:05 PM (GMT)", -,https://media.licdn.com/dms/image/v2/D4D22AQH-lzSpV9Y-cQ/feedshare-shrink_1280/B4DZT_oNnSHIAw-/0/1739455520858?e=2147483647&v=beta&t=OeKvmlnZwJzjSIVIJtTei9-8Xf2pi9yxCtjjNLYB1bw
"You uploaded a feed photo on February 13, 2025 at 2:05 PM (GMT)", -,https://media.licdn.com/dms/image/v2/D4D22AQEV7gjpvmzpFA/feedshare-shrink_160/B4DZT_oNm_HYAc-/0/1739455519866?e=2147483647&v=beta&t=T0D-wuV14obPjZZjjpx8dqB10QW6tA-dntEORq-di40
"You uploaded a profile photo on February 13, 2025 at 9:31 AM (GMT)", -,https://media.licdn.com/dms/image/v2/D4D03AQEgVh_Swk8pQQ/profile-displayphoto-shrink_200_200/B4DZT.piLEHwAc-/0/1739439093883?e=2147483647&v=beta&t=29xTAIsMlWM9J48QXiBzzKvxQAzV1AXuw3fHFrpJHiA
"You uploaded a feed photo on February 12, 2025 at 5:30 PM (GMT)", -,https://media.licdn.com/dms/image/v2/D4D22AQEAfMHU3bemzg/feedshare-shrink_1280/B4DZT7NlWdG4Ao-/0/1739381430418?e=2147483647&v=beta&t=8EMwxXvSNEUu6t4BQyn66FKwAabskhkA31_vgiEQROI
"You uploaded a feed photo on February 12, 2025 at 5:30 PM (GMT)", -,https://media.licdn.com/dms/image/v2/D4D22AQFVWEUsVxOmFw/feedshare-shrink_800/B4DZT7NlWXHIAg-/0/1739381430423?e=2147483647&v=beta&t=DuS0fWWZJXbNt5_zNMqtjotR_SHzidTw-MXAITy8VDE
"You uploaded a feed photo on February 12, 2025 at 3:41 PM (GMT)", -,https://media.licdn.com/dms/image/v2/D4D22AQFvSMg9mTN4Xw/feedshare-shrink_800/B4DZT60rxFGcAo-/0/1739374903197?e=2147483647&v=beta&t=8pxdNBB1Nk1FgtNZ8qdJe07FD65B6rypnsk5OH8fcU8
"You uploaded a feed photo on February 11, 2025 at 2:05 PM (GMT)", -,https://media.licdn.com/dms/image/v2/D4D22AQEOtb7_SSpfJA/feedshare-shrink_20/B4DZT1VA9cHAAs-/0/1739282715329?e=2147483647&v=beta&t=ckN3N56AmeAn7BTTi80-L6EEKTd1MMeX3Pn6HQCkHoE
"You uploaded a feed photo on February 11, 2025 at 2:05 PM (GMT)", -,https://media.licdn.com/dms/image/v2/D4D22AQF2m1swlBQuSQ/feedshare-shrink_800/B4DZT1VA9JHIAg-/0/1739282715362?e=2147483647&v=beta&t=aew40k5AOZeEnWP-0X0n5jw5OkV5PqRTPQQfifJYETw
"You uploaded a feed photo on February 10, 2025 at 5:20 PM (GMT)", -,https://media.licdn.com/dms/image/v2/D4D22AQF_dBgZP18dJA/feedshare-shrink_160/B4DZTw4LaWG8As-/0/1739208047170?e=2147483647&v=beta&t=3pJ-EbOEb8xBpko7HbnIlOzFYVYj8ZdKbHrIyQBzkzI
"You uploaded a feed photo on February 10, 2025 at 5:20 PM (GMT)", -,https://media.licdn.com/dms/image/v2/D4D22AQFMFW4_zheClg/feedshare-shrink_480/B4DZTw4LaTG4AY-/0/1739208047047?e=2147483647&v=beta&t=QwJO1KOpCIJbBmzp--U4zcRdTLlOjGEVHSuCluO5Uhw
"You uploaded a feed photo on February 9, 2025 at 6:58 AM (GMT)", -,https://media.licdn.com/dms/image/v2/D4D22AQErTUtIuFPqWw/feedshare-shrink_2048_1536/B4DZTpgNtTHIAo-/0/1739084325713?e=2147483647&v=beta&t=bp7Oe42V3p3QqNSJ8vzlLo9eGrg99IsOh2krfQwvSno
"You uploaded a feed photo on February 9, 2025 at 6:58 AM (GMT)", -,https://media.licdn.com/dms/image/v2/D4D22AQGKNEAvWyig8A/feedshare-shrink_2048_1536/B4DZTpgNtNG4Ao-/0/1739084325942?e=2147483647&v=beta&t=uQAixtAdLw5JtN0lX816i-Uvw-NwAy7W4LkOs3_lXrQ
"You uploaded a feed photo on February 8, 2025 at 5:42 PM (GMT)", -,https://media.licdn.com/dms/image/v2/D4D22AQH9Z4JLOnnD1w/feedshare-shrink_1280/B4DZTmp27DG4As-/0/1739036520848?e=2147483647&v=beta&t=O3k9J2Oqv2wzIaCaIQDmU_rXuMOYWgZyPS5ft2mH5Xg
"You uploaded a feed photo on February 8, 2025 at 5:42 PM (GMT)", -,https://media.licdn.com/dms/image/v2/D4D22AQFE1KVq2zewBQ/feedshare-shrink_800/B4DZTmp260HIAs-/0/1739036520936?e=2147483647&v=beta&t=6T0iosiIponBmezIlISSstHV6SOffDLCukXkZxvr6rE
"You uploaded a feed photo on February 8, 2025 at 5:42 PM (GMT)", -,https://media.licdn.com/dms/image/v2/D4D22AQFpz9fH8gNrcg/feedshare-shrink_1280/B4DZTmp26uHAAk-/0/1739036520811?e=2147483647&v=beta&t=qj02FW8pdjRboqGJs84P8tHmcU8llpRobVqGd-JjqIw
"You uploaded a feed photo on February 7, 2025 at 2:54 PM (GMT)", -,https://media.licdn.com/dms/image/v2/D4D22AQEp-36xif3pAg/feedshare-shrink_800/B4DZTg55NtHAAg-/0/1738940061286?e=2147483647&v=beta&t=rbD-D7YbCJsHM20B3crHcsjlCG7UcuLbaT9KnbocUg8
"You uploaded a feed photo on February 7, 2025 at 2:54 PM (GMT)", -,https://media.licdn.com/dms/image/v2/D4D22AQF4Dr59ApUYMw/feedshare-shrink_1280/B4DZTg55NOHYAk-/0/1738940061254?e=2147483647&v=beta&t=x0d39N3GfqSY9ePqjmpUum6FlG72Oacx2RRN7gdJL6c
"You uploaded a feed photo on February 6, 2025 at 5:11 PM (GMT)", -,https://media.licdn.com/dms/image/v2/D4D22AQHAMbS5L8Owkg/feedshare-shrink_480/B4DZTcPv94HYAg-/0/1738861904446?e=2147483647&v=beta&t=PmkXJJUkQoDF3y2osOPi-H3GJAPKbvjpxiab0dc_9nQ
"You uploaded a feed photo on February 6, 2025 at 5:11 PM (GMT)", -,https://media.licdn.com/dms/image/v2/D4D22AQGYgoFKRyJmww/feedshare-shrink_160/B4DZTcPv9vG8Ac-/0/1738861904516?e=2147483647&v=beta&t=D-8eUuTRGDSGJ7MWswxvnhVeLPxwmSa_0QCQ2ki9j94
"You uploaded a feed photo on February 6, 2025 at 2:23 PM (GMT)", -,https://media.licdn.com/dms/image/v2/D4D22AQGVK8XTzflQLQ/feedshare-shrink_800/B4DZTbpI.uHAAg-/0/1738851784185?e=2147483647&v=beta&t=i8oc5qo9J80-dx7jxRstmebdqa5LouzcnOrBlIJIJhQ
"You uploaded a feed photo on February 5, 2025 at 2:38 PM (GMT)", -,https://media.licdn.com/dms/image/v2/D4D22AQFMcAE4g95Xlw/feedshare-shrink_480/B4DZTWi.vfH0Ac-/0/1738766282477?e=2147483647&v=beta&t=sdch_e7rPQNyySnRdAlgSHwVp--O3n2NcPJtyGeur3Y
"You uploaded a feed photo on February 5, 2025 at 2:38 PM (GMT)", -,https://media.licdn.com/dms/image/v2/D4D22AQGsQ5FAyhNzkg/feedshare-shrink_2048_1536/B4DZTWi.veGkAs-/0/1738766282860?e=2147483647&v=beta&t=0G4-1RRClIPuMI-WgStOeUn9NPnvzVoFSAzp31yeQdQ
"You uploaded a feed photo on February 4, 2025 at 4:08 PM (GMT)", -,https://media.licdn.com/dms/image/v2/D5622AQGPQsrg8Ol2qA/feedshare-shrink_480/B56ZTRuIXGHwAo-/0/1738685319411?e=2147483647&v=beta&t=kjR4YZraysnsBgdDkq1qSU0PDTrdPwjyFbPwbKvGu7I
"You uploaded a feed photo on February 4, 2025 at 4:08 PM (GMT)", -,https://media.licdn.com/dms/image/v2/D5622AQElGGQDnaB1Fw/feedshare-shrink_20/B56ZTRuIXXHwAw-/0/1738685319334?e=2147483647&v=beta&t=oO-omHbZU4Dug8K925Th2LBbJnj5jHKz8nYOUiFsLeo
"You uploaded a photo on February 3, 2025 at 1:36 PM (GMT)", -,https://media.licdn.com/dms/image/v2/D4D2DAQHH2xN0W4YrQA/profile-treasury-image-shrink_800_800/profile-treasury-image-shrink_800_800/0/1738589766843?e=2147483647&v=beta&t=jDglMX597n2NZjcsPnWvGS9-37rydEXfbD6MrVoAFUE
"You uploaded a feed photo on February 3, 2025 at 1:25 PM (GMT)", -,https://media.licdn.com/dms/image/v2/D4D22AQFvJpkIAzY34g/feedshare-shrink_1280/B4DZTL_KIiHIAo-/0/1738589119826?e=2147483647&v=beta&t=TH-G2OJen4HTvt58AiJtGX0tKjMaEf6aqbfx4vmS9mU
"You uploaded a feed photo on February 3, 2025 at 1:25 PM (GMT)", -,https://media.licdn.com/dms/image/v2/D4D22AQH13bdZazeZ4Q/feedshare-shrink_20/B4DZTL_KIaGcAs-/0/1738589119735?e=2147483647&v=beta&t=s6_q9JK7yKVMTloUeubixRuaV-FYc2Agr8UU9kXFS8o
"You uploaded a feed photo on February 2, 2025 at 5:41 PM (GMT)", -,https://media.licdn.com/dms/image/v2/D4D22AQH2xmS9xHug-g/feedshare-shrink_480/B4DZTHwQSHHIAc-/0/1738518104047?e=2147483647&v=beta&t=nZEtbQCA7RGu8_7QnX9LqFqOPZzr7ALxXMlz_KMT-Yg
"You uploaded a feed photo on February 2, 2025 at 5:41 PM (GMT)", -,https://media.licdn.com/dms/image/v2/D4D22AQGdb5K7-Z9K5w/feedshare-shrink_1280/B4DZTHwQR_G8Ak-/0/1738518104043?e=2147483647&v=beta&t=qlMjSyE4NMWm091iwKHoM-XPgSClRKAA1WtAIwSA4LU
"You uploaded a feed photo on February 1, 2025 at 4:58 PM (GMT)", -,https://media.licdn.com/dms/image/v2/D4D22AQH341MTdImnKg/feedshare-shrink_1280/B4DZTCcq64HYAo-/0/1738429084078?e=2147483647&v=beta&t=QzQbCA7qaq0dRg69JiVQdYxCMkmAkqLvVZm6GRjUVAw
"You uploaded a feed photo on February 1, 2025 at 4:58 PM (GMT)", -,https://media.licdn.com/dms/image/v2/D4D22AQF0Nqt56hazyg/feedshare-shrink_2048_1536/B4DZTCcq6GHkAs-/0/1738429084016?e=2147483647&v=beta&t=QxtdME8Yf4EQQbY841TyQ6onn5lDtbB36FV-eTv656M
"You uploaded a feed photo on January 31, 2025 at 3:53 PM (GMT)", -,https://media.licdn.com/dms/image/v2/D4D22AQFT8Hl8BxCFgg/feedshare-shrink_1280/B4DZS9EQHWHAAo-/0/1738338797106?e=2147483647&v=beta&t=oor4xxIJm-cLzYr7tFnEN84CKjuJz5hjaDOWmjtBtm8
"You uploaded a feed photo on January 31, 2025 at 3:53 PM (GMT)", -,https://media.licdn.com/dms/image/v2/D4D22AQH-rqJKOI6yVg/feedshare-shrink_160/B4DZS9EQGJHIAg-/0/1738338797169?e=2147483647&v=beta&t=HhvrrPNbUumPUZHEfbLgdYBasIInkDG-wb6cFgBCjcA
"You uploaded a feed photo on January 30, 2025 at 4:52 PM (GMT)", -,https://media.licdn.com/dms/image/v2/D4D22AQHUv-FYOzm54A/feedshare-shrink_2048_1536/B4DZS4ITJ9G8Ao-/0/1738255972499?e=2147483647&v=beta&t=L66r877JFGPU4YsOEBb94RnUVKfu-_T4tOyf0r1Lg48
"You uploaded a feed photo on January 30, 2025 at 4:52 PM (GMT)", -,https://media.licdn.com/dms/image/v2/D4D22AQGEYK41Lzbbzg/feedshare-shrink_20/B4DZS4ITJfHIAs-/0/1738255971656?e=2147483647&v=beta&t=iUdP6y_qqIQM_NMWIm0mAmN1pXgOrdOd-KN3A9vylog
"You uploaded a feed photo on January 29, 2025 at 6:26 AM (GMT)", -,https://media.licdn.com/dms/image/v2/D4D22AQGzLwxObEtmWA/feedshare-shrink_480/B4DZSwvX2hH0AY-/0/1738131996756?e=2147483647&v=beta&t=HKvOlaHEX8C5unuIJVWBTXLqv795igTRbSexcJy0dd8
"You uploaded a feed photo on January 29, 2025 at 6:26 AM (GMT)", -,https://media.licdn.com/dms/image/v2/D4D22AQHngKlte5vCiw/feedshare-shrink_2048_1536/B4DZSwvX15G4As-/0/1738131996799?e=2147483647&v=beta&t=Gh6rhYeQdJCoRpDvLsbhYg8bNzlK6ajSUDvgUaGqggo
"You uploaded a feed photo on January 29, 2025 at 6:26 AM (GMT)", -,https://media.licdn.com/dms/image/v2/D4D22AQFkuNLZdd2wQw/feedshare-shrink_2048_1536/B4DZSwvX12GcAo-/0/1738131996776?e=2147483647&v=beta&t=KMCG9Rt4Kbvd6TsBMM3noMhQotMzM8CjzCCFyRQB6Wg
"You uploaded a feed photo on January 29, 2025 at 6:26 AM (GMT)", -,https://media.licdn.com/dms/image/v2/D4D22AQGaTRBoKdGZlg/feedshare-shrink_480/B4DZSwvX1sHkAY-/0/1738131996708?e=2147483647&v=beta&t=gfouK27zm9bmUUQ4Z7y24PAs_-N7yHlwYZHoD8N7p1I
"You uploaded a feed photo on January 28, 2025 at 5:41 PM (GMT)", -,https://media.licdn.com/dms/image/v2/D4D22AQGvTrmR_l8gFw/feedshare-shrink_160/B4DZSuASrdHIAc-/0/1738086100445?e=2147483647&v=beta&t=MPd-qyZPU0GBEuKnqLhl3lL9T0ceFpKMWRfh32XRb-w
"You uploaded a feed photo on January 28, 2025 at 5:41 PM (GMT)", -,https://media.licdn.com/dms/image/v2/D4D22AQFPpdFY-_wNOQ/feedshare-shrink_1280/B4DZSuASrYGcAk-/0/1738086100359?e=2147483647&v=beta&t=FYlYTR-06yI-0eq5Hw7mdyetRM6Dz1ee3K2GSVkygt0
"You uploaded a feed photo on January 27, 2025 at 5:29 PM (GMT)", -,https://media.licdn.com/dms/image/v2/D4D22AQEgn3YYu8Sw-g/feedshare-shrink_1280/B4DZSoz06SH0Ao-/0/1737998946717?e=2147483647&v=beta&t=ioQkhPdz4O8uhflMJEo_PrwGSjkKcRWzGxvc1Ov17ZY
"You uploaded a feed photo on January 27, 2025 at 5:29 PM (GMT)", -,https://media.licdn.com/dms/image/v2/D4D22AQHeuk7VAmRpBA/feedshare-shrink_1280/B4DZSoz05PHkAk-/0/1737998946645?e=2147483647&v=beta&t=sXkh_ZAYsnvMn4SqUWkYw0Ry-hQ6eYQjCG9JXMwFHl4
"You uploaded a feed photo on January 26, 2025 at 5:41 AM (GMT)", -,https://media.licdn.com/dms/image/v2/D4D22AQHEZplWRWWUuA/feedshare-shrink_800/B4DZShIRyVHUAk-/0/1737870090212?e=2147483647&v=beta&t=HaEplbn4xeiiG4dYDclQLbyL7qrc8hDJNsgzchw08II
"You uploaded a feed photo on January 26, 2025 at 5:41 AM (GMT)", -,https://media.licdn.com/dms/image/v2/D4D22AQFXO6lK76JcLg/feedshare-shrink_480/B4DZShIRx9G4AY-/0/1737870090076?e=2147483647&v=beta&t=wRlt1Fhum8Sgp2pM_33rq4X2-1jt1-XF3g7Fk7YcRAk
"You uploaded a feed photo on January 25, 2025 at 1:43 PM (GMT)", -,https://media.licdn.com/dms/image/v2/D4D22AQHwXHWBCzXv0w/feedshare-shrink_2048_1536/B4DZSds9nUHIAo-/0/1737812597882?e=2147483647&v=beta&t=GNIk7XFCKk1JA1lKFeKJUA6yGHBsEfUgp97eAy-4vRc
"You uploaded a feed photo on January 25, 2025 at 1:43 PM (GMT)", -,https://media.licdn.com/dms/image/v2/D4D22AQGm8lZm-PsYOA/feedshare-shrink_160/B4DZSds9maG8Ac-/0/1737812597893?e=2147483647&v=beta&t=Pjx93gzvNOIbRUScbNl1Z0DfC4BgJ8a9vXhsDLl1vQg
"You uploaded a feed photo on January 24, 2025 at 1:19 PM (GMT)", -,https://media.licdn.com/dms/image/v2/D4D22AQGBsXwQfeos3A/feedshare-shrink_800/B4DZSYd5SfH0Ak-/0/1737724762004?e=2147483647&v=beta&t=eOwKssbyXTtlu_WWyYTCCyTYCdYjDEmptCtFqPNhhHM
"You uploaded a feed photo on January 24, 2025 at 1:19 PM (GMT)", -,https://media.licdn.com/dms/image/v2/D4D22AQFRtTapAljwgA/feedshare-shrink_800/B4DZSYd5SPG8Ak-/0/1737724761976?e=2147483647&v=beta&t=BlwGGUcLqdB6EET5UCRKnDtwThawfRRF0lq3Ts_1WhY
"You uploaded a feed photo on January 23, 2025 at 4:37 PM (GMT)", -,https://media.licdn.com/dms/image/v2/D4D22AQGnpmXS4JW4fg/feedshare-shrink_1280/B4DZSUBrCoGkAk-/0/1737650254739?e=2147483647&v=beta&t=v9Y5zhdqumKpJfUkh2mKN17RRsWEgReKtFYWGVv1N1I
"You uploaded a feed photo on January 23, 2025 at 4:37 PM (GMT)", -,https://media.licdn.com/dms/image/v2/D4D22AQFQvf3-hLPypA/feedshare-shrink_480/B4DZSUBrCbHUAY-/0/1737650254684?e=2147483647&v=beta&t=OUo_mR-7PmHvORwV4iQLQAi-1TYp72-ZpVnQSwSJbEs
"You uploaded a feed photo on January 22, 2025 at 6:10 PM (GMT)", -,https://media.licdn.com/dms/image/v2/D4D22AQEYa4FX_gZElQ/feedshare-shrink_1280/B4DZSPNP1_HcAk-/0/1737569402996?e=2147483647&v=beta&t=V2SFjX577pDbinQgB_FnKqeymS7vRzBeT73wFS6jA10
"You uploaded a feed photo on January 22, 2025 at 6:10 PM (GMT)", -,https://media.licdn.com/dms/image/v2/D4D22AQFqyCfPayj4rw/feedshare-shrink_160/B4DZSPNP1CHIAc-/0/1737569402873?e=2147483647&v=beta&t=auVvWbZJ23VzboFx1iqqxjfJCPvn2uDuzETNYaNavmc
"You uploaded a feed photo on January 21, 2025 at 4:13 PM (GMT)", -,https://media.licdn.com/dms/image/v2/D4D22AQFDN333wYAljQ/feedshare-shrink_1280/B4DZSJpF3_HcAo-/0/1737476038993?e=2147483647&v=beta&t=yRq20iFoerWJIcQqSBCvfuC4A2j01ty-HjLSsh7TObs
"You uploaded a feed photo on January 21, 2025 at 4:13 PM (GMT)", -,https://media.licdn.com/dms/image/v2/D4D22AQH_0Ig4fjs7Dw/feedshare-shrink_2048_1536/B4DZSJpF3RHIAs-/0/1737476039598?e=2147483647&v=beta&t=-uB6P5ZATRBmV1MH3cgazpFwfd14bL8wVo4vSYwft2Q
"You uploaded a feed photo on January 20, 2025 at 1:17 PM (GMT)", -,https://media.licdn.com/dms/image/v2/D4D22AQFZKC2O2TMLEQ/feedshare-shrink_480/B4DZSD3BlUHcAY-/0/1737379028144?e=2147483647&v=beta&t=7rbJFHtzdZMZNrXf3NiUcdog19AF0qS8rjCvYG9Fc4g
"You uploaded a feed photo on January 20, 2025 at 1:17 PM (GMT)", -,https://media.licdn.com/dms/image/v2/D4D22AQG3L7sxfAb4SA/feedshare-shrink_800/B4DZSD3BlNG8Bo-/0/1737379027981?e=2147483647&v=beta&t=5Oc9JkvXpRnychUw8SQrxCdc6ds3btIlh99YM26SaIc
"You uploaded a feed photo on January 19, 2025 at 2:55 PM (GMT)", -,https://media.licdn.com/dms/image/v2/D4D22AQF_gW5hhtP8ng/feedshare-shrink_2048_1536/B4DZR_D2FbG8Ao-/0/1737298502726?e=2147483647&v=beta&t=87qRjbcPWwUqXmWq8zwVQVOse8zGc1kzi4JusGHkKnE
"You uploaded a feed photo on January 19, 2025 at 2:55 PM (GMT)", -,https://media.licdn.com/dms/image/v2/D4D22AQGchWo2DQsriw/feedshare-shrink_1280/B4DZR_D2FQGkAk-/0/1737298502882?e=2147483647&v=beta&t=5lWZfqEHznHjh7GDRUSU7Xg4q4AqpaMWgCcyDTAxMbg
"You uploaded a photo on January 19, 2025 at 3:15 AM (GMT)", -,https://media.licdn.com/dms/image/v2/D4D2DAQEJIFfHDzoLCg/profile-treasury-image-shrink_8192_8192/profile-treasury-image-shrink_8192_8192/0/1737256529644?e=2147483647&v=beta&t=ivxwfendoa9FdBwKqR4eh_k3Wq3zv2Fq6et4jVBlS9A
"You uploaded a feed photo on January 18, 2025 at 3:36 PM (GMT)", -,https://media.licdn.com/dms/image/v2/D4D22AQGEUwkWTYMAow/feedshare-shrink_2048_1536/B4DZR6DsBiGUAo-/0/1737214575742?e=2147483647&v=beta&t=iD5aJvcRfOPtxTqpefhf9KsTdcfx8lDfl2QL6uI4gmY
"You uploaded a feed photo on January 18, 2025 at 3:36 PM (GMT)", -,https://media.licdn.com/dms/image/v2/D4D22AQHfe5JGtmmnHw/feedshare-shrink_480/B4DZR6DsBRG4AY-/0/1737214575620?e=2147483647&v=beta&t=XfawmMF20veJGpWNBD91eGwfCgt9R7GfpDzD2P3O4SQ
"You uploaded a feed photo on January 17, 2025 at 5:57 AM (GMT)", -,https://media.licdn.com/dms/image/v2/D4D22AQFMgPH_QD7Spg/feedshare-shrink_1280/B4DZRy1nMkHYAk-/0/1737093446112?e=2147483647&v=beta&t=1OiolGQR67Ib-qmWLujfxz-kYplwWYJL4IpLQTzmslE
"You uploaded a feed photo on January 17, 2025 at 5:57 AM (GMT)", -,https://media.licdn.com/dms/image/v2/D4D22AQHRD8QfUZKIqQ/feedshare-shrink_2048_1536/B4DZRy1nMiHIAo-/0/1737093446008?e=2147483647&v=beta&t=YsQhASnOaYeCtUQrmKsRWGvrX9fJkylgM2a9brPgiQI
"You uploaded a feed photo on January 16, 2025 at 6:45 AM (GMT)", -,https://media.licdn.com/dms/image/v2/D4D22AQENkQIYDiwgww/feedshare-shrink_800/B4DZRt3DHRHIAg-/0/1737009937653?e=2147483647&v=beta&t=tpo0X68TigloGR6tF152lgXADCSj54JISqYxTUNwu9M
"You uploaded a feed photo on January 16, 2025 at 6:45 AM (GMT)", -,https://media.licdn.com/dms/image/v2/D4D22AQGFTbOM-5E55w/feedshare-shrink_800/B4DZRt3DDhGkAg-/0/1737009937440?e=2147483647&v=beta&t=ZPvlpIxOp_HtCn2PaIMRujkxLW7EhUZ0ORkil9N3S3s
"You uploaded a feed photo on January 15, 2025 at 4:44 PM (GMT)", -,https://media.licdn.com/dms/image/v2/D5622AQHNMs4HP6V5RQ/feedshare-shrink_800/B56ZRq2nnlHoAg-/0/1736959491285?e=2147483647&v=beta&t=ItTJ_g_U-vv5ODeF5Yw-AGr7issTWq8APeNb0gh5HVg
"You uploaded a feed photo on January 15, 2025 at 4:44 PM (GMT)", -,https://media.licdn.com/dms/image/v2/D5622AQFd6A1nHxliVg/feedshare-shrink_1280/B56ZRq2nm0G8Aw-/0/1736959491256?e=2147483647&v=beta&t=jMxRyewxE6YfV8wEoW1szAJv0_mSXg5X5D0kM9r8RbY
"You uploaded a feed photo on January 14, 2025 at 4:38 PM (GMT)", -,https://media.licdn.com/dms/image/v2/D4D22AQFbStKwg3UZOw/feedshare-shrink_1280/B4DZRlrrSWHEAo-/0/1736872736678?e=2147483647&v=beta&t=TIEZ-TPf5wcDeSMvxXzAj1RDA_D5G-x_dpLU5iI8wds
"You uploaded a feed photo on January 14, 2025 at 4:38 PM (GMT)", -,https://media.licdn.com/dms/image/v2/D4D22AQHZCWj8qaKI3A/feedshare-shrink_2048_1536/B4DZRlrrRpGkAs-/0/1736872736679?e=2147483647&v=beta&t=gH_1ZJWloVDUzNDX-rVSKriNPgSkYAYKTFbjCm_ewVg
"You uploaded a feed photo on January 13, 2025 at 10:11 AM (GMT)", -,https://media.licdn.com/dms/image/v2/D4D22AQH7PchpnpYErw/feedshare-shrink_800/B4DZRfJVGWGkAg-/0/1736763070081?e=2147483647&v=beta&t=F-k4oO-jlKuX1rG78SS2P0nwqvb6gm8HgLHen8ZoNqo
"You uploaded a feed photo on January 13, 2025 at 10:11 AM (GMT)", -,https://media.licdn.com/dms/image/v2/D4D22AQHFyJwiqsEFLw/feedshare-shrink_800/B4DZRfJVDUHYAo-/0/1736763069688?e=2147483647&v=beta&t=VcHkj4tHdd-qw4PNNy2Te0OrbiHkWCdFO2aZPe2NPqc
"You uploaded a feed photo on January 12, 2025 at 7:18 AM (GMT)", -,https://media.licdn.com/dms/image/v2/D4D22AQH2mMvccimK4g/feedshare-shrink_1280/B4DZRZYKoYGkAk-/0/1736666296203?e=2147483647&v=beta&t=UMP1GSmXoXtewg-O3CptOtsDTAVrv5FZoF0j_8vtw3c
"You uploaded a feed photo on January 12, 2025 at 7:18 AM (GMT)", -,https://media.licdn.com/dms/image/v2/D4D22AQEvdsOZdRrwLw/feedshare-shrink_1280/B4DZRZYKoNG4Ak-/0/1736666296185?e=2147483647&v=beta&t=HxcVxD42HQ_YqyxoVZkWsegwyh-kSEe6ZFhc97MGR_0
"You uploaded a document on January 11, 2025 at 2:14 PM (GMT)", -,https://media.licdn.com/dms/image/v2/D4D2DAQH-AN-sUUBICQ/profile-treasury-document-cover-images_1920/profile-treasury-document-cover-images_1920/0/1736604853085?e=2147483647&v=beta&t=MMe2OXsMlJD_Nl0Re8nePCeuWTZBVwjS0ZzXLM849_Y
"You uploaded a feed photo on January 11, 2025 at 1:18 PM (GMT)", -,https://media.licdn.com/dms/image/v2/D4D22AQH4P0lZ2xHB_Q/feedshare-shrink_1280/B4DZRVhFeOGkAk-/0/1736601524907?e=2147483647&v=beta&t=XmL3AqcBcRfr-ocwIltwGg_5ZIxzoTOdXUlOGvrv7Bk
"You uploaded a feed photo on January 11, 2025 at 1:18 PM (GMT)", -,https://media.licdn.com/dms/image/v2/D4D22AQG67PNkRTF3_w/feedshare-shrink_480/B4DZRVhFd2HMAY-/0/1736601525032?e=2147483647&v=beta&t=IotHSWT5LDAIF6zMFpjmYbqLQ3FL18VX3sFKngZnnqQ
"You uploaded a document on January 11, 2025 at 5:44 AM (GMT)", -,https://media.licdn.com/dms/image/v2/D4D2DAQENTgCRZDF5rg/profile-treasury-document-cover-images_1920/profile-treasury-document-cover-images_1920/0/1736574269080?e=2147483647&v=beta&t=dMx4nyjnGhlQ9x0E691g6-1LvitJJnwjhZLsscx4Ot0
"You uploaded a feed photo on January 10, 2025 at 5:55 AM (GMT)", -,https://media.licdn.com/dms/image/v2/D4D22AQGBfdsK1tbiOQ/feedshare-shrink_1280/B4DZROyHrXHYAk-/0/1736488550390?e=2147483647&v=beta&t=BRw0V-RXAdm6EJqyy4EUVi3Ny3Ah-sNkdCGDfi313Zg
"You uploaded a feed photo on January 10, 2025 at 5:55 AM (GMT)", -,https://media.licdn.com/dms/image/v2/D4D22AQHL4A-G4LpNCQ/feedshare-shrink_800/B4DZROyHnWGUAk-/0/1736488550188?e=2147483647&v=beta&t=P0mFJZwdBYNM5n5V37xRTiJPGmflxxHuhcyTsupKdxM
"You uploaded a feed photo on January 9, 2025 at 10:42 AM (GMT)", -,https://media.licdn.com/dms/image/v2/D4D22AQEC8KoDbQEDdA/feedshare-shrink_160/B4DZRKqQGQHYAc-/0/1736419378432?e=2147483647&v=beta&t=b_n81nfkF0T6w79eiPolsVVSOCzXmZWjMPqCb4e5Ql0
"You uploaded a feed photo on January 9, 2025 at 10:42 AM (GMT)", -,https://media.licdn.com/dms/image/v2/D4D22AQEiWm_UDUQvDA/feedshare-shrink_20/B4DZRKqQFwHUAs-/0/1736419378310?e=2147483647&v=beta&t=qC0QMTwXGQtW70yb_PdYthDsC5OAQHYLUHPX-A_8lcM
"You uploaded a document on January 9, 2025 at 6:21 AM (GMT)", -,https://media.licdn.com/dms/document/media/v2/D4D2DAQG-Gv8IUX4qAw/profile-treasury-document-pdf-analyzed/profile-treasury-document-pdf-analyzed/0/1736403666648?e=2147483647&v=beta&t=bf8wQKpixHiCY2LvPRIu5beC56FpuXmAoOnEQ9Z70m0
"You uploaded a feed photo on January 8, 2025 at 3:59 PM (GMT)", -,https://media.licdn.com/dms/image/v2/D4D22AQG6p60h0NZSxQ/feedshare-shrink_1280/B4DZRGpDbCHUAk-/0/1736351955581?e=2147483647&v=beta&t=7Wejvujk0gtTrARjqP_BKOGRaG09I7IIKQ6pHjExYKw
"You uploaded a feed photo on January 8, 2025 at 3:59 PM (GMT)", -,https://media.licdn.com/dms/image/v2/D4D22AQHlsD76BGuTTQ/feedshare-shrink_20/B4DZRGpDazG0As-/0/1736351955789?e=2147483647&v=beta&t=TTq82DvaI-vD6AAcn6qsHOx9XsB5n54jl71UuelU87M
"You uploaded a feed photo on January 7, 2025 at 5:02 PM (GMT)", -,https://media.licdn.com/dms/image/v2/D4D22AQHimajKLdQ1HQ/feedshare-shrink_2048_1536/B4DZRBt5QkGkAo-/0/1736269338363?e=2147483647&v=beta&t=_j3rkiympkstPRWgz4eV6dTELFjIOyiwcWMVZmBxcR8
"You uploaded a feed photo on January 7, 2025 at 5:02 PM (GMT)", -,https://media.licdn.com/dms/image/v2/D4D22AQEdt1PCb6AK3A/feedshare-shrink_2048_1536/B4DZRBt5PvHwAs-/0/1736269338425?e=2147483647&v=beta&t=siStHIGjcWFID95YVZREII2C0OayyU3e-f1h_C1vp6w
"You uploaded a feed photo on January 6, 2025 at 4:04 PM (GMT)", -,https://media.licdn.com/dms/image/v2/D4D22AQGkkuw-MFD-yw/feedshare-shrink_160/B4DZQ8XKfhHYAk-/0/1736179493731?e=2147483647&v=beta&t=3XQYwv8gbWS--jki3MvRgI1g2pZpNwG_e9TVro8IsLI
"You uploaded a feed photo on January 6, 2025 at 4:04 PM (GMT)", -,https://media.licdn.com/dms/image/v2/D4D22AQEZxV6VlgeGnQ/feedshare-shrink_2048_1536/B4DZQ8XKeKHUAo-/0/1736179493772?e=2147483647&v=beta&t=V54APmv2-987Zqtm37M7UqwGUc4zLgcuHBY2Mb7lYJE
"You uploaded a photo on January 5, 2025 at 4:06 PM (GMT)", -,https://media.licdn.com/dms/image/v2/D4D2DAQE8knpHFHyzgA/profile-treasury-image-shrink_8192_8192/profile-treasury-image-shrink_8192_8192/0/1736093172010?e=2147483647&v=beta&t=QgxWZpDUDECpmi8TDs0pLVI2QR4ftPg7fRITorx196k
"You uploaded a feed photo on January 5, 2025 at 6:06 AM (GMT)", -,https://media.licdn.com/dms/image/v2/D4D22AQErqaiL45GSOA/feedshare-shrink_1280/B4DZQ1EmZpGUAk-/0/1736057186689?e=2147483647&v=beta&t=NPvW2MbjnVtb0FssKWxzO_dzO-wvJ964HNQbGKHIg6M
"You uploaded a feed photo on January 5, 2025 at 6:06 AM (GMT)", -,https://media.licdn.com/dms/image/v2/D4D22AQHkVVVkZmPkUw/feedshare-shrink_800/B4DZQ1EmZTG0Ag-/0/1736057186705?e=2147483647&v=beta&t=7VVUmpJJE8OkxmR6-9sYrM5s0tS1tsTH91QIVquh6Vo
"You uploaded a feed photo on January 4, 2025 at 2:23 PM (GMT)", -,https://media.licdn.com/dms/image/v2/D4D22AQERlyOO4fwTlQ/feedshare-shrink_800/B4DZQxssdtHYAk-/0/1736000589011?e=2147483647&v=beta&t=hsRa2GvFhy5g9VxYA-KxT8pJlACooqilvlMwOxZPen8
"You uploaded a feed photo on January 4, 2025 at 2:23 PM (GMT)", -,https://media.licdn.com/dms/image/v2/D4D22AQFh2nxAm26F0Q/feedshare-shrink_20/B4DZQxssdcGUAs-/0/1736000589034?e=2147483647&v=beta&t=ZUF43qmGvTdROV-Wyj9yhMNXeInr_va9jao3c-R9XLo
"You uploaded a feed photo on January 3, 2025 at 1:30 PM (GMT)", -,https://media.licdn.com/dms/image/v2/D4D22AQFhgt1UTSrG2g/feedshare-shrink_2048_1536/B4DZQsXJeOHwAo-/0/1735911054028?e=2147483647&v=beta&t=FV6BlC_6g4uB7Z8Wfg5hEtLAkvhwkO78m9lbt9Zc13I
"You uploaded a feed photo on January 3, 2025 at 1:30 PM (GMT)", -,https://media.licdn.com/dms/image/v2/D4D22AQHXmjLnqhA1nQ/feedshare-shrink_160/B4DZQsXJeJHYAw-/0/1735911054331?e=2147483647&v=beta&t=gMmw8qQSifBReHtm6UifZqQ7u2M__ozxtJufHSsI-3M
"You uploaded a feed photo on January 2, 2025 at 1:19 PM (GMT)", -,https://media.licdn.com/dms/image/v2/D4D22AQEwt8aUJUsFAQ/feedshare-shrink_1280/B4DZQnLCQfHUAo-/0/1735823992568?e=2147483647&v=beta&t=rysNLS7tGtBFNW1Q1_GnNKUm4S9Ip5o_0c182Hr-M-s
"You uploaded a feed photo on January 2, 2025 at 1:19 PM (GMT)", -,https://media.licdn.com/dms/image/v2/D4D22AQGjf2KL68XXow/feedshare-shrink_1280/B4DZQnLCQKHMAk-/0/1735823993202?e=2147483647&v=beta&t=5NnGtRVN38O17ANAHgtjj4Cj2ODs2_NQ081rJoBEyS8
"You uploaded a feed photo on January 1, 2025 at 4:45 PM (GMT)", -,https://media.licdn.com/dms/image/v2/D4D22AQFRj3c7JLe5CQ/feedshare-shrink_800/B4DZQiwmPXHwAk-/0/1735749953027?e=2147483647&v=beta&t=KEtL3WVyY5tPX83uT6XKaQXcNARiAbBk9OcKeD1mRn8
"You uploaded a feed photo on January 1, 2025 at 4:45 PM (GMT)", -,https://media.licdn.com/dms/image/v2/D4D22AQE0D874DlFwnw/feedshare-shrink_2048_1536/B4DZQiwmPPG0Ao-/0/1735749953094?e=2147483647&v=beta&t=gqOolkEoZ7K5P2dkkee6Hy1KcodJTPbfCzuxruaKuLI
"You uploaded a feed photo on January 1, 2025 at 4:45 PM (GMT)", -,https://media.licdn.com/dms/image/v2/D4D22AQHb9uQVVvUzKA/feedshare-shrink_2048_1536/B4DZQiwmPJG0Ao-/0/1735749953245?e=2147483647&v=beta&t=SZ5fJ_a1MI2f7ZQaN3eVqc88SDG3m7Py-WZQURVoigE
"You uploaded a feed photo on January 1, 2025 at 4:45 PM (GMT)", -,https://media.licdn.com/dms/image/v2/D4D22AQG0gHUY1rAwPw/feedshare-shrink_480/B4DZQiwmPCG0AY-/0/1735749953042?e=2147483647&v=beta&t=HdkJ1y_O27O1VgbezLJvM0J2oyEBypxTNCsrkWHX1Kg
"You uploaded a feed photo on January 1, 2025 at 2:11 PM (GMT)", -,https://media.licdn.com/dms/image/v2/D4D22AQHXcTEkIZ74GQ/feedshare-shrink_800/B4DZQiNMsDHYAg-/0/1735740674750?e=2147483647&v=beta&t=z8KR-iQtJX9r7kzFIQyq6oee6BL6hvn9GQ8U9aV_cpQ
"You uploaded a feed photo on January 1, 2025 at 2:11 PM (GMT)", -,https://media.licdn.com/dms/image/v2/D4D22AQF3sIj5adyrrQ/feedshare-shrink_2048_1536/B4DZQiNMrrHwAs-/0/1735740675208?e=2147483647&v=beta&t=VXN2bTiNsmeG-7EB-5mw3-f9W3OhZhudwzyxBnUwSSc
"You uploaded a feed photo on January 1, 2025 at 2:11 PM (GMT)", -,https://media.licdn.com/dms/image/v2/D4D22AQFHhVdYJ_uQDQ/feedshare-shrink_2048_1536/B4DZQiNMrqGgAo-/0/1735740675678?e=2147483647&v=beta&t=yDLepTxSX8ampUuFGyBgjPTkb9KEr13VuHPvW16BtnI
"You uploaded a feed photo on January 1, 2025 at 6:36 AM (GMT)", -,https://media.licdn.com/dms/image/v2/D4D22AQF4MBjI6UlCeg/feedshare-shrink_1280/B4DZQglL7fHcAk-/0/1735713407438?e=2147483647&v=beta&t=vUQHQcs-lzWxU9Eu5cP4qavq--KuEzN5zxXj4Bsy7Mg
"You uploaded a feed photo on January 1, 2025 at 6:36 AM (GMT)", -,https://media.licdn.com/dms/image/v2/D4D22AQFKslgCKC5Z6A/feedshare-shrink_160/B4DZQglL7ZGUAc-/0/1735713407599?e=2147483647&v=beta&t=dDdz1RYe1FrKrpx_ZCFNZIHZ39FO7djVkwztuUA7HcY
"You uploaded a photo on December 31, 2024 at 1:50 PM (GMT)", -,https://media.licdn.com/dms/image/v2/D4D2DAQHGasOdPZU5jA/profile-treasury-image-shrink_800_800/profile-treasury-image-shrink_800_800/0/1735653013392?e=2147483647&v=beta&t=pQWF8Ktb2PenF7LL70vHq1d8ccw8paJ8IxcOllrnj5o
"You uploaded a feed photo on December 31, 2024 at 12:53 PM (GMT)", -,https://media.licdn.com/dms/image/v2/D4D22AQGGjlRUdAZa4g/feedshare-shrink_480/B4DZQcxv2fHYAY-/0/1735649591564?e=2147483647&v=beta&t=I9Na48FV1G4WkfKKeoWINcP5hzHR5lrvGm9yd6rZ0N4
"You uploaded a feed photo on December 31, 2024 at 12:53 PM (GMT)", -,https://media.licdn.com/dms/image/v2/D4D22AQGPv3BZsoKyqg/feedshare-shrink_20/B4DZQcxv2bGgAw-/0/1735649591435?e=2147483647&v=beta&t=_5O5UO1R0XjC81vYitEy1WhEgG8pr4ne5-_tz7OTpHA
"You uploaded a feed photo on December 30, 2024 at 5:37 AM (GMT)", -,https://media.licdn.com/dms/image/v2/D4D22AQG3lqTVzjDXqw/feedshare-shrink_1280/B4DZQWEaqlGkAk-/0/1735537048366?e=2147483647&v=beta&t=2LdjiNYX52EDeAwPORtY0Xo3Op49PXbW37-mPlKb0RE
"You uploaded a feed photo on December 30, 2024 at 5:37 AM (GMT)", -,https://media.licdn.com/dms/image/v2/D4D22AQEV7-jqp6bEhw/feedshare-shrink_800/B4DZQWEaqUGgAg-/0/1735537046562?e=2147483647&v=beta&t=P6XW5vzKutwwgV_2vttLJ7YySSYh5aPV97iFcGtBDz8
"You uploaded a feed photo on December 29, 2024 at 1:41 PM (GMT)", -,https://media.licdn.com/dms/image/v2/D4D22AQF1q9S5m8vqTQ/feedshare-shrink_1280/B4DZQSpsABGgAo-/0/1735479706686?e=2147483647&v=beta&t=Cat146TWhP7x3xxvFRZca2_Cwfs2qkMqzdvkJ5u8FKU
"You uploaded a feed photo on December 29, 2024 at 1:41 PM (GMT)", -,https://media.licdn.com/dms/image/v2/D4D22AQE9G-KqgfYO5g/feedshare-shrink_480/B4DZQSpr_CGkAY-/0/1735479706508?e=2147483647&v=beta&t=zf9oGP8vvuwQRDHMMWNygKdOu6heryk_LmmW4vD6qRI
"You uploaded a feed photo on December 29, 2024 at 1:41 PM (GMT)", -,https://media.licdn.com/dms/image/v2/D4D22AQEeisMrJfQPNg/feedshare-shrink_160/B4DZQSpr.1GUAc-/0/1735479706638?e=2147483647&v=beta&t=yIuT2Lwx9dqdf9x4AjGqMOLuhtwqOtdDpYgOKG8ioVc
"You uploaded a feed photo on December 29, 2024 at 1:41 PM (GMT)", -,https://media.licdn.com/dms/image/v2/D4D22AQFORaLShG4QRQ/feedshare-shrink_2048_1536/B4DZQSpr.0GgAo-/0/1735479706552?e=2147483647&v=beta&t=IrEBrJmPt_fRIr3mHeOYeOb4zQkWUzNkfS8p8cwTOrU
"You uploaded a feed photo on December 29, 2024 at 1:41 PM (GMT)", -,https://media.licdn.com/dms/image/v2/D4D22AQEKpEvDgA4Slg/feedshare-shrink_1280/B4DZQSpr.zHUAk-/0/1735479706893?e=2147483647&v=beta&t=M4M14GSpbO8CkgPvDbSnmprfrOAT7zT2DAk6Vveadz4
"You uploaded a feed photo on December 29, 2024 at 1:41 PM (GMT)", -,https://media.licdn.com/dms/image/v2/D4D22AQG9gjQfkZifdA/feedshare-shrink_1280/B4DZQSpr.vHMAk-/0/1735479706848?e=2147483647&v=beta&t=atvRBevNY-eGbXIKqm701BLjYLhNGoasPB2O6zkcoOA
"You uploaded a feed photo on December 29, 2024 at 1:41 PM (GMT)", -,https://media.licdn.com/dms/image/v2/D4D22AQHJZ1aQbUfCqg/feedshare-shrink_480/B4DZQSpr.oGkAY-/0/1735479706177?e=2147483647&v=beta&t=TDGal4RuGGxXZWXs-FatHvfmH6KV8mMqVM6RF9iPWEc
"You uploaded a feed photo on December 29, 2024 at 5:15 AM (GMT)", -,https://media.licdn.com/dms/image/v2/D4D22AQEPEeThbzrMgw/feedshare-shrink_1280/B4DZQQ1topG0Ak-/0/1735449304901?e=2147483647&v=beta&t=_q--RrHeFmqGyCCD8kEUJu4oi7LOR6m8kFc54B-uEMo
"You uploaded a feed photo on December 29, 2024 at 5:15 AM (GMT)", -,https://media.licdn.com/dms/image/v2/D4D22AQF06oJmEjZWaw/feedshare-shrink_20/B4DZQQ1toWHcAw-/0/1735449304739?e=2147483647&v=beta&t=3WqjVg5s7rPd3UTu3COr3K4VgtUv_Xej5TRL2--WTRs
"You uploaded a feed photo on December 28, 2024 at 2:01 PM (GMT)", -,https://media.licdn.com/dms/image/v2/D4D22AQEzbIvXVwUcRQ/feedshare-shrink_20/B4DZQNkncfHcAs-/0/1735394490880?e=2147483647&v=beta&t=yYlv1jGTxpidRfh9DBUUyZpGWvlZ89r2XdAuvp6B0y0
"You uploaded a feed photo on December 28, 2024 at 2:01 PM (GMT)", -,https://media.licdn.com/dms/image/v2/D4D22AQFzYl5EJjvXWA/feedshare-shrink_1280/B4DZQNkncDHMAk-/0/1735394491109?e=2147483647&v=beta&t=8qQjw-rukhRVzxOaaPnFrec-BFYAskZG-gkac6VvFjI
"You uploaded a feed photo on December 27, 2024 at 1:55 PM (GMT)", -,https://media.licdn.com/dms/image/v2/D4D22AQEndN1_1ph39Q/feedshare-shrink_20/B4DZQIZts5HcAs-/0/1735307746862?e=2147483647&v=beta&t=wnsBc7wiGRy3TWbU0JD7sGdk2PzhMaqK4CiS1p0Y4yI
"You uploaded a feed photo on December 27, 2024 at 1:55 PM (GMT)", -,https://media.licdn.com/dms/image/v2/D4D22AQEsykURV260Kw/feedshare-shrink_800/B4DZQIZtr_G0Ag-/0/1735307746883?e=2147483647&v=beta&t=nm_281-C-mv--UaT9jFdryZwaAxjkHfbN060F83GhtM
"You uploaded a feed photo on December 27, 2024 at 1:55 PM (GMT)", -,https://media.licdn.com/dms/image/v2/D4D22AQFmqFo_FgGoTg/feedshare-shrink_20/B4DZQIZtr8GUAw-/0/1735307747161?e=2147483647&v=beta&t=Fxk8czomntbHFTk9F6YYBVjs6KXZFIbpBbb5OqqhcnI
"You uploaded a feed photo on December 27, 2024 at 1:55 PM (GMT)", -,https://media.licdn.com/dms/image/v2/D4D22AQEv2UFrM4kVGA/feedshare-shrink_1280/B4DZQIZtr1HMAo-/0/1735307747326?e=2147483647&v=beta&t=FepG5aQNYatMrjTwQ86nqhGuA3FmV9NpfAywCB5a2Ek
"You uploaded a feed photo on December 27, 2024 at 1:55 PM (GMT)", -,https://media.licdn.com/dms/image/v2/D4D22AQF0L3ZOcN5OfA/feedshare-shrink_2048_1536/B4DZQIZtrmGgAs-/0/1735307748095?e=2147483647&v=beta&t=-rdEczj4avv0mfdTB3R_djUO2HSGduHHmVsPRSmmRjU
"You uploaded a feed photo on December 27, 2024 at 9:06 AM (GMT)", -,https://media.licdn.com/dms/image/v2/D4D22AQGm3NR0jkhHJw/feedshare-shrink_1280/B4DZQHXfWLHYAk-/0/1735290386530?e=2147483647&v=beta&t=sQSDSH7l8sk7-3ysuEXfR9kQlaQm_dU0uGTmBJyUrS8
"You uploaded a feed photo on December 27, 2024 at 9:06 AM (GMT)", -,https://media.licdn.com/dms/image/v2/D4D22AQGQImd5MWxLaw/feedshare-shrink_800/B4DZQHXfWKHUAg-/0/1735290386708?e=2147483647&v=beta&t=GAOVid7jeA1xfFFtoPbmHZz9ljUfRSs7yGBhb-qbxjw
"You uploaded a photo on December 26, 2024 at 10:58 AM (GMT)", -,https://media.licdn.com/dms/image/v2/D4D2DAQHePRKhdC_owA/profile-treasury-image-shrink_8192_8192/profile-treasury-image-shrink_8192_8192/0/1735210716246?e=2147483647&v=beta&t=bL_r1bbfK1UpruQcCRwWfKm89g5f78wWhUlu1__N-hU
"You uploaded a feed photo on December 26, 2024 at 10:55 AM (GMT)", -,https://media.licdn.com/dms/image/v2/D4D22AQGXt4FEpPw6Pw/feedshare-shrink_160/B4DZQCm24dHwAg-/0/1735210529094?e=2147483647&v=beta&t=FK5TlgPpWAInZBEACdssnRt0fQer3_Mics4M4_lPrNg
"You uploaded a feed photo on December 26, 2024 at 10:55 AM (GMT)", -,https://media.licdn.com/dms/image/v2/D4D22AQE2sd5Y8awImw/feedshare-shrink_2048_1536/B4DZQCm24YHMAs-/0/1735210529055?e=2147483647&v=beta&t=xRuW1ba1nOPqEhpPiHyasrPSrnJkgPoKSO-6EMt0K9w
"You uploaded a feed photo on December 26, 2024 at 7:07 AM (GMT)", -,https://media.licdn.com/dms/image/v2/D4D22AQFTyzlIyzeN8Q/feedshare-shrink_800/B4DZQByoRWGkAo-/0/1735196837805?e=2147483647&v=beta&t=M1AgtofeDeRMmmxPDwX9CCCWy0UnWDAwfg3grac5AhY
"You uploaded a feed photo on December 26, 2024 at 7:07 AM (GMT)", -,https://media.licdn.com/dms/image/v2/D4D22AQGSqrr8CsZ9qQ/feedshare-shrink_20/B4DZQByoRLHwAs-/0/1735196837572?e=2147483647&v=beta&t=dO_b60PVbB0N5bmI0xKAQpupICHJm4w2VJApoHS_YQU
"You uploaded a feed photo on December 25, 2024 at 5:45 AM (GMT)", -,https://media.licdn.com/dms/image/v2/D4D22AQGWbzbFRyibAw/feedshare-shrink_480/B4DZP8WbYLGUAY-/0/1735105558934?e=2147483647&v=beta&t=d5X0JnpPW682tG9gz1Es0m7sbXQvlhwF5ccTDL-vGRo
"You uploaded a feed photo on December 25, 2024 at 5:45 AM (GMT)", -,https://media.licdn.com/dms/image/v2/D4D22AQHZB7ZAx_nXSA/feedshare-shrink_480/B4DZP8WbXPHUAY-/0/1735105558677?e=2147483647&v=beta&t=IkqEDVoFKgSlD1NUTYub4qDDyFcEufNM417UHX_IQfo
"You uploaded a feed photo on December 24, 2024 at 10:49 AM (GMT)", -,https://media.licdn.com/dms/image/v2/D4D22AQGByyD5o2recQ/feedshare-shrink_800/B4DZP4SNSyGUAg-/0/1735037345317?e=2147483647&v=beta&t=Vhh2s5ugZKWaVFTUwFeJmt_h9B5Pftvq9-L71JY6Dtk
"You uploaded a feed photo on December 24, 2024 at 10:49 AM (GMT)", -,https://media.licdn.com/dms/image/v2/D4D22AQFUj7bcOKZWLA/feedshare-shrink_1280/B4DZP4SNRqG0Ao-/0/1735037345334?e=2147483647&v=beta&t=J51AsmlWJJhlGHL9lMXTkhA05fEsYqVl0JxTy01t-Ts
"You uploaded a feed photo on December 23, 2024 at 10:58 AM (GMT)", -,https://media.licdn.com/dms/image/v2/D4D22AQHgH1zzsdkEDw/feedshare-shrink_800/B4DZPzKsm_HwAg-/0/1734951489557?e=2147483647&v=beta&t=B5CRkLUbD3cB3vJrd7QZ1tLJ_MEAXOP-cJ4PN2PSD_4
"You uploaded a feed photo on December 23, 2024 at 10:58 AM (GMT)", -,https://media.licdn.com/dms/image/v2/D4D22AQFNf-8caLuDYw/feedshare-shrink_800/B4DZPzKsmaHYAg-/0/1734951489936?e=2147483647&v=beta&t=5vGYeVgiGK1JY5I26wZj3oo3hyAlz6CI4M6dE8BO0TM
"You uploaded a feed photo on December 22, 2024 at 5:10 AM (GMT)", -,https://media.licdn.com/dms/image/v2/D4D22AQEsFHCakG6BfA/feedshare-shrink_800/B4DZPsxfhEGgAg-/0/1734844218187?e=2147483647&v=beta&t=hP_40Iswa1yGxgH7NUBy009Y7FRDR-LmuW_Sl79N-W0
"You uploaded a feed photo on December 22, 2024 at 5:10 AM (GMT)", -,https://media.licdn.com/dms/image/v2/D4D22AQH2DFy3eBtlGA/feedshare-shrink_1280/B4DZPsxfg.HMAk-/0/1734844218236?e=2147483647&v=beta&t=v1wQMqpTw0U-5Qs43Ma-EHvzITsmV9_mAM39yMrj75c
"You uploaded a feed photo on December 21, 2024 at 1:58 PM (GMT)", -,https://media.licdn.com/dms/image/v2/D4D22AQExe6d-m3IwkQ/feedshare-shrink_800/B4DZPpguj3HcAg-/0/1734789493515?e=2147483647&v=beta&t=TvfD54zUQnXxw2IO6uARoOfBQojtaJeh8vnoMmC-Lms
"You uploaded a feed photo on December 21, 2024 at 1:58 PM (GMT)", -,https://media.licdn.com/dms/image/v2/D4D22AQFSwNh91u8saA/feedshare-shrink_1280/B4DZPpgujuHUAk-/0/1734789493519?e=2147483647&v=beta&t=oTVwBIfmcCk-9kvZbzv9dCKy2uitXjTI11ipCMqKccc
"You uploaded a feed photo on December 21, 2024 at 8:36 AM (GMT)", -,https://media.licdn.com/dms/image/v2/D4D22AQEAr7MsXkJlVw/feedshare-shrink_160/B4DZPoXJ96HcAc-/0/1734770216801?e=2147483647&v=beta&t=HJY9peDbkcDM6Yk83NOEw3y4cReu-JEmepBjn_d00gw
"You uploaded a feed photo on December 21, 2024 at 8:36 AM (GMT)", -,https://media.licdn.com/dms/image/v2/D4D22AQFCWp58VPZ3sA/feedshare-shrink_20/B4DZPoXJ8rHYAw-/0/1734770377086?e=2147483647&v=beta&t=TorgjXIyMbmqe-Bvn9_vE43Tho41c4SB8qWCsGq_wfQ
"You uploaded a feed photo on December 20, 2024 at 2:05 PM (GMT)", -,https://media.licdn.com/dms/image/v2/D4D22AQEPe3zJNtaO2g/feedshare-shrink_1280/B4DZPkYwwiHwAk-/0/1734703523659?e=2147483647&v=beta&t=YyPNjBObEJbrlnrO6HNzPH9mHgowujAUtq_GrWTlPiI
"You uploaded a feed photo on December 20, 2024 at 2:05 PM (GMT)", -,https://media.licdn.com/dms/image/v2/D4D22AQHvIxwSayS6Ww/feedshare-shrink_800/B4DZPkYwwRG0Ag-/0/1734703520745?e=2147483647&v=beta&t=s0OD0PtReaORFrI-dN8CXZfr9U6NXh4_gkHs8BJ9Y0Q
"You uploaded a feed photo on December 19, 2024 at 1:18 PM (GMT)", -,https://media.licdn.com/dms/image/v2/D4D22AQFwRxMWO2t1yA/feedshare-shrink_160/B4DZPfEbRLG0Ac-/0/1734614300641?e=2147483647&v=beta&t=l2GD33jrqm3iUUISsq2tP8tiR8gCac7L8pFuq6t3hKs
"You uploaded a feed photo on December 19, 2024 at 1:18 PM (GMT)", -,https://media.licdn.com/dms/image/v2/D4D22AQFXrkgzXx4frw/feedshare-shrink_480/B4DZPfEbQtGoAc-/0/1734614300897?e=2147483647&v=beta&t=GQa0bAAKiINNzaSVXcZaK3V8fXbED9tzc_JZc87tue0
"You uploaded a feed photo on December 17, 2024 at 5:13 PM (GMT)", -,https://media.licdn.com/dms/image/v2/D4D22AQH-8wSBBaWyrw/feedshare-shrink_1280/B4DZPVnL5AHcAo-/0/1734455640512?e=2147483647&v=beta&t=aDz8OpSsTspiMt2qWfRNpmToQyXTkcVTTvRNAFrNJZ8
"You uploaded a feed photo on December 17, 2024 at 5:13 PM (GMT)", -,https://media.licdn.com/dms/image/v2/D4D22AQH-yf_g7cYuNA/feedshare-shrink_1280/B4DZPVnL48HUAk-/0/1734455640305?e=2147483647&v=beta&t=z3mmjxlUzMkK_zCxi3g2lz2Hs-Wvwtx___8rlzowEzs
"You uploaded a feed photo on December 17, 2024 at 5:13 PM (GMT)", -,https://media.licdn.com/dms/image/v2/D4D22AQFlWjVOeABD6Q/feedshare-shrink_160/B4DZPVnL41GgBI-/0/1734455640554?e=2147483647&v=beta&t=3yJMNiW7KwTNimhAJ2M7uY6yTH8yVbRBTxup44S3SW8
"You uploaded a feed photo on December 17, 2024 at 5:13 PM (GMT)", -,https://media.licdn.com/dms/image/v2/D4D22AQHkjYBoYjqRrA/feedshare-shrink_160/B4DZPVnL4wHMAc-/0/1734455640332?e=2147483647&v=beta&t=YjfNpxk7ktZIyuFXpc2tDTxeHwnAkwXsw2kCegZINyE
"You uploaded a photo on December 16, 2024 at 5:58 PM (GMT)", -,https://media.licdn.com/dms/image/v2/D4D2DAQFzcoPvL3UX8w/profile-treasury-image-shrink_8192_8192/profile-treasury-image-shrink_8192_8192/0/1734371887329?e=2147483647&v=beta&t=n6IJudZUxNujE7MJDIr1vgqXm58HHd6LD3HhWpuejm4
"You uploaded a feed photo on December 16, 2024 at 2:37 PM (GMT)", -,https://media.licdn.com/dms/image/v2/D4D22AQGMQAyxiCOrew/feedshare-shrink_160/B4DZPP52a3GUAc-/0/1734359869803?e=2147483647&v=beta&t=Eq3wENMVrXE2Lm9k6QxMQaGweOHarcZ5ugvJ3VnRG-Q
"You uploaded a feed photo on December 16, 2024 at 2:37 PM (GMT)", -,https://media.licdn.com/dms/image/v2/D4D22AQFLVZ0dRjxEIQ/feedshare-shrink_160/B4DZPP52aLHcAc-/0/1734359869758?e=2147483647&v=beta&t=2Ls6zdBxS2iEhP44F1EChMtaP3P-sehMmU2htPaM60w
"You uploaded a feed photo on December 16, 2024 at 1:28 PM (GMT)", -,https://media.licdn.com/dms/image/v2/D4D22AQFpImKyTRX5yg/feedshare-shrink_20/B4DZPPqBtdHUAw-/0/1734355721799?e=2147483647&v=beta&t=iAV5K4ykvmGlAmaynW5MUQ2Cw8NVa3hQrdnN7OwRpEU
"You uploaded a feed photo on December 16, 2024 at 1:28 PM (GMT)", -,https://media.licdn.com/dms/image/v2/D4D22AQHMpOzI0X0tFg/feedshare-shrink_800/B4DZPPqBtUHYAg-/0/1734355721807?e=2147483647&v=beta&t=sNiURb9IsodI_5KiQAdAOnNuDos4VkWbzIh_vn0MSEE
"You uploaded a feed photo on December 15, 2024 at 9:56 AM (GMT)", -,https://media.licdn.com/dms/image/v2/D4D22AQGYdKUr1TT2FA/feedshare-shrink_1280/B4DZPJv6FZGoAo-/0/1734256599897?e=2147483647&v=beta&t=oLCp6WPjpfhVPcRrXgFAHlnVzUbJRU6tJV4XBDBN8GY
"You uploaded a feed photo on December 15, 2024 at 9:56 AM (GMT)", -,https://media.licdn.com/dms/image/v2/D4D22AQFHz_IpOJYXpA/feedshare-shrink_2048_1536/B4DZPJv6FXHcAo-/0/1734256600134?e=2147483647&v=beta&t=oWpa0aJ3q5fMMCaunR77cwmkNeg06lzLRumPVkpnL0M
"You uploaded a feed photo on December 15, 2024 at 9:56 AM (GMT)", -,https://media.licdn.com/dms/image/v2/D4D22AQHUB2BqwuIigQ/feedshare-shrink_800/B4DZPJv6FHHQAg-/0/1734256600111?e=2147483647&v=beta&t=EPk2MEWvxhO_AUIcKNJ-vtEZ1GB4ephCoDOXVCGRIl8
"You uploaded a feed photo on December 15, 2024 at 4:46 AM (GMT)", -,https://media.licdn.com/dms/image/v2/D4D22AQGTxBbcwW9yZw/feedshare-shrink_1280/B4DZPIo9u.HMAk-/0/1734238002811?e=2147483647&v=beta&t=JXhoL1XDO4gAR47YJZsUjhqtwsReR7HBSQLKiQhsLW8
"You uploaded a feed photo on December 15, 2024 at 4:46 AM (GMT)", -,https://media.licdn.com/dms/image/v2/D4D22AQH1znlie1K--A/feedshare-shrink_800/B4DZPIo9uyGgAk-/0/1734238002814?e=2147483647&v=beta&t=vD0snH8sRKZxD_L5_IiB4X4ln0ZK83sX-oDmEtJQFes
"You uploaded a feed photo on December 14, 2024 at 2:21 PM (GMT)", -,https://media.licdn.com/dms/image/v2/D4D22AQEFZcsu7esPRw/feedshare-shrink_800/B4DZPFi80HGoAk-/0/1734186094345?e=2147483647&v=beta&t=7tLCwNtAPYF46qWrK2jXJJC3WP6a8FrG-Rmar_-uroE
"You uploaded a feed photo on December 14, 2024 at 2:21 PM (GMT)", -,https://media.licdn.com/dms/image/v2/D4D22AQFE8pRjRxwLIA/feedshare-shrink_1280/B4DZPFi8z0HQAs-/0/1734186094348?e=2147483647&v=beta&t=knIz2Xy7uNP95L7uMWcvEg0OGuNXzPMomA1uEEdk1UA
"You uploaded a feed photo on December 13, 2024 at 12:09 PM (GMT)", -,https://media.licdn.com/dms/image/v2/D4D22AQFhz5nsFTHfaA/feedshare-shrink_800/B4DZO_7CDJGgAg-/0/1734091744173?e=2147483647&v=beta&t=79qPRkyzud4sipmZFV8sVuhwdBueNwY-HtrZ6CyXWuU
"You uploaded a feed photo on December 13, 2024 at 12:09 PM (GMT)", -,https://media.licdn.com/dms/image/v2/D4D22AQGKuFMzM-O15w/feedshare-shrink_800/B4DZO_7CDFHcAg-/0/1734091744159?e=2147483647&v=beta&t=asOR6hI7INkdu4TAlyzZPkEtaNyDbkm8omwPEeI73rc
"You uploaded a feed photo on December 12, 2024 at 5:21 PM (GMT)", -,https://media.licdn.com/dms/image/v2/D4D22AQGHWkPaFhXmEQ/feedshare-shrink_2048_1536/feedshare-shrink_2048_1536/0/1734024064705?e=2147483647&v=beta&t=HMbMOBC7uiPGPzcBUg70A433sJ4ApB83w0e4V8KKd1o
"You uploaded a feed photo on December 12, 2024 at 5:21 PM (GMT)", -,https://media.licdn.com/dms/image/v2/D4D22AQFkN0M2YEJekQ/feedshare-shrink_2048_1536/feedshare-shrink_2048_1536/0/1734024064654?e=2147483647&v=beta&t=0FRaQkguLRGkW9TLntlihMQwZ4xpJDcUMlsHGt2W5m4
"You uploaded a feed photo on December 12, 2024 at 9:05 AM (GMT)", -,https://media.licdn.com/dms/image/v2/D4D22AQGwleUDiNl8tg/feedshare-shrink_2048_1536/feedshare-shrink_2048_1536/0/1733994316799?e=2147483647&v=beta&t=lSr6t5NVwUJo8sOVKRxf2yb2r9Xd_YNH7lZQrcRatp0
"You uploaded a feed photo on December 12, 2024 at 9:05 AM (GMT)", -,https://media.licdn.com/dms/image/v2/D4D22AQHG75eDEktPVg/feedshare-shrink_2048_1536/feedshare-shrink_2048_1536/0/1733994307174?e=2147483647&v=beta&t=bUJO-jvPOzZPyc6ZynTGCB_BIc5IKO5Y8glXUGNy_y8
"You uploaded a feed photo on December 11, 2024 at 12:29 PM (GMT)", -,https://media.licdn.com/dms/image/v2/D4D22AQGT9nhvxd0zTA/feedshare-shrink_2048_1536/feedshare-shrink_2048_1536/0/1733920145505?e=2147483647&v=beta&t=0g41sbqvNWus5784307VrySzXGRcSjZHZhiKGDNqtc4
"You uploaded a feed photo on December 11, 2024 at 12:29 PM (GMT)", -,https://media.licdn.com/dms/image/v2/D4D22AQFvhtRAJiC1Ww/feedshare-shrink_2048_1536/feedshare-shrink_2048_1536/0/1733920145490?e=2147483647&v=beta&t=6FTDyoG74GrbBplnPej1hiU1BadGy-9TK8986SDRH9M
"You uploaded a feed photo on December 10, 2024 at 7:00 AM (GMT)", -,https://media.licdn.com/dms/image/v2/D4E22AQEbAN4-nbbz2Q/feedshare-shrink_2048_1536/feedshare-shrink_2048_1536/0/1733814050227?e=2147483647&v=beta&t=Cr_g7VccowlCpWsOz1H_ODR0LJk16FaQS3QVmg6_Arg
"You uploaded a feed photo on December 10, 2024 at 7:00 AM (GMT)", -,https://media.licdn.com/dms/image/v2/D4E22AQGlaZE10-12HQ/feedshare-shrink_2048_1536/feedshare-shrink_2048_1536/0/1733814049656?e=2147483647&v=beta&t=oykKfQsBNVah35OPO1LaG0h1tswJvLspFFgdSbbFVqg
"You uploaded a feed photo on December 9, 2024 at 5:41 AM (GMT)", -,https://media.licdn.com/dms/image/v2/D4D22AQG6yvLPLJ6IEQ/feedshare-shrink_2048_1536/feedshare-shrink_2048_1536/0/1733722865068?e=2147483647&v=beta&t=Mi4MPnL-XMlkqRGNvyQABTLEU469gyymWupMD9t4iNA
"You uploaded a feed photo on December 9, 2024 at 5:41 AM (GMT)", -,https://media.licdn.com/dms/image/v2/D4D22AQHqM-LA08keqg/feedshare-shrink_2048_1536/feedshare-shrink_2048_1536/0/1733722865157?e=2147483647&v=beta&t=yHPPw461bRJxtOd3_KArbM2eiReZVbVV5VnFCVjoHUU
"You uploaded a feed photo on December 8, 2024 at 1:32 PM (GMT)", -,https://media.licdn.com/dms/image/v2/D4D22AQEDSnsFt07YtA/feedshare-shrink_2048_1536/feedshare-shrink_2048_1536/0/1733664739251?e=2147483647&v=beta&t=Q0kuUUoCzqmQdkVkXtD5p0EOMwV-uIvHk5C-LBwz4nU
"You uploaded a feed photo on December 8, 2024 at 1:32 PM (GMT)", -,https://media.licdn.com/dms/image/v2/D4D22AQE_zA9mcaZW_w/feedshare-shrink_2048_1536/feedshare-shrink_2048_1536/0/1733664739008?e=2147483647&v=beta&t=shpWCy35mSaH-GN5Pohcq5d9esoyyGMAPBNGy7CIq4c
"You uploaded a feed photo on December 7, 2024 at 2:54 PM (GMT)", -,https://media.licdn.com/dms/image/v2/D4D22AQGwJ286aR9X7w/feedshare-shrink_2048_1536/feedshare-shrink_2048_1536/0/1733583295673?e=2147483647&v=beta&t=8CO2nx6u8zrlXMXs0aLcYb3UxuQ3gQSs9U4-Gvla5ok
"You uploaded a feed photo on December 7, 2024 at 2:54 PM (GMT)", -,https://media.licdn.com/dms/image/v2/D4D22AQEnTtdr1xuOXg/feedshare-shrink_2048_1536/feedshare-shrink_2048_1536/0/1733583295943?e=2147483647&v=beta&t=KkeNtwA2AoZvUS5mY62a92bnskgGa-ywH6EZXRSp38Q
"You uploaded a feed photo on December 7, 2024 at 2:54 PM (GMT)", -,https://media.licdn.com/dms/image/v2/D4D22AQFAzkyk3eD02g/feedshare-shrink_2048_1536/feedshare-shrink_2048_1536/0/1733583295149?e=2147483647&v=beta&t=FitXJnWqtyuwtJGD7q4uIBYzvlFwwpV6VakOfklf3RA
"You uploaded a feed photo on December 6, 2024 at 2:32 PM (GMT)", -,https://media.licdn.com/dms/image/v2/D4D22AQHnte80bhLSqw/feedshare-shrink_2048_1536/feedshare-shrink_2048_1536/0/1733495538668?e=2147483647&v=beta&t=Myb-IKgDMqBzQpx0KJBlDCcFYxU_SkvjXrZViillHPA
"You uploaded a feed photo on December 6, 2024 at 2:32 PM (GMT)", -,https://media.licdn.com/dms/image/v2/D4D22AQHBMiIbjkKgBg/feedshare-shrink_2048_1536/feedshare-shrink_2048_1536/0/1733495538637?e=2147483647&v=beta&t=1CZBAzFtOcUk3JSKQCERb24SVOETAbqn-KVCcy31n9E
"You uploaded a feed photo on December 5, 2024 at 9:00 AM (GMT)", -,https://media.licdn.com/dms/image/v2/D4D22AQHL992zLW5lZQ/feedshare-shrink_2048_1536/feedshare-shrink_2048_1536/0/1733389253804?e=2147483647&v=beta&t=uuRBctpoEYuXuMPJeZdoQSrPgf0jDNxhYCac7oDfBuM
"You uploaded a feed photo on December 5, 2024 at 9:00 AM (GMT)", -,https://media.licdn.com/dms/image/v2/D4D22AQH-I0bI4sf7CQ/feedshare-shrink_2048_1536/feedshare-shrink_2048_1536/0/1733389253489?e=2147483647&v=beta&t=2lCvKAJE6QidilHfHQHEQeFqLrgUVjJ6862D8EOeSXM
"You uploaded a feed photo on December 4, 2024 at 2:29 PM (GMT)", -,https://media.licdn.com/dms/image/v2/D4D22AQHtkx9aLAL9Gg/feedshare-shrink_2048_1536/feedshare-shrink_2048_1536/0/1733322588075?e=2147483647&v=beta&t=6Aexo2HRVNN_imWD0TQrSlDTm846FtgSsgBF1qha5OM
"You uploaded a feed photo on December 4, 2024 at 2:29 PM (GMT)", -,https://media.licdn.com/dms/image/v2/D4D22AQE3HtqhzmaJbQ/feedshare-shrink_2048_1536/feedshare-shrink_2048_1536/0/1733322588089?e=2147483647&v=beta&t=viRFdNemHDPhh5AQzmwaZkhew5af93_qtaRJS9U_poU
"You uploaded a feed photo on December 3, 2024 at 5:36 PM (GMT)", -,https://media.licdn.com/dms/image/v2/D4E22AQG1TtMBbupi3A/feedshare-shrink_2048_1536/feedshare-shrink_2048_1536/0/1733247414921?e=2147483647&v=beta&t=lr_wlu6shNHM2HAFle1VFPL68W1Cad-IHpSjapcpfbM
"You uploaded a feed photo on December 3, 2024 at 5:36 PM (GMT)", -,https://media.licdn.com/dms/image/v2/D4E22AQHLCIyonDxBzg/feedshare-shrink_2048_1536/feedshare-shrink_2048_1536/0/1733247414996?e=2147483647&v=beta&t=oyJL8q6OXaCzIrlge0-GqJH5EmUScWL2RBZ_1tdqAKE
"You uploaded a feed photo on December 2, 2024 at 11:22 AM (GMT)", -,https://media.licdn.com/dms/image/v2/D4D22AQHEvutF-B1tTw/feedshare-shrink_2048_1536/feedshare-shrink_2048_1536/0/1733138579349?e=2147483647&v=beta&t=TbG7R5H-1opleJ6pdiZ6z7tkq6rJvMHNrkNe8CeGns0
"You uploaded a feed photo on December 2, 2024 at 11:22 AM (GMT)", -,https://media.licdn.com/dms/image/v2/D4D22AQFePlH8MS78rg/feedshare-shrink_2048_1536/feedshare-shrink_2048_1536/0/1733138579362?e=2147483647&v=beta&t=4UX4-1un991Pd7GItgFmvpKzO7VIRWUTCzwEcRX4k30
"You uploaded a feed photo on December 1, 2024 at 6:18 AM (GMT)", -,https://media.licdn.com/dms/image/v2/D4D22AQF982xURlJb2w/feedshare-shrink_2048_1536/feedshare-shrink_2048_1536/0/1733033902324?e=2147483647&v=beta&t=cPNy5mUM4zk9Bdi6iw8E9KdE8GcMXdCU1WB9a6JBzAw
"You uploaded a feed photo on December 1, 2024 at 6:18 AM (GMT)", -,https://media.licdn.com/dms/image/v2/D4D22AQGdXDaajHCxJw/feedshare-shrink_2048_1536/feedshare-shrink_2048_1536/0/1733033902191?e=2147483647&v=beta&t=vEy--JLFZFSi5sNsz1EhrLM77CouPkeD3F7FLz7YfRk
"You uploaded a feed photo on November 30, 2024 at 5:22 AM (GMT)", -,https://media.licdn.com/dms/image/v2/D4D22AQGYjAgSisKmaw/feedshare-shrink_2048_1536/feedshare-shrink_2048_1536/0/1732944153604?e=2147483647&v=beta&t=lYrriS6UZZgL4esG_ek4rCU0pm5yqzXYZfsmjkxnJss
"You uploaded a feed photo on November 30, 2024 at 5:22 AM (GMT)", -,https://media.licdn.com/dms/image/v2/D4D22AQFHPdGzzmfKqA/feedshare-shrink_2048_1536/feedshare-shrink_2048_1536/0/1732944153940?e=2147483647&v=beta&t=i0NgNaxVdpv9q-NudK8_9OVjNyWfEZlzXljlbvPkafQ
"You uploaded a feed photo on November 29, 2024 at 1:27 PM (GMT)", -,https://media.licdn.com/dms/image/v2/D4D22AQF32yMyITHUyg/feedshare-shrink_2048_1536/feedshare-shrink_2048_1536/0/1732886834918?e=2147483647&v=beta&t=4dHNa9OBHQc-KOQQFO3CVsUXV1QRRMT1nQ6vxZ4DnjI
"You uploaded a feed photo on November 29, 2024 at 1:27 PM (GMT)", -,https://media.licdn.com/dms/image/v2/D4D22AQGEnoRPHkLL8w/feedshare-shrink_2048_1536/feedshare-shrink_2048_1536/0/1732886834732?e=2147483647&v=beta&t=n5oStyV3AZu3MOhRiQsy3I2GGfvXWI4ZrvDHb2enGtg
"You uploaded a feed photo on November 28, 2024 at 6:03 PM (GMT)", -,https://media.licdn.com/dms/image/v2/D4D22AQEMjOsG6Gyr1g/feedshare-shrink_2048_1536/feedshare-shrink_2048_1536/0/1732816991789?e=2147483647&v=beta&t=V7VoVWDM_gWr4UcrkTbKHepb_qsjVaSUt-a-YRj2yr4
"You uploaded a feed photo on November 28, 2024 at 6:03 PM (GMT)", -,https://media.licdn.com/dms/image/v2/D4D22AQFmwKC8IbgrUg/feedshare-shrink_2048_1536/feedshare-shrink_2048_1536/0/1732816991421?e=2147483647&v=beta&t=2mTeVetEFceipsgixBYXjbgq1d5R0RPeGOpS0ECNJbo
"You uploaded a feed photo on November 27, 2024 at 12:57 PM (GMT)", -,https://media.licdn.com/dms/image/v2/D4E22AQGTCVVOi4AOSQ/feedshare-shrink_2048_1536/feedshare-shrink_2048_1536/0/1732712250374?e=2147483647&v=beta&t=wpNhCgE-W0NMImH4tQaB8h6LbSzz5ub1CLW8A31Nm3g
"You uploaded a feed photo on November 27, 2024 at 12:57 PM (GMT)", -,https://media.licdn.com/dms/image/v2/D4E22AQFxCKOaC5O4LA/feedshare-shrink_2048_1536/feedshare-shrink_2048_1536/0/1732712248054?e=2147483647&v=beta&t=F4_8upLr6cQuFS87uMFXIcmWaa7_NGcWhU1UBDfBtoM
"You uploaded a feed photo on November 26, 2024 at 2:00 PM (GMT)", -,https://media.licdn.com/dms/image/v2/D4D22AQEs29HSAVqftQ/feedshare-shrink_2048_1536/feedshare-shrink_2048_1536/0/1732629624796?e=2147483647&v=beta&t=H2mpNgw7HwAgxRtsbs_RiEzk0b-5FhymWwplkJB3VVo
"You uploaded a feed photo on November 26, 2024 at 2:00 PM (GMT)", -,https://media.licdn.com/dms/image/v2/D4D22AQHU6clblqm_OQ/feedshare-shrink_2048_1536/feedshare-shrink_2048_1536/0/1732629619977?e=2147483647&v=beta&t=VuhsmpGqbS1PLUoHWMdRFK8CRI_UYmsHyC5ULK9pli0
"You uploaded a feed photo on November 25, 2024 at 3:28 PM (GMT)", -,https://media.licdn.com/dms/image/v2/D4D22AQHhkBmNVfK-_g/feedshare-shrink_2048_1536/feedshare-shrink_2048_1536/0/1732548545491?e=2147483647&v=beta&t=ClU7Usu6x5UzzwFmzY0EbGvLA2CyzEFNjts8TnYv6Jw
"You uploaded a feed photo on November 25, 2024 at 3:28 PM (GMT)", -,https://media.licdn.com/dms/image/v2/D4D22AQE5c3USv9qEAw/feedshare-shrink_2048_1536/feedshare-shrink_2048_1536/0/1732548543631?e=2147483647&v=beta&t=wD9-CEON02sUj3mXz3BO4j3zwsxmHfpz-T_wBBP1feg
"You uploaded a feed photo on November 24, 2024 at 10:06 AM (GMT)", -,https://media.licdn.com/dms/image/v2/D4D22AQGpLlQk0nC7wQ/feedshare-shrink_2048_1536/feedshare-shrink_2048_1536/0/1732442801403?e=2147483647&v=beta&t=U8TQQlnrw2zzhrHOLpPmreYp1-NKrGJNz2RK_fMLMy8
"You uploaded a feed photo on November 24, 2024 at 10:06 AM (GMT)", -,https://media.licdn.com/dms/image/v2/D4D22AQEbt1VMhNnhRg/feedshare-shrink_2048_1536/feedshare-shrink_2048_1536/0/1732442800520?e=2147483647&v=beta&t=pfLWll7rDECsR3D6atZ7Gn1wqkumwVg7LEEHARDJ3pQ
"You uploaded a feed photo on November 23, 2024 at 3:08 PM (GMT)", -,https://media.licdn.com/dms/image/v2/D4D22AQEsG_z1-gPeOg/feedshare-shrink_2048_1536/feedshare-shrink_2048_1536/0/1732374560580?e=2147483647&v=beta&t=_1pH4E9nTg-LSUc39gLfuScVmXio46ILD-zGgyj2APE
"You uploaded a feed photo on November 22, 2024 at 2:40 PM (GMT)", -,https://media.licdn.com/dms/image/v2/D4D22AQHMWG9ZJNFMYQ/feedshare-shrink_2048_1536/feedshare-shrink_2048_1536/0/1732286422463?e=2147483647&v=beta&t=WqMCdjPxa5_u5bxLPADPDMq6I3uPr1J-Efd-UrPr6RY
"You uploaded a feed photo on November 22, 2024 at 2:40 PM (GMT)", -,https://media.licdn.com/dms/image/v2/D4D22AQEk7Sm_3oVVIw/feedshare-shrink_2048_1536/feedshare-shrink_2048_1536/0/1732286418426?e=2147483647&v=beta&t=oIT1YAxLXKqnwoZ_z48mm_WyZqarfQdvim00YgiCuAY
"You uploaded a feed photo on November 22, 2024 at 2:35 PM (GMT)", -,https://media.licdn.com/dms/image/v2/D4D22AQGfe8-g0TS4Gg/feedshare-shrink_2048_1536/feedshare-shrink_2048_1536/0/1732286152214?e=2147483647&v=beta&t=DW3SuvFjVofnnR2O-HlnzX4hPRBGj3oiBgSwSP5It6c
"You uploaded a document on November 21, 2024 at 1:32 PM (GMT)", -,https://media.licdn.com/dms/image/v2/D4D2DAQF1FLV46FFwRg/profile-treasury-document-cover-images_1920/profile-treasury-document-cover-images_1920/0/1732195980692?e=2147483647&v=beta&t=HOIvQlzCgiU1sHTyXtVjuyJVFGBzJQwIBz65j4_w8wI
"You uploaded a feed photo on November 21, 2024 at 12:01 PM (GMT)", -,https://media.licdn.com/dms/image/v2/D4D22AQEJknHNxUu1RA/feedshare-shrink_2048_1536/feedshare-shrink_2048_1536/0/1732190481147?e=2147483647&v=beta&t=ijLTt8aYBBRZzc2ZwQNILaBBGEp781SghPkarwZy80s
"You uploaded a feed photo on November 21, 2024 at 12:01 PM (GMT)", -,https://media.licdn.com/dms/image/v2/D4D22AQH6ulotGnnTFQ/feedshare-shrink_2048_1536/feedshare-shrink_2048_1536/0/1732190478107?e=2147483647&v=beta&t=y8sXAz2w-ZAh4uMluNExNxGCiZg6PUf6IvpXY7iOV2Y
"You uploaded a feed photo on November 20, 2024 at 2:16 PM (GMT)", -,https://media.licdn.com/dms/image/v2/D4D22AQET6Ss0bZxIRA/feedshare-shrink_2048_1536/feedshare-shrink_2048_1536/0/1732112229754?e=2147483647&v=beta&t=asXorMPJ0oK-wbwdLG8yzL27ZlY8kL0io38LT6U-6UU
"You uploaded a feed photo on November 20, 2024 at 2:16 PM (GMT)", -,https://media.licdn.com/dms/image/v2/D4D22AQFcee31AHGqgw/feedshare-shrink_2048_1536/feedshare-shrink_2048_1536/0/1732112229730?e=2147483647&v=beta&t=1vfCpqiRmHVdufqWmjWVM98Sw2lwOhU7JVXA7ED80jg
"You uploaded a feed photo on November 19, 2024 at 4:09 PM (GMT)", -,https://media.licdn.com/dms/image/v2/D4E22AQHUlz0t0h1MSA/feedshare-shrink_2048_1536/feedshare-shrink_2048_1536/0/1732032583699?e=2147483647&v=beta&t=tMcH4qH4BuWC0eACrscaOaZqwndD3ku2umlcB4DPCEo
"You uploaded a feed photo on November 19, 2024 at 4:09 PM (GMT)", -,https://media.licdn.com/dms/image/v2/D4E22AQHpd9YT1ugWNw/feedshare-shrink_2048_1536/feedshare-shrink_2048_1536/0/1732032578109?e=2147483647&v=beta&t=U8DaNzzfNXowUBlB_1kLNzROhS86ev9pSVl8aarUb6k
"You uploaded a feed photo on November 18, 2024 at 10:15 AM (GMT)", -,https://media.licdn.com/dms/image/v2/D4D22AQG6DPX-Taqs1Q/feedshare-shrink_2048_1536/feedshare-shrink_2048_1536/0/1731924913430?e=2147483647&v=beta&t=5a21MxXzPGi94hDAok-26vbBtygNDI8w5PCa3IArJWs
"You uploaded a feed photo on November 18, 2024 at 10:15 AM (GMT)", -,https://media.licdn.com/dms/image/v2/D4D22AQGFXWq4el98Yg/feedshare-shrink_2048_1536/feedshare-shrink_2048_1536/0/1731924910602?e=2147483647&v=beta&t=5cJpjBTjnbiEfwH1ra2VqFKMs6ahisZutajVBBdvJFM
"You uploaded a feed photo on November 17, 2024 at 10:44 AM (GMT)", -,https://media.licdn.com/dms/image/v2/D4D22AQFfH45nGTSOyg/feedshare-shrink_2048_1536/feedshare-shrink_2048_1536/0/1731840281634?e=2147483647&v=beta&t=cHb8GbOYZ6rWQ1xKelXDCQKYW0bzKTgUG-ld-faqrrg
"You uploaded a feed photo on November 17, 2024 at 10:44 AM (GMT)", -,https://media.licdn.com/dms/image/v2/D4D22AQGpYwPm1EJBVQ/feedshare-shrink_2048_1536/feedshare-shrink_2048_1536/0/1731840281521?e=2147483647&v=beta&t=v5vLn58dZhxki9xEBp3gU0HSopOcJlxaszOkq68v1k4
"You uploaded a feed photo on November 16, 2024 at 2:29 PM (GMT)", -,https://media.licdn.com/dms/image/v2/D4D22AQFKfKvqSnvU9w/feedshare-shrink_2048_1536/feedshare-shrink_2048_1536/0/1731767381090?e=2147483647&v=beta&t=Z4odPc4SZwsEpjRWU4CAoPPWQ5SeoCIqrAwucNSWtSo
"You uploaded a feed photo on November 16, 2024 at 2:29 PM (GMT)", -,https://media.licdn.com/dms/image/v2/D4D22AQGilhKNBD_ujQ/feedshare-shrink_2048_1536/feedshare-shrink_2048_1536/0/1731767376447?e=2147483647&v=beta&t=13xB94OpWz_UtyUyKyatih-yj70gkpoavFByCWR_zVU
"You uploaded a feed photo on November 15, 2024 at 10:19 AM (GMT)", -,https://media.licdn.com/dms/image/v2/D4D22AQG2L8Pl2ACGGQ/feedshare-shrink_2048_1536/feedshare-shrink_2048_1536/0/1731665989558?e=2147483647&v=beta&t=VwQBjp8pRWAShaRZSiJSksTpjj7VOsMP_T3q0BAIOok
"You uploaded a feed photo on November 15, 2024 at 10:19 AM (GMT)", -,https://media.licdn.com/dms/image/v2/D4D22AQE7W9JHeyai2g/feedshare-shrink_2048_1536/feedshare-shrink_2048_1536/0/1731665985200?e=2147483647&v=beta&t=dzG8UaOQFuUqIXwLXbWSzbhzmssQZVj8xlVKMIAk6v4
"You uploaded a feed photo on November 15, 2024 at 10:19 AM (GMT)", -,https://media.licdn.com/dms/image/v2/D4D22AQEQUvJXK684kA/feedshare-shrink_2048_1536/feedshare-shrink_2048_1536/0/1731665980433?e=2147483647&v=beta&t=fhmTTPZaZUpFBbhPsgv0cykRR1gMD4CHwcRyD91ByXI
"You uploaded a photo on November 12, 2024 at 3:10 PM (GMT)", -,https://media.licdn.com/dms/image/v2/D562DAQFIBMM9FfyIQw/profile-treasury-image-shrink_8192_8192/profile-treasury-image-shrink_8192_8192/0/1731424237749?e=2147483647&v=beta&t=_QLPNGgW4MqFEYNBsMkXxJTmNw8agrJKUwpm3YIEamI
"You uploaded a feed photo on October 28, 2024 at 5:14 PM (GMT)", -,https://media.licdn.com/dms/image/v2/D4D22AQEa0d2ApxlxjA/feedshare-shrink_2048_1536/feedshare-shrink_2048_1536/0/1730135695207?e=2147483647&v=beta&t=8250zwGKv73x5DFOQpBdx3fSXXv65PmjHKyHxLOheWs
"You uploaded a feed photo on October 28, 2024 at 5:14 PM (GMT)", -,https://media.licdn.com/dms/image/v2/D4D22AQGAeI97OM9sCg/feedshare-shrink_2048_1536/feedshare-shrink_2048_1536/0/1730135693499?e=2147483647&v=beta&t=vbhFVwejI-7aiAyBqSQNGfZwDQB4a8tiL4stnpSBGwc
"You uploaded a feed photo on October 28, 2024 at 5:14 PM (GMT)", -,https://media.licdn.com/dms/image/v2/D4D22AQEwWQ67OMBAag/feedshare-shrink_2048_1536/feedshare-shrink_2048_1536/0/1730135703404?e=2147483647&v=beta&t=CykvFQpIo8MWkEPBfH3zklPSKW3G0okCFCfGmfNE6oE
"You uploaded a photo on October 28, 2024 at 12:47 PM (GMT)", -,https://media.licdn.com/dms/image/v2/D4D2DAQF2XngPfC0gyg/profile-treasury-image-shrink_8192_8192/profile-treasury-image-shrink_8192_8192/0/1730119625800?e=2147483647&v=beta&t=z76V8q1Kkwqrh8hGkBxasET9O3zMD2fBl9UMKsGIVEg
"You uploaded a feed photo on October 24, 2024 at 5:01 PM (GMT)", -,https://media.licdn.com/dms/image/v2/D4D22AQHhXVLmNAhowA/feedshare-shrink_2048_1536/feedshare-shrink_2048_1536/0/1729789291920?e=2147483647&v=beta&t=9Pd1gyuukSId30oY4klxVmaG08bsTRAwg9wV_i7tKDk
"You uploaded a feed photo on October 24, 2024 at 5:01 PM (GMT)", -,https://media.licdn.com/dms/image/v2/D4D22AQEbXtF6Ls7QBg/feedshare-shrink_2048_1536/feedshare-shrink_2048_1536/0/1729789288888?e=2147483647&v=beta&t=TRP6nYlkAZ4amuSU-_WpKRpi2H1yar-cdu7zVd1bTBE
"You uploaded a feed photo on October 24, 2024 at 4:41 PM (GMT)", -,https://media.licdn.com/dms/image/v2/D4D22AQHnHnZ1IyXOGA/feedshare-shrink_2048_1536/feedshare-shrink_2048_1536/0/1729788195564?e=2147483647&v=beta&t=UZVTn5osQ7wdXDKE4togZgmuBv3xBQYWux9JyFecRYo
"You uploaded a feed photo on October 24, 2024 at 4:41 PM (GMT)", -,https://media.licdn.com/dms/image/v2/D4D22AQF0x_GQVkrfcw/feedshare-shrink_2048_1536/feedshare-shrink_2048_1536/0/1729788084952?e=2147483647&v=beta&t=DXQyKy_IEy1KGBuWJbboAkXUoLNUU-I1ZX5zOI1wD68
"You uploaded a profile photo on October 15, 2024 at 8:11 AM (GMT)", -,https://media.licdn.com/dms/image/v2/D4D04AQFQLVqk4910dQ/profile-originalphoto-shrink_900_1200/profile-originalphoto-shrink_900_1200/0/1728979916719?e=1755734400&v=beta&t=3Y9Lq6-0zRNIu2U3zR9E9yGeWuOmXlGW9CpU3tO5RnM
"You uploaded a document on September 19, 2024 at 6:39 PM (GMT)", -,https://media.licdn.com/dms/image/v2/D4D2DAQEY6ywpczwtpw/profile-treasury-document-cover-images_1920/profile-treasury-document-cover-images_1920/0/1726771184500?e=2147483647&v=beta&t=nccshh0K6QdeiXeeSmuMPQ38QyTMHts-6HJWB-rqaGw
"You uploaded a document on September 18, 2024 at 4:50 PM (GMT)", -,https://media.licdn.com/dms/image/v2/D4D2DAQGmB8o9-80Tmg/profile-treasury-document-cover-images_1920/profile-treasury-document-cover-images_1920/0/1726678249904?e=2147483647&v=beta&t=LIBI18PqYmm0nRneE7LcazbdkC3clwHqZG1JlnuBS1Y
"You uploaded a document on September 18, 2024 at 4:47 PM (GMT)", -,https://media.licdn.com/dms/document/media/v2/D4D2DAQEUrwEVWUoMHw/profile-treasury-document-pdf-analyzed/profile-treasury-document-pdf-analyzed/0/1726678077572?e=2147483647&v=beta&t=yciGmQjarZaKKEOA7rcAIzmLvVsaNDJ-USojvqwObx8
"You uploaded a document on September 18, 2024 at 4:46 PM (GMT)", -,https://media.licdn.com/dms/image/v2/D4D2DAQEUufyQJjNJVw/profile-treasury-document-cover-images_1920/profile-treasury-document-cover-images_1920/0/1726677986339?e=2147483647&v=beta&t=45IM3HFuvdbKPhYGZZN8v3TEMhzIEQdJbhhYpz36YF4
"You uploaded a document on September 7, 2024 at 6:16 AM (GMT)", -,https://media.licdn.com/dms/document/media/v2/D4D2DAQHQXn-XxcDoxw/profile-treasury-document-pdf-analyzed/profile-treasury-document-pdf-analyzed/0/1725689844862?e=2147483647&v=beta&t=yn8Kl5qQflhKwxSxvSJdtALOM6enN2Xnw6coSpxTblw
"You uploaded a document on September 7, 2024 at 6:11 AM (GMT)", -,https://media.licdn.com/dms/image/v2/D4D2DAQHqV6MXpk9skQ/profile-treasury-document-cover-images_1920/profile-treasury-document-cover-images_1920/0/1725689483581?e=2147483647&v=beta&t=40iyiYBryS7JAdbfMfVr0hPjoTPQflss5x0QEsyy0q8
