ALERT_PARAMETERS,QUERY_CONTEXT,SAVED_SEARCH_ID
"{smartExpansionEnabled=true, channels=[INAPP_NOTIFICATION, EMAIL], frequency=DAILY}","{sortingType=RELEVANCE, keywords=website developer, spellCheckEnabled=true, searchLocation={com.linkedin.jobs.matching.SpecificSearchLocation={geoLocations=[{geo=urn:li:geo:106187582}]}}, facets={}}",3919262089
"{smartExpansionEnabled=true, channels=[INAPP_NOTIFICATION, EMAIL], frequency=DAILY}","{keywords=web development intern, spellCheckEnabled=true, searchLocation={com.linkedin.jobs.matching.SpecificSearchLocation={geoLocations=[{geo=urn:li:geo:102713980}]}}, facets={}}",3826969761
"{smartExpansionEnabled=true, channels=[INAPP_NOTIFICATION, EMAIL], frequency=DAILY}","{keywords=web development specialist, spellCheckEnabled=true, searchLocation={com.linkedin.jobs.matching.SpecificSearchLocation={geoLocations=[{geo=urn:li:geo:102713980}]}}, facets={}}",3785932081
"{smartExpansionEnabled=true, channels=[INAPP_NOTIFICATION, EMAIL], frequency=DAILY}","{keywords=content writer, spellCheckEnabled=true, searchLocation={com.linkedin.jobs.matching.SpecificSearchLocation={geoLocations=[{geo=urn:li:geo:102713980}]}}, facets={}}",3775996809
"{smartExpansionEnabled=true, channels=[INAPP_NOTIFICATION, EMAIL], frequency=DAILY}","{keywords=frontend developer, spellCheckEnabled=true, searchLocation={com.linkedin.jobs.matching.SpecificSearchLocation={geoLocations=[{geo=urn:li:geo:104869687, radiusInKms=40.2335}]}}, facets={}}",3774829713
"{smartExpansionEnabled=true, channels=[INAPP_NOTIFICATION, EMAIL], frequency=DAILY}","{keywords=javascript developer, spellCheckEnabled=true, searchLocation={com.linkedin.jobs.matching.SpecificSearchLocation={geoLocations=[{geo=urn:li:geo:102713980}]}}, facets={}}",3743017665
"{smartExpansionEnabled=true, channels=[INAPP_NOTIFICATION, EMAIL], frequency=DAILY}","{keywords=javascript developer, spellCheckEnabled=true, searchLocation={com.linkedin.jobs.matching.SpecificSearchLocation={geoLocations=[{geo=urn:li:geo:106164952, radiusInKms=40.2335}]}}, facets={}}",3712208985
"{smartExpansionEnabled=true, channels=[INAPP_NOTIFICATION, EMAIL], frequency=DAILY}","{keywords=c developer, spellCheckEnabled=true, searchLocation={com.linkedin.jobs.matching.SpecificSearchLocation={geoLocations=[{geo=urn:li:geo:105556991, radiusInKms=40.2335}]}}, facets={workplaceTypes={selectedValues=[urn:li:workplaceType:1, urn:li:workplaceType:3]}}}",3711329945
"{smartExpansionEnabled=true, channels=[INAPP_NOTIFICATION, EMAIL], frequency=DAILY}","{keywords=c developer, spellCheckEnabled=true, searchLocation={com.linkedin.jobs.matching.SpecificSearchLocation={geoLocations=[{geo=urn:li:geo:101815659, radiusInKms=40.2335}]}}, facets={workplaceTypes={selectedValues=[urn:li:workplaceType:2]}}}",3711329937
"{smartExpansionEnabled=true, channels=[INAPP_NOTIFICATION, EMAIL], frequency=DAILY}","{keywords=web developer, spellCheckEnabled=true, searchLocation={com.linkedin.jobs.matching.SpecificSearchLocation={geoLocations=[{geo=urn:li:geo:102713980}]}}, facets={}}",3698584193
"{smartExpansionEnabled=true, channels=[INAPP_NOTIFICATION, EMAIL], frequency=DAILY}","{keywords=frontend developer, spellCheckEnabled=true, searchLocation={com.linkedin.jobs.matching.SpecificSearchLocation={geoLocations=[{geo=urn:li:geo:102713980}]}}, facets={}}",3691162225
"{smartExpansionEnabled=true, channels=[INAPP_NOTIFICATION, EMAIL], frequency=DAILY}","{keywords=web developer, spellCheckEnabled=true, searchLocation={com.linkedin.jobs.matching.SpecificSearchLocation={geoLocations=[{geo=urn:li:geo:105556991, radiusInKms=40.2335}]}}, facets={}}",1742019970
"{smartExpansionEnabled=true, channels=[INAPP_NOTIFICATION, EMAIL], frequency=DAILY}","{keywords=web developer, spellCheckEnabled=true, searchLocation={com.linkedin.jobs.matching.SpecificSearchLocation={geoLocations=[{geo=urn:li:geo:101815659, radiusInKms=40.2335}]}}, facets={timePostedRanges={countOnlyValues=[{com.linkedin.common.TimeSpan={duration=1, unit=DAY}}, {com.linkedin.common.TimeSpan={duration=1, unit=WEEK}}, {com.linkedin.common.TimeSpan={duration=30, unit=DAY}}, {com.linkedin.common.TimeRange={}}]}}}",1742012682
