savedItem,CreatedTime
https://www.linkedin.com/feed/update/urn:li:activity:7340037880175632384,2025-06-15 18:07:31
https://www.linkedin.com/feed/update/urn:li:activity:7338055963221864453,2025-06-14 02:28:56
https://www.linkedin.com/feed/update/urn:li:activity:7339248918817329152,2025-06-13 11:20:17
https://www.linkedin.com/feed/update/urn:li:activity:7338915146913693699,2025-06-12 15:55:06
https://www.linkedin.com/feed/update/urn:li:activity:7338533808947830784,2025-06-11 12:58:01
https://www.linkedin.com/feed/update/urn:li:activity:7337547115457298435,2025-06-08 18:39:57
https://www.linkedin.com/feed/update/urn:li:activity:7337040545774465024,2025-06-08 05:55:06
https://www.linkedin.com/feed/update/urn:li:activity:7333478870102282241,2025-06-07 11:33:16
https://www.linkedin.com/feed/update/urn:li:activity:7336595195561447425,2025-06-06 07:04:10
https://www.linkedin.com/feed/update/urn:li:activity:7335659029572067329,2025-06-03 15:47:26
https://www.linkedin.com/feed/update/urn:li:activity:7334209683244621824,2025-05-30 14:17:30
https://www.linkedin.com/feed/update/urn:li:activity:7334073594005590017,2025-05-30 11:19:39
https://www.linkedin.com/feed/update/urn:li:activity:7333801797037240320,2025-05-29 11:03:20
https://www.linkedin.com/feed/update/urn:li:activity:7333152309750747139,2025-05-27 18:16:28
https://www.linkedin.com/feed/update/urn:li:activity:7333016993685508096,2025-05-27 07:24:33
https://www.linkedin.com/feed/update/urn:li:activity:7332281804537692162,2025-05-25 05:58:14
https://www.linkedin.com/feed/update/urn:li:activity:7332016148412071936,2025-05-24 18:29:13
https://www.linkedin.com/feed/update/urn:li:activity:7330600826366808065,2025-05-21 06:54:12
https://www.linkedin.com/feed/update/urn:li:activity:7330797103314546689,2025-05-21 04:15:21
https://www.linkedin.com/feed/update/urn:li:activity:7329832002336030720,2025-05-18 11:56:24
https://www.linkedin.com/feed/update/urn:li:activity:7327509564038258689,2025-05-17 08:28:07
https://www.linkedin.com/feed/update/urn:li:activity:7329053438057598976,2025-05-17 08:26:10
https://www.linkedin.com/feed/update/urn:li:activity:7328637773677060096,2025-05-15 08:47:25
https://www.linkedin.com/feed/update/urn:li:activity:7327695779534438401,2025-05-12 14:12:45
https://www.linkedin.com/feed/update/urn:li:activity:7322229850469978112,2025-04-27 18:04:35
https://www.linkedin.com/feed/update/urn:li:activity:7317727966493310976,2025-04-15 02:19:09
https://www.linkedin.com/feed/update/urn:li:activity:7316734783554838528,2025-04-12 14:00:28
https://www.linkedin.com/feed/update/urn:li:activity:7311700329996107776,2025-03-29 11:18:28
https://www.linkedin.com/feed/update/urn:li:activity:7311031679714803715,2025-03-27 15:23:51
https://www.linkedin.com/feed/update/urn:li:activity:7309406394129035264,2025-03-23 03:44:32
https://www.linkedin.com/feed/update/urn:li:activity:7308868628823597056,2025-03-23 03:43:15
https://www.linkedin.com/feed/update/urn:li:activity:7308175354060242944,2025-03-21 18:31:21
https://www.linkedin.com/feed/update/urn:li:activity:7308312359343636483,2025-03-21 18:31:06
https://www.linkedin.com/feed/update/urn:li:activity:7308707290658807809,2025-03-21 18:30:49
https://www.linkedin.com/feed/update/urn:li:activity:7307249684245360640,2025-03-17 05:36:19
https://www.linkedin.com/feed/update/urn:li:activity:7304788734879670273,2025-03-10 09:09:37
https://www.linkedin.com/feed/update/urn:li:activity:7304706579411439616,2025-03-10 06:06:06
https://www.linkedin.com/feed/update/urn:li:activity:7304025388437938176,2025-03-08 12:02:27
https://www.linkedin.com/feed/update/urn:li:activity:7303370410757169154,2025-03-06 17:06:29
https://www.linkedin.com/feed/update/urn:li:activity:7303259817358278657,2025-03-06 03:51:25
https://www.linkedin.com/feed/update/urn:li:activity:7303016119731183616,2025-03-05 11:50:14
https://www.linkedin.com/feed/update/urn:li:activity:7302232683659632641,2025-03-04 08:31:09
https://www.linkedin.com/feed/update/urn:li:activity:7302533575071932417,2025-03-04 04:32:58
https://www.linkedin.com/feed/update/urn:li:activity:7300850046709678080,2025-02-27 14:13:01
https://www.linkedin.com/feed/update/urn:li:activity:7297825468546699264,2025-02-19 04:03:53
https://www.linkedin.com/feed/update/urn:li:activity:7297278163347218434,2025-02-17 16:12:44
https://www.linkedin.com/feed/update/urn:li:activity:7295667546089799681,2025-02-16 18:38:09
https://www.linkedin.com/feed/update/urn:li:activity:7296695137353482241,2025-02-16 09:01:57
https://www.linkedin.com/feed/update/urn:li:activity:7296158764951310336,2025-02-14 16:48:44
https://www.linkedin.com/feed/update/urn:li:activity:7295491122494062592,2025-02-12 17:32:48
https://www.linkedin.com/feed/update/urn:li:activity:7286272869020454912,2025-02-07 19:26:28
https://www.linkedin.com/feed/update/urn:li:activity:7292543021819035648,2025-02-04 15:36:36
https://www.linkedin.com/feed/update/urn:li:activity:7291151304398110720,2025-02-01 08:39:32
https://www.linkedin.com/feed/update/urn:li:activity:7290970523746881537,2025-01-31 12:23:18
https://www.linkedin.com/feed/update/urn:li:activity:7290239751687692288,2025-01-29 05:55:41
https://www.linkedin.com/feed/update/urn:li:activity:7268290342238507010,2025-01-19 18:15:51
https://www.linkedin.com/feed/update/urn:li:activity:7286228057906917376,2025-01-18 04:03:36
https://www.linkedin.com/feed/update/urn:li:activity:7285853360614731778,2025-01-17 03:16:29
https://www.linkedin.com/feed/update/urn:li:activity:7272468280638926848,2025-01-16 15:18:31
https://www.linkedin.com/feed/update/urn:li:activity:7285520198638432256,2025-01-16 05:20:19
https://www.linkedin.com/feed/update/urn:li:activity:7284927080914436097,2025-01-15 10:31:24
https://www.linkedin.com/feed/update/urn:li:activity:7284630742771318784,2025-01-14 13:43:10
https://www.linkedin.com/feed/update/urn:li:activity:7284223081793933312,2025-01-12 16:10:05
https://www.linkedin.com/feed/update/urn:li:activity:7282729640069079041,2025-01-08 12:25:02
https://www.linkedin.com/feed/update/urn:li:activity:7245820822173458432,2025-01-04 15:46:18
https://www.linkedin.com/feed/update/urn:li:activity:7281262670782087168,2025-01-04 12:10:27
https://www.linkedin.com/feed/update/urn:li:activity:7280911941504585728,2025-01-03 14:16:12
https://www.linkedin.com/feed/update/urn:li:activity:7280599637663653888,2025-01-02 15:06:51
https://www.linkedin.com/feed/update/urn:li:activity:7280209480208797696,2025-01-01 13:55:14
https://www.linkedin.com/feed/update/urn:li:activity:7276273217344847874,2024-12-31 10:51:08
https://www.linkedin.com/feed/update/urn:li:activity:7279715415453261824,2024-12-31 10:44:29
https://www.linkedin.com/feed/update/urn:li:activity:7279451897890004992,2024-12-30 12:35:32
https://www.linkedin.com/feed/update/urn:li:activity:7279193735135944704,2024-12-30 10:17:20
https://www.linkedin.com/feed/update/urn:li:activity:7279378065388969984,2024-12-30 07:07:29
https://www.linkedin.com/feed/update/urn:li:activity:7277177377443495936,2024-12-29 17:45:39
https://www.linkedin.com/feed/update/urn:li:activity:7278645892398665728,2024-12-28 09:44:39
https://www.linkedin.com/feed/update/urn:li:activity:7278013810500612097,2024-12-26 12:28:32
https://www.linkedin.com/feed/update/urn:li:activity:7276873361488539648,2024-12-23 10:36:50
https://www.linkedin.com/feed/update/urn:li:activity:7275591303613042690,2024-12-23 06:49:20
https://www.linkedin.com/feed/update/urn:li:activity:7276102007545896960,2024-12-21 08:38:16
https://www.linkedin.com/feed/update/urn:li:activity:7274717533771808768,2024-12-17 13:23:32
https://www.linkedin.com/feed/update/urn:li:activity:7274229235886538752,2024-12-16 01:27:01
https://www.linkedin.com/feed/update/urn:li:activity:7273552090126258177,2024-12-14 08:07:08
https://www.linkedin.com/feed/update/urn:li:activity:7270005843289341952,2024-12-14 01:52:01
https://www.linkedin.com/feed/update/urn:li:activity:7273318372086362112,2024-12-13 15:47:59
https://www.linkedin.com/feed/update/urn:li:activity:7273114811096293376,2024-12-13 14:27:11
https://www.linkedin.com/feed/update/urn:li:activity:7272908931318845442,2024-12-12 13:19:50
https://www.linkedin.com/feed/update/urn:li:activity:7272467653791731713,2024-12-11 05:23:59
https://www.linkedin.com/feed/update/urn:li:activity:7271075239239811072,2024-12-07 10:16:06
https://www.linkedin.com/feed/update/urn:li:activity:7270365644703895553,2024-12-05 16:57:30
https://www.linkedin.com/feed/update/urn:li:activity:7270467914388889602,2024-12-05 16:56:48
https://www.linkedin.com/feed/update/urn:li:activity:7267613765695610880,2024-12-04 01:55:45
https://www.linkedin.com/feed/update/urn:li:activity:7269690912279048192,2024-12-03 14:17:48
https://www.linkedin.com/feed/update/urn:li:activity:7269388366058524673,2024-12-02 17:02:42
https://www.linkedin.com/feed/update/urn:li:activity:7268985733988646912,2024-12-02 12:50:53
https://www.linkedin.com/feed/update/urn:li:activity:7269193512460398592,2024-12-02 03:44:39
https://www.linkedin.com/feed/update/urn:li:activity:7260657562394505216,2024-11-30 06:03:38
https://www.linkedin.com/feed/update/urn:li:activity:7266527104970694656,2024-11-25 02:36:04
https://www.linkedin.com/feed/update/urn:li:activity:7266352786081001472,2024-11-24 10:29:34
https://www.linkedin.com/feed/update/urn:li:activity:7266379957751193600,2024-11-24 10:27:09
https://www.linkedin.com/feed/update/urn:li:activity:7266134024597696512,2024-11-23 17:19:01
https://www.linkedin.com/feed/update/urn:li:activity:7266119423961235456,2024-11-23 16:06:29
https://www.linkedin.com/feed/update/urn:li:activity:7266098219477012481,2024-11-23 14:43:51
https://www.linkedin.com/feed/update/urn:li:activity:7266064185845837825,2024-11-23 13:25:13
https://www.linkedin.com/feed/update/urn:li:activity:7266038473269096448,2024-11-23 13:16:16
https://www.linkedin.com/feed/update/urn:li:activity:7266022648021680128,2024-11-23 10:29:37
https://www.linkedin.com/feed/update/urn:li:activity:7263015381022187520,2024-11-23 04:56:05
https://www.linkedin.com/feed/update/urn:li:activity:7265589006980055040,2024-11-22 17:05:00
https://www.linkedin.com/feed/update/urn:li:activity:7265722559210430465,2024-11-22 14:25:22
https://www.linkedin.com/feed/update/urn:li:activity:7265009711853264896,2024-11-20 16:10:31
https://www.linkedin.com/feed/update/urn:li:activity:7264970281775988737,2024-11-20 15:43:13
https://www.linkedin.com/feed/update/urn:li:activity:7263879448196759552,2024-11-17 12:04:24
https://www.linkedin.com/feed/update/urn:li:activity:7263385302419832832,2024-11-16 05:14:12
https://www.linkedin.com/feed/update/urn:li:activity:7262683211724447745,2024-11-14 16:39:15
https://www.linkedin.com/feed/update/urn:li:activity:7262049295573340160,2024-11-12 12:27:36
https://www.linkedin.com/feed/update/urn:li:activity:7262049791847657472,2024-11-12 12:26:54
https://www.linkedin.com/feed/update/urn:li:activity:7261298553019371520,2024-11-12 12:17:06
https://www.linkedin.com/feed/update/urn:li:activity:7253578181675253760,2024-11-11 14:21:19
https://www.linkedin.com/feed/update/urn:li:activity:7260326264538890240,2024-11-11 14:09:44
https://www.linkedin.com/feed/update/urn:li:activity:7261385813928677376,2024-11-10 17:45:44
https://www.linkedin.com/feed/update/urn:li:activity:7259212406982082560,2024-11-10 17:43:47
https://www.linkedin.com/feed/update/urn:li:activity:7258899109875486721,2024-11-09 16:27:33
https://www.linkedin.com/feed/update/urn:li:activity:7256208512362401792,2024-11-09 15:27:26
https://www.linkedin.com/feed/update/urn:li:activity:7260520682860519424,2024-11-09 10:27:47
https://www.linkedin.com/feed/update/urn:li:activity:7252012007149744129,2024-11-09 10:25:44
https://www.linkedin.com/feed/update/urn:li:activity:7260214460827484160,2024-11-09 10:23:33
https://www.linkedin.com/feed/update/urn:li:activity:7260785922290405376,2024-11-09 09:45:53
https://www.linkedin.com/feed/update/urn:li:activity:7260859954138370048,2024-11-09 09:14:21
https://www.linkedin.com/feed/update/urn:li:activity:7251517126325256193,2024-11-09 09:11:40
https://www.linkedin.com/feed/update/urn:li:activity:7260717971013001217,2024-11-08 18:42:17
https://www.linkedin.com/feed/update/urn:li:activity:7251968895429844994,2024-11-08 15:54:14
https://www.linkedin.com/feed/update/urn:li:activity:7258177828926435328,2024-11-08 15:27:01
https://www.linkedin.com/feed/update/urn:li:activity:7259925372748656642,2024-11-07 01:39:44
https://www.linkedin.com/feed/update/urn:li:activity:7258166747659186176,2024-11-06 01:11:16
https://www.linkedin.com/feed/update/urn:li:activity:7258478835153723392,2024-11-02 15:20:43
https://www.linkedin.com/feed/update/urn:li:activity:7258296090192482304,2024-11-02 03:11:02
https://www.linkedin.com/feed/update/urn:li:activity:7258129312724209664,2024-11-02 02:07:17
https://www.linkedin.com/feed/update/urn:li:activity:7257809608822394880,2024-11-01 13:16:02
https://www.linkedin.com/feed/update/urn:li:activity:7257202742362808322,2024-11-01 13:13:00
https://www.linkedin.com/feed/update/urn:li:activity:7256861575922233344,2024-10-31 06:10:31
https://www.linkedin.com/feed/update/urn:li:activity:7257412302109351936,2024-10-31 05:31:12
https://www.linkedin.com/feed/update/urn:li:activity:7257591280610738176,2024-10-31 05:21:02
https://www.linkedin.com/feed/update/urn:li:activity:7257612086283751424,2024-10-31 05:18:51
https://www.linkedin.com/feed/update/urn:li:activity:7256575440608247809,2024-10-31 05:17:24
https://www.linkedin.com/feed/update/urn:li:activity:7256285007470571520,2024-10-29 11:25:43
https://www.linkedin.com/feed/update/urn:li:activity:7256661763314601984,2024-10-28 13:49:07
https://www.linkedin.com/feed/update/urn:li:activity:7254760969992646657,2024-10-26 10:55:58
https://www.linkedin.com/feed/update/urn:li:activity:7255204477429784577,2024-10-26 10:44:36
https://www.linkedin.com/feed/update/urn:li:activity:7255455128462274561,2024-10-26 10:43:32
https://www.linkedin.com/feed/update/urn:li:activity:7254445046547046400,2024-10-26 06:45:43
https://www.linkedin.com/feed/update/urn:li:activity:7253405924420161536,2024-10-26 06:45:32
https://www.linkedin.com/feed/update/urn:li:activity:7255776710577528832,2024-10-26 06:43:09
https://www.linkedin.com/feed/update/urn:li:activity:7255503924562939904,2024-10-25 10:20:17
https://www.linkedin.com/feed/update/urn:li:activity:7254615836592619520,2024-10-24 10:58:38
https://www.linkedin.com/feed/update/urn:li:activity:7253946366379335680,2024-10-23 17:18:19
https://www.linkedin.com/feed/update/urn:li:activity:7254416197193023488,2024-10-23 15:46:54
https://www.linkedin.com/feed/update/urn:li:activity:7253759380758671361,2024-10-23 15:46:30
https://www.linkedin.com/feed/update/urn:li:activity:7254795202710679555,2024-10-23 14:10:18
https://www.linkedin.com/feed/update/urn:li:activity:7254688890123415552,2024-10-23 11:49:04
https://www.linkedin.com/feed/update/urn:li:activity:7254182057914871809,2024-10-23 10:55:54
https://www.linkedin.com/feed/update/urn:li:activity:7254325800135528450,2024-10-22 14:29:38
https://www.linkedin.com/feed/update/urn:li:activity:7254326138502615042,2024-10-22 11:02:19
https://www.linkedin.com/feed/update/urn:li:activity:7253800488846946304,2024-10-21 16:32:36
https://www.linkedin.com/feed/update/urn:li:activity:7252218870650822656,2024-10-21 14:29:48
https://www.linkedin.com/feed/update/urn:li:activity:7252546564290699264,2024-10-20 18:00:10
https://www.linkedin.com/feed/update/urn:li:activity:7251811549432983552,2024-10-20 09:21:03
https://www.linkedin.com/feed/update/urn:li:activity:7236385397780467714,2024-10-19 10:51:03
https://www.linkedin.com/feed/update/urn:li:activity:7239258562164609024,2024-10-19 02:58:55
https://www.linkedin.com/feed/update/urn:li:activity:7252272107743522816,2024-10-18 17:46:50
https://www.linkedin.com/feed/update/urn:li:activity:7250729886720442368,2024-10-18 17:45:23
https://www.linkedin.com/feed/update/urn:li:activity:7250810863316586496,2024-10-18 12:26:08
https://www.linkedin.com/feed/update/urn:li:activity:7252372696682934272,2024-10-18 10:51:32
https://www.linkedin.com/feed/update/urn:li:activity:7252573993512128512,2024-10-17 12:04:11
https://www.linkedin.com/feed/update/urn:li:activity:7251068232973844482,2024-10-17 11:54:38
https://www.linkedin.com/feed/update/urn:li:activity:7250032120444698625,2024-10-17 11:53:49
https://www.linkedin.com/feed/update/urn:li:activity:7250258707148656641,2024-10-17 11:29:22
https://www.linkedin.com/feed/update/urn:li:activity:7252315303429160961,2024-10-17 01:10:26
https://www.linkedin.com/feed/update/urn:li:activity:7250014205217566723,2024-10-16 12:22:40
https://www.linkedin.com/feed/update/urn:li:activity:7250811190493298688,2024-10-16 11:30:35
https://www.linkedin.com/feed/update/urn:li:activity:7251987231203069956,2024-10-16 10:48:02
https://www.linkedin.com/feed/update/urn:li:activity:7252202351673946113,2024-10-16 10:36:30
https://www.linkedin.com/feed/update/urn:li:activity:7251716466910138370,2024-10-15 08:21:10
