Date,Link,OptionText
2025-05-02 08:40:37,https://www.linkedin.com/feed/update/urn:li:ugcPost:7323898900304576512,"Yes, very often"
2025-04-30 07:00:10,https://www.linkedin.com/feed/update/urn:li:ugcPost:7323077405340848128,Yes
2025-04-12 15:57:30,https://www.linkedin.com/feed/update/urn:li:ugcPost:7316781417445695488,True
2025-03-12 08:28:49,https://www.linkedin.com/feed/update/urn:li:ugcPost:7305452808298737664,"🔵 Ctrl+C, Ctrl+V is life"
2025-01-02 11:04:18,https://www.linkedin.com/feed/update/urn:li:ugcPost:7280177837859389440,Learning & Fun🎉
2024-11-18 13:33:11,https://www.linkedin.com/feed/update/urn:li:ugcPost:7264235989244481536,"Yes, I’d love that!"
2024-11-15 14:11:31,https://www.linkedin.com/feed/update/urn:li:ugcPost:7262467096364613632,Yes 💪🏻
2024-11-13 15:15:40,https://www.linkedin.com/feed/update/urn:li:ugcPost:7262455849397202945,Yes -  promotes collaboration
2024-11-09 09:08:56,https://www.linkedin.com/feed/update/urn:li:groupPost:8491835-7260912586659926017,32 bits
2024-11-08 15:43:35,https://www.linkedin.com/feed/update/urn:li:ugcPost:7259944528126636032,Non-IIT
2024-11-08 15:25:40,https://www.linkedin.com/feed/update/urn:li:ugcPost:7259466426678157313,.html
2024-11-08 15:12:11,https://www.linkedin.com/feed/update/urn:li:groupPost:8491835-7260538585668354050,🔁 Pointers
2024-10-24 11:04:01,https://www.linkedin.com/feed/update/urn:li:groupPost:63192-7255059762172588032,POST
2024-10-23 11:44:54,https://www.linkedin.com/feed/update/urn:li:groupPost:63192-7254713735838126080,error
2024-10-22 10:50:41,https://www.linkedin.com/feed/update/urn:li:groupPost:63192-7254328539825537025,class
2024-10-21 11:47:25,https://www.linkedin.com/feed/update/urn:li:groupPost:8491835-7254068650523906048,Web Development
2024-10-20 17:04:03,https://www.linkedin.com/feed/update/urn:li:groupPost:63192-7253764279533793281,<h1>
2024-10-19 15:55:29,https://www.linkedin.com/feed/update/urn:li:groupPost:63192-7253256014441959424,All of the above
2024-10-19 15:55:12,https://www.linkedin.com/feed/update/urn:li:groupPost:8491835-7253037693901627392,A. Python
2024-10-19 15:52:56,https://www.linkedin.com/feed/update/urn:li:groupPost:4314060-7253254380345294848,World Wide Web
2024-10-19 14:10:21,https://www.linkedin.com/feed/update/urn:li:groupPost:8491835-7253320557121703937,#
2024-10-17 15:36:02,https://www.linkedin.com/feed/update/urn:li:groupPost:4314060-7252654018043240448,JavaScript
2024-10-16 12:23:25,https://www.linkedin.com/feed/update/urn:li:groupPost:8491835-7252281669003468801,Web Development
2024-10-03 15:52:20,https://www.linkedin.com/feed/update/urn:li:groupPost:4314060-7247561258999152640,JavaScript
2024-10-02 03:55:28,https://www.linkedin.com/feed/update/urn:li:groupPost:63192-7246877638122717186,<ol>
2024-09-27 09:01:44,https://www.linkedin.com/feed/update/urn:li:groupPost:63192-7245266276904824833,B) splice()
2024-09-27 02:25:43,https://www.linkedin.com/feed/update/urn:li:groupPost:63192-7245034757099585536,var
2024-09-27 02:25:35,https://www.linkedin.com/feed/update/urn:li:groupPost:8491835-7245019626877665281,Java
2024-09-26 15:20:40,https://www.linkedin.com/feed/update/urn:li:groupPost:4314060-7245083945942327297,Python
2024-09-26 03:26:53,https://www.linkedin.com/feed/update/urn:li:groupPost:63192-7244785509011492864,Not sure.
2024-09-25 17:00:34,https://www.linkedin.com/feed/update/urn:li:groupPost:63192-7244700256947326977,pop()
2024-09-24 17:16:25,https://www.linkedin.com/feed/update/urn:li:groupPost:63192-7244302591264727040,HTML
2024-09-24 17:15:39,https://www.linkedin.com/feed/update/urn:li:groupPost:63192-7244337846440861696,JavaScript
2024-09-24 16:20:05,https://www.linkedin.com/feed/update/urn:li:groupPost:63192-7244347143937736704,<src>
2024-09-24 11:21:57,https://www.linkedin.com/feed/update/urn:li:groupPost:63192-7244205882517934080,<ol>
2024-09-24 11:21:27,https://www.linkedin.com/feed/update/urn:li:groupPost:63192-7244262245914804224,<b>
2024-09-23 18:23:19,https://www.linkedin.com/feed/update/urn:li:groupPost:4314060-7243963133831081984,React
2024-09-22 15:23:17,https://www.linkedin.com/feed/update/urn:li:groupPost:63192-7243517062659100672,<i>
2024-09-21 04:14:27,https://www.linkedin.com/feed/update/urn:li:groupPost:4314060-7243056312266174464,2 1
2024-09-21 03:05:42,https://www.linkedin.com/feed/update/urn:li:groupPost:63192-7242977876730363905,Reactjs
2024-09-20 02:17:17,https://www.linkedin.com/feed/update/urn:li:groupPost:63192-7242615894042935297,USA🇺🇸
2024-09-19 16:56:07,https://www.linkedin.com/feed/update/urn:li:groupPost:63192-7242489429687234561,c) src
2024-09-19 02:07:31,https://www.linkedin.com/feed/update/urn:li:groupPost:63192-7242030783886970881,href
2024-09-19 01:32:11,https://www.linkedin.com/feed/update/urn:li:groupPost:63192-7242252912221995008,USA🇺🇸
2024-09-18 16:52:12,https://www.linkedin.com/feed/update/urn:li:groupPost:4314060-7242110872855232513,HTML
2024-09-18 10:53:12,https://www.linkedin.com/feed/update/urn:li:ugcPost:7241951397380808704,250 million
2024-09-17 12:47:21,https://www.linkedin.com/feed/update/urn:li:groupPost:63192-7241764329501409283,class
2024-09-17 12:45:59,https://www.linkedin.com/feed/update/urn:li:groupPost:4314060-7241752141239857153,NaN
2024-09-17 01:34:43,https://www.linkedin.com/feed/update/urn:li:groupPost:63192-7241447305277517825,<!doctype html>
2024-09-16 14:31:51,https://www.linkedin.com/feed/update/urn:li:groupPost:63192-7241408793949954048,📦 React
2024-09-16 02:58:47,https://www.linkedin.com/feed/update/urn:li:groupPost:8491835-7241090813055631360,Yes
2024-09-16 02:55:01,https://www.linkedin.com/feed/update/urn:li:groupPost:8491835-7241110272466165760,D) First main method runs
2024-09-16 02:54:37,https://www.linkedin.com/feed/update/urn:li:groupPost:63192-7241073535224291328,font-weight : bold
2024-09-16 02:54:13,https://www.linkedin.com/feed/update/urn:li:groupPost:8491835-7241109471467347968,Morning(Between 8 to 12pm)
2024-09-16 02:54:02,https://www.linkedin.com/feed/update/urn:li:groupPost:63192-7241192152548954112,USA🇺🇸
2024-09-16 02:49:06,https://www.linkedin.com/feed/update/urn:li:groupPost:63192-7241274070795726849,NaN
2024-09-16 02:46:53,https://www.linkedin.com/feed/update/urn:li:groupPost:63192-7241061904809365504,src
2024-09-16 02:46:27,https://www.linkedin.com/feed/update/urn:li:ugcPost:7240744587206520832,background-color: blue;
2024-09-16 02:45:39,https://www.linkedin.com/feed/update/urn:li:ugcPost:7240933184060727297,"print(\"Hello World\")"
2024-09-16 02:44:50,https://www.linkedin.com/feed/update/urn:li:groupPost:63192-7241120860835569665,Frontend
2024-09-14 12:52:14,https://www.linkedin.com/feed/update/urn:li:groupPost:63192-7240572254839881728,h6
2024-09-14 12:37:02,https://www.linkedin.com/feed/update/urn:li:groupPost:63192-7240657922622402560,a) setInterval()
2024-09-13 14:42:51,https://www.linkedin.com/feed/update/urn:li:groupPost:8491835-7240274197451558913,Java 11
2024-09-13 09:56:38,https://www.linkedin.com/feed/update/urn:li:groupPost:63192-7240202418796290048,A) ===
2024-09-13 09:50:17,https://www.linkedin.com/feed/update/urn:li:groupPost:63192-7240259639731175426,USA🇺🇸
2024-09-13 09:47:15,https://www.linkedin.com/feed/update/urn:li:groupPost:7037632-7240252137845186561,Coffee
2024-09-13 09:45:38,https://www.linkedin.com/feed/update/urn:li:groupPost:63192-7240243905068158976,🔵 true
2024-09-13 09:22:05,https://www.linkedin.com/feed/update/urn:li:groupPost:63192-7240258249365594114,forEach()
2024-09-13 09:21:48,https://www.linkedin.com/feed/update/urn:li:groupPost:63192-7240258751868379136,a) alt
2024-09-12 12:16:25,https://www.linkedin.com/feed/update/urn:li:groupPost:63192-7239965303693058048,Keywords
2024-09-12 12:02:16,https://www.linkedin.com/feed/update/urn:li:groupPost:63192-7239937695991447552,Cascading Style Sheets
2024-09-12 01:58:40,https://www.linkedin.com/feed/update/urn:li:ugcPost:7237008705286737920,All of the above
2024-09-12 01:58:25,https://www.linkedin.com/feed/update/urn:li:groupPost:8491835-7239575616860168192,Manual testing
2024-09-11 15:11:02,https://www.linkedin.com/feed/update/urn:li:groupPost:7037632-7238877127226355712,Pharmaceuticals
2024-09-11 15:10:23,https://www.linkedin.com/feed/update/urn:li:groupPost:63192-7239643686622351360,All of the above
2024-09-11 12:27:46,https://www.linkedin.com/feed/update/urn:li:groupPost:63192-7239602409734324225,d) React
2024-09-11 12:27:28,https://www.linkedin.com/feed/update/urn:li:groupPost:63192-7239608952181641216,syntax error
2024-09-11 12:24:46,https://www.linkedin.com/feed/update/urn:li:groupPost:63192-7239570727698333696,Yes
2024-09-11 12:24:13,https://www.linkedin.com/feed/update/urn:li:groupPost:63192-7239570433807659008,HyperText Markup Language
2024-09-11 10:41:08,https://www.linkedin.com/feed/update/urn:li:groupPost:63192-7239560932484370432,🔄 Greater integration with AI
2024-09-11 10:40:55,https://www.linkedin.com/feed/update/urn:li:groupPost:63192-7239546442829180929,🔵 string
2024-09-11 10:40:24,https://www.linkedin.com/feed/update/urn:li:groupPost:63192-7239535613543145472,USA🇺🇸
2024-09-11 10:39:12,https://www.linkedin.com/feed/update/urn:li:groupPost:63192-7239540378163380227,HTML
2024-09-11 10:36:51,https://www.linkedin.com/feed/update/urn:li:groupPost:63192-7239578531540680706,a) Bootstrap
2024-09-11 10:36:29,https://www.linkedin.com/feed/update/urn:li:groupPost:63192-7239526505259651072,hidden
2024-09-11 10:36:03,https://www.linkedin.com/feed/update/urn:li:groupPost:63192-7239525329071951873,a) push()
2024-09-11 10:32:52,https://www.linkedin.com/feed/update/urn:li:groupPost:63192-7239577180429500416,React ⚛️
2024-09-11 10:31:43,https://www.linkedin.com/feed/update/urn:li:ugcPost:7239520517492199424,[]
2024-09-11 10:31:36,https://www.linkedin.com/feed/update/urn:li:groupPost:63192-7239558684211589120,a) const
2024-09-11 01:05:39,https://www.linkedin.com/feed/update/urn:li:groupPost:8491835-7239346180197928960,36
2024-09-11 00:36:33,https://www.linkedin.com/feed/update/urn:li:groupPost:63192-7239380437616197632,YES
2024-09-11 00:34:18,https://www.linkedin.com/feed/update/urn:li:groupPost:63192-7239355416055283712,push()
2024-09-10 15:35:35,https://www.linkedin.com/feed/update/urn:li:groupPost:63192-7239238067453149184,React ⚛️
2024-09-10 15:35:17,https://www.linkedin.com/feed/update/urn:li:groupPost:63192-7239249587234852864,b) Grid
2024-09-10 10:48:41,https://www.linkedin.com/feed/update/urn:li:ugcPost:7237458621393944576,Online courses
2024-09-10 10:43:12,https://www.linkedin.com/feed/update/urn:li:groupPost:63192-7239144349165359104,Continuous Learning
2024-09-10 10:40:04,https://www.linkedin.com/feed/update/urn:li:groupPost:63192-7239190360000729089,Web applications
2024-09-10 10:38:49,https://www.linkedin.com/feed/update/urn:li:groupPost:63192-7239157467706757121,USA🇺🇸
2024-09-10 10:35:38,https://www.linkedin.com/feed/update/urn:li:groupPost:63192-7239219482001371137,let
2024-09-10 00:49:02,https://www.linkedin.com/feed/update/urn:li:groupPost:63192-7238980940994146304,🌐 Web Browser
2024-09-10 00:46:02,https://www.linkedin.com/feed/update/urn:li:groupPost:63192-7239016911538122753,No- Not Really
2024-09-09 14:05:35,https://www.linkedin.com/feed/update/urn:li:groupPost:8491835-7238903662368976896,D. All of the above
2024-09-09 12:41:46,https://www.linkedin.com/feed/update/urn:li:groupPost:8491835-7238628627184033792,A. Exit loop or switch
2024-09-09 08:05:43,https://www.linkedin.com/feed/update/urn:li:groupPost:8491835-7238792444819947520,D. Override methods
2024-09-08 04:56:10,https://www.linkedin.com/feed/update/urn:li:groupPost:8491835-7238373568198107136,"true, true"
2024-09-08 04:53:45,https://www.linkedin.com/feed/update/urn:li:groupPost:8491835-7238276901465649152,My cat is cuter than your cat!
2024-09-08 04:52:31,https://www.linkedin.com/feed/update/urn:li:groupPost:8491835-7238375432897634305,true
2024-09-07 11:34:38,https://www.linkedin.com/feed/update/urn:li:groupPost:7037632-7237738569799237633,AI
2024-09-07 02:59:03,https://www.linkedin.com/feed/update/urn:li:groupPost:8491835-7237602258916433920,50%
2024-09-06 16:13:35,https://www.linkedin.com/feed/update/urn:li:ugcPost:7237674948419280896,<h1>
2024-09-04 17:55:50,https://www.linkedin.com/feed/update/urn:li:groupPost:7037632-7236398414253481984,Data Analysis
2024-09-04 17:55:11,https://www.linkedin.com/feed/update/urn:li:groupPost:8491835-7237095366553174020,Latest technology expertise
2024-09-03 12:17:04,https://www.linkedin.com/feed/update/urn:li:ugcPost:7232607521197154308,{a}
2024-09-03 12:15:10,https://www.linkedin.com/feed/update/urn:li:ugcPost:7233371108891095041,Remote
2024-09-03 12:15:03,https://www.linkedin.com/feed/update/urn:li:ugcPost:7234206820876075008,#
2024-09-03 12:14:58,https://www.linkedin.com/feed/update/urn:li:ugcPost:7234819111241834496,Nested
2024-09-03 12:14:51,https://www.linkedin.com/feed/update/urn:li:ugcPost:7235486620009840641,HTML
2024-09-03 12:14:43,https://www.linkedin.com/feed/update/urn:li:ugcPost:7236318210269061120,In the <head> section
2024-09-03 08:04:54,https://www.linkedin.com/feed/update/urn:li:groupPost:13720251-7236613861204766720,🔹750 hours🔹
2024-09-02 03:10:28,https://www.linkedin.com/feed/update/urn:li:groupPost:7037632-7236068356779319296,Too Much
2024-08-29 04:54:19,https://www.linkedin.com/feed/update/urn:li:groupPost:7037632-7234544513241743362,Reduced human error
2024-07-10 07:08:52,https://www.linkedin.com/feed/update/urn:li:groupPost:7037632-7216603605879906304,AI & Machine Learning
