Application Date,Contact Email,Contact Phone Number,Company Name,Job Title,Job Url,Resume Name,Question And Answers
"9/30/24, 11:14 AM",srivaishnavi0602@gmail.com, +916301637249,WaveHire,Web developer,http://www.linkedin.com/jobs/view/4036733296,My resume.pdf,"Description:Developed and deployed web applications using HTML, CSS, JavaScript, PHP, and SQL. Created responsive user interfaces and built a functional calculator and login page. Collaborated with a team using Git for version control and shared my work on LinkedIn. | Last name:Vaishnavi | Your title:Intern | Please submit a resume or LinkedIn profile:-940582673.pdf | Your title:Intern | Dates of employment:2024-09-01 -  | First name:Sri | Dates of employment:2024-05-01 - 2024-07-01 | Email address:srivaishnavi0602@gmail.com | Mobile phone number:+91 6301637249 | Company:Main Flow Services and Technologies | Company:Unified Mentor | Description:I am currently trying to work on small projects in the field of web development to improve my skills and to get myself ready to do industrial projects as well."
"10/13/24, 10:50 PM",srivaishnavi0602@gmail.com, +916301637249,Nucleus Technologies,Web Developer Intern,http://www.linkedin.com/jobs/view/4047613809,My resume.pdf,
"5/27/25, 12:14 AM",srivaishnavi0602@gmail.com, +916301637249,Talent500,Frontend Developer - React.js [T500-12891],http://www.linkedin.com/jobs/view/3982148079,1_ATSResume.pdf,Please submit a resume or LinkedIn profile:1600758601.pdf | Mobile phone number:+91 6301637249 | Email address:srivaishnavi0602@gmail.com
"9/23/24, 5:14 AM",srivaishnavi0602@gmail.com, +916301637249,Cyborgwave,Web Developer Intern,http://www.linkedin.com/jobs/view/4032008124,My resume.pdf,"Dates of employment:2024-05-01 - 2024-07-01 | State / Province:TG | First name:Sri | Please submit a resume or LinkedIn profile:-940582673.pdf | Your title:Intern | Your title:Intern | Company:Main Flow Services and Technologies | Mobile phone number:+91 6301637249 | Description:I am currently trying to work on small projects in the field of web development to improve my skills and to get myself ready to do industrial projects as well. | Company:Unified Mentor | Country:India | City:Hyderabad, Telangana, India | Description:Developed and deployed web applications using HTML, CSS, JavaScript, PHP, and SQL. Created responsive user interfaces and built a functional calculator and login page. Collaborated with a team using Git for version control and shared my work on LinkedIn. | Last name:Vaishnavi | Email address:srivaishnavi0602@gmail.com | Dates of employment:2024-09-01 - "
"10/18/24, 10:44 AM",srivaishnavi0602@gmail.com, +916301637249,Heart Digital,"Web Developer (full time, remote)",http://www.linkedin.com/jobs/view/4051277578,My resume.pdf,How many years of work experience do you have with WordPress?:0 | Mobile phone number:+91 6301637249 | Email address:srivaishnavi0602@gmail.com | How many years of work experience do you have with jQuery?:0 | How many years of work experience do you have with HTML?:1 | How many years of work experience do you have with Bootstrap (Framework)?:0 | What are your monthly salary expectations?:5000 | Please submit a resume or LinkedIn profile:-1145526432.pdf
"5/27/25, 12:15 AM",srivaishnavi0602@gmail.com, +916301637249,Jobringer ~ India’s Job Portal,Frontend Developer / Designer Intern,http://www.linkedin.com/jobs/view/4234610975,1_ATSResume.pdf,Please submit a resume or LinkedIn profile:1600758601.pdf | Email address:srivaishnavi0602@gmail.com | Mobile phone number:+91 6301637249
"10/30/24, 6:47 AM",srivaishnavi0602@gmail.com, +916301637249,Nazer Apps,Web Developer ( internship ),http://www.linkedin.com/jobs/view/4063199475,My resume.pdf,How many years of work experience do you have with Cascading Style Sheets (CSS)?:1 | Email address:srivaishnavi0602@gmail.com | How many years of work experience do you have with HTML?:1 | Please submit a resume or LinkedIn profile:-1145526432.pdf | How many years of work experience do you have with JavaScript?:0 | Mobile phone number:+91 6301637249
"10/7/24, 2:16 AM",srivaishnavi0602@gmail.com, +916301637249,Swarmauri,Frontend Developer,http://www.linkedin.com/jobs/view/4041553548,My resume.pdf,Email address:srivaishnavi0602@gmail.com | How many years of work experience do you have with Web Development?:0 | How many years of work experience do you have with TypeScript?:0 | Please submit a resume or LinkedIn profile:-684826673.pdf | Mobile phone number:+91 6301637249 | How many years of work experience do you have with React.js?:0 | We must fill this position urgently. Can you start immediately?:Yes
"10/11/24, 11:44 PM",srivaishnavi0602@gmail.com, +916301637249,YemPover Inc,"Web Developer (Individual only, Part time)",http://www.linkedin.com/jobs/view/4038504378,My resume.pdf,Please submit a resume or LinkedIn profile:-684826673.pdf | Have you completed the following level of education: Bachelor's Degree?:No | How many years of work experience do you have with Web Development?:0 | Mobile phone number:+91 6301637249 | Email address:srivaishnavi0602@gmail.com | How many years of work experience do you have with JavaScript?:0 | How many years of work experience do you have with Java related skillset?:0
"10/14/24, 7:48 AM",srivaishnavi0602@gmail.com, +916301637249,Samyak Tech Labs,Web Application Developer Intern,http://www.linkedin.com/jobs/view/4047648749,My resume.pdf,"Have you completed the following level of education: Bachelor's Degree?:No | Do you have at least one year of experience building scalable responsive web apps using any of the modern frameworks like ReactJs, NextJs, VueJs etc.?:No | We must fill this position urgently. Can you start immediately?:Yes | Email address:srivaishnavi0602@gmail.com | How many years of work experience do you have with JavaScript?:0 | Mobile phone number:+91 6301637249 | The remuneration for this internship is ₹10k-₹15k per month. Are you comfortable with this?:Yes | Please submit a resume or LinkedIn profile:-684826673.pdf"
"10/1/24, 7:24 AM",srivaishnavi0602@gmail.com, +916301637249,Kitt - Business Travel,Frontend Developer - Intern (Travel Tech Startup),http://www.linkedin.com/jobs/view/4037780807,My resume.pdf,
"9/25/24, 5:50 AM",srivaishnavi0602@gmail.com, +916301637249,Cyborgwave,Web Developer Intern,http://www.linkedin.com/jobs/view/4033277897,My resume.pdf,"Company:Unified Mentor | Your title:Intern | Dates of employment:2024-05-01 - 2024-07-01 | Please submit a resume or LinkedIn profile:-940582673.pdf | Last name:Vaishnavi | Description:I am currently trying to work on small projects in the field of web development to improve my skills and to get myself ready to do industrial projects as well. | Dates of employment:2024-09-01 -  | Mobile phone number:+91 6301637249 | Email address:srivaishnavi0602@gmail.com | Your title:Intern | Company:Main Flow Services and Technologies | First name:Sri | Description:Developed and deployed web applications using HTML, CSS, JavaScript, PHP, and SQL. Created responsive user interfaces and built a functional calculator and login page. Collaborated with a team using Git for version control and shared my work on LinkedIn."
"9/24/24, 10:14 AM",srivaishnavi0602@gmail.com, +916301637249,Dodo Payments,Content Intern,http://www.linkedin.com/jobs/view/4031845137,My resume.pdf,"Country:India | How can Dodo Payments improve its content strategy?:I am very happy to get this opportunity, i think it will be amazing if you give opportunity to college students also. | State / Province:TG | Major / Field of study:Computer Technology/Computer Systems Technology | City:Hyderabad, Telangana, India | Dates of employment:2024-05-01 - 2024-07-01 | Company:Unified Mentor | Your title:Intern | Your title:Intern | Major / Field of study:Artificial Intelligence and machine learning  | Degree:Bachelor of Technology - BTech | Please enter your current ctc in INR:0 | Please enter your notice period in days:45 | Company:Main Flow Services and Technologies | Description:Developed and deployed web applications using HTML, CSS, JavaScript, PHP, and SQL. Created responsive user interfaces and built a functional calculator and login page. Collaborated with a team using Git for version control and shared my work on LinkedIn. | Dates attended:2023-01-null -  | Last name:Vaishnavi | Please submit a resume or LinkedIn profile:-940582673.pdf | School:Malla Reddy Engineering college for women | Dates of employment:2024-09-01 -  | Degree:Artificial Intelligence and machine learning | Description:I am currently trying to work on small projects in the field of web development to improve my skills and to get myself ready to do industrial projects as well. | School:Malla Reddy engineering college for women  | First name:Sri | Dates attended:2023-01-01 -  | Please enter your expected ctc in INR:10000 | Please enter your online portfolio URL:no | Mobile phone number:+91 6301637249 | Email address:srivaishnavi0602@gmail.com"
"10/2/24, 7:21 AM",srivaishnavi0602@gmail.com, +916301637249,Nucleus Technologies,Web Developer Intern ,http://www.linkedin.com/jobs/view/4038383746,My resume.pdf,
"11/19/24, 6:43 PM",srivaishnavi0602@gmail.com, +916301637249,Blocktrack Protocol,Front End Developer Intern,http://www.linkedin.com/jobs/view/4077672784,MyResume.pdf,
"10/8/24, 1:53 AM",srivaishnavi0602@gmail.com, +916301637249,"Premier Federal, Inc.",Experienced Odoo e-Commerce Website Developer,http://www.linkedin.com/jobs/view/4045480884,My resume.pdf,How many years of work experience do you have with Python (Programming Language)?:1 | Please submit a resume or LinkedIn profile:-684826673.pdf | Email address:srivaishnavi0602@gmail.com | How many years of work experience do you have with XML?:0 | Mobile phone number:+91 6301637249
"10/28/24, 6:53 AM",srivaishnavi0602@gmail.com, +916301637249,JBG Ventures,Web Development Intern,http://www.linkedin.com/jobs/view/4061088758,My resume.pdf,How many years of work experience do you have with JavaScript?:0 | Mention your age(in years).:18 | How many years of work experience do you have with HTML?:1 | How many years of work experience do you have with Cascading Style Sheets (CSS)?:1 | Please submit a resume or LinkedIn profile:-1145526432.pdf | Mobile phone number:+91 6301637249 | Are you comfortable working as an Unpaid Intern for a minimum duration of 2 months? After which a stipend of 15k or more will be given based on performance.:Yes | Email address:srivaishnavi0602@gmail.com | Are you fluent in English/Hindi?:Yes
"9/23/24, 6:29 AM",srivaishnavi0602@gmail.com, +916301637249,The Draft,[Internship] JavaScript Developer Intern,http://www.linkedin.com/jobs/view/4030646741,My resume.pdf,"Description:I am currently trying to work on small projects in the field of web development to improve my skills and to get myself ready to do industrial projects as well. | Please enter your current ctc in INR:0 | Company:Unified Mentor | Mobile phone number:+91 6301637249 | Dates of employment:2024-05-01 - 2024-07-01 | Company:Main Flow Services and Technologies | Dates of employment:2024-09-01 -  | Are you currently pursuing a college degree?:Yes | Please enter your expected ctc in INR:5000 | Your title:Intern | Please submit a resume or LinkedIn profile:-940582673.pdf | First name:Sri | Email address:srivaishnavi0602@gmail.com | Last name:Vaishnavi | Description:Developed and deployed web applications using HTML, CSS, JavaScript, PHP, and SQL. Created responsive user interfaces and built a functional calculator and login page. Collaborated with a team using Git for version control and shared my work on LinkedIn. | Your title:Intern"
"10/7/24, 9:55 AM",srivaishnavi0602@gmail.com, +916301637249,Repello AI,Content Writing Intern,http://www.linkedin.com/jobs/view/4025551270,My resume.pdf,"Description:I am currently trying to work on small projects in the field of web development to improve my skills and to get myself ready to do industrial projects as well. | Mobile phone number:+91 6301637249 | Last name:Vaishnavi | Email address:srivaishnavi0602@gmail.com | Company:Main Flow Services and Technologies | First name:Sri | Description:Developed and deployed web applications using HTML, CSS, JavaScript, PHP, and SQL. Created responsive user interfaces and built a functional calculator and login page. Collaborated with a team using Git for version control and shared my work on LinkedIn. | Dates of employment:2024-09-01 -  | Your title:Intern | Please enter your expected ctc in INR:20000 | Your title:Intern | Dates of employment:2024-05-01 - 2024-07-01 | Please submit a resume or LinkedIn profile:-684826673.pdf | Please enter your current ctc in INR:000 | Company:Unified Mentor"
"10/7/24, 9:51 AM",srivaishnavi0602@gmail.com, +916301637249,Diversity Global Magazine,Web Developer,http://www.linkedin.com/jobs/view/4044194132,My resume.pdf,Mobile phone number:+91 6301637249 | How many years of work experience do you have with JavaScript?:0 | What is your level of proficiency in English?:Professional | Email address:srivaishnavi0602@gmail.com | Please submit a resume or LinkedIn profile:-684826673.pdf | Have you completed the following level of education: Bachelor's Degree?:No
"10/7/24, 9:53 AM",srivaishnavi0602@gmail.com, +916301637249,Nazer Apps,Web Development Intern,http://www.linkedin.com/jobs/view/4044592137,My resume.pdf,Mobile phone number:+91 6301637249 | How many years of work experience do you have with JavaScript?:0 | How many years of work experience do you have with React.js?:0 | Email address:srivaishnavi0602@gmail.com | Please submit a resume or LinkedIn profile:-684826673.pdf | How many years of work experience do you have with HTML?:1
"10/11/24, 8:36 PM",srivaishnavi0602@gmail.com, +916301637249,Doutya News Platform,Internship - Web Development,http://www.linkedin.com/jobs/view/3915234831,My resume.pdf,What is your level of proficiency in English?:Professional | Mobile phone number:+91 6301637249 | Are you comfortable working in a remote setting?:Yes | Email address:srivaishnavi0602@gmail.com | Please submit a resume or LinkedIn profile:-684826673.pdf
"10/1/24, 7:23 AM",srivaishnavi0602@gmail.com, +916301637249,Finding Candidate,Web developer,http://www.linkedin.com/jobs/view/4036732372,My resume.pdf,"Last name:Vaishnavi | Company:Main Flow Services and Technologies | Description:I am currently trying to work on small projects in the field of web development to improve my skills and to get myself ready to do industrial projects as well. | Mobile phone number:+91 6301637249 | Company:Unified Mentor | Dates of employment:2024-05-01 - 2024-07-01 | Email address:srivaishnavi0602@gmail.com | First name:Sri | Your title:Intern | Dates of employment:2024-09-01 -  | Description:Developed and deployed web applications using HTML, CSS, JavaScript, PHP, and SQL. Created responsive user interfaces and built a functional calculator and login page. Collaborated with a team using Git for version control and shared my work on LinkedIn. | Your title:Intern | Please submit a resume or LinkedIn profile:-940582673.pdf"
"1/5/25, 10:56 AM",srivaishnavi0602@gmail.com, +916301637249,Neusort,Frontend Development Intern,http://www.linkedin.com/jobs/view/4114901429,MyResume.pdf,"Your title:Open Source Contributor | Please enter your current ctc in INR:0 | Last name:Vaishnavi | Company:GeeksforGeeks | Dates of employment:2024-12-01 -  | Company:Social Winter of Code (SWOC) | Email address:srivaishnavi0602@gmail.com | Your title:Campus Ambassador | Please enter your expected ctc in INR:10000 | First name:Sri | Your title:Open Source Contributor | Company:GirlScript Summer of Code | Please select your total years of professional experience::0 year | Mobile phone number:+91 6301637249 | Dates of employment:2024-09-01 - 2024-11-01 | Location (city):urn:li:geo:105556991 | Dates of employment:2024-12-01 -  | Description:Enhanced a quiz project's dark mode UI, focusing on color contrast for better readability and accessibility. Proposed and initiated an interactive map feature for exploring Krishna Temples across India. Learned open-source contribution processes, including issue tracking and making pull requests. | Please select your total additional months of experience::0 month | Please submit a resume or LinkedIn profile:-54521959.pdf"
"9/20/24, 4:48 AM",srivaishnavi0602@gmail.com, +916301637249,Filemakr,2025-2026-2027 Batch Web Developer Interns,http://www.linkedin.com/jobs/view/4028680254,My resume.pdf,Please submit a resume or LinkedIn profile:-940582673.pdf | Are you currently enrolled in a degree program and expected to graduate in 2025 or 2026?:No | Email address:srivaishnavi0602@gmail.com | Mobile phone number:+91 6301637249
