Saved Date,Job Url,Job Title,Company Name
"8/30/24, 2:25 PM",http://www.linkedin.com/jobs/view/4011921426,Frontend Developer (All Levels),Outscal Game Jobs
"8/30/24, 10:37 PM",http://www.linkedin.com/jobs/view/4012314548,Frontend Developer Intern,Unified Mentor
"9/10/24, 4:41 PM",http://www.linkedin.com/jobs/view/4003909345,Software Developer -Freshers,CryptoXpress
"9/23/24, 6:22 AM",http://www.linkedin.com/jobs/view/4002822733,No-Code development intern,Zifcare
"9/12/24, 10:30 AM",http://www.linkedin.com/jobs/view/3962611532,Frontend Development Intern,ReBid
"9/13/24, 7:19 AM",http://www.linkedin.com/jobs/view/4016134304,Frontend Developer,Soul AI
"8/30/24, 10:30 PM",http://www.linkedin.com/jobs/view/4013707674,Frontend Developer Trainee,Internkaksha IT Solutions
